pl_name,hostname,pl_orbper,pl_orbsmax,pl_orbeccen,pl_bmassj,pl_radj,pl_dens,pl_eqt,pl_insol,st_teff,st_mass,st_rad,st_lum,st_met,st_spectype,discoverymethod,disc_year,pl_orbincl,planet_type
HD 260655 c,HD 260655,5.70588,0.04749,0.038,0.00972223,0.13676533,4.7,557.0,16.1,3803.0,0.439,0.439,-1.43997,-0.43,M0 V,Transit,2022.0,87.79,EarthLike
TOI-521 b,TOI-521,1.54285047,0.0195,0.0,0.01667566,0.17664407,3.8,794.0,66.0,3544.0,0.42,0.421,-1.5986,-0.12,M3,Transit,2025.0,88.6,SuperEarth
KELT-9 b,KELT-9,1.4811235,0.03462,0.0,2.88,1.891,0.53,4050.0,44900.0,10170.0,2.52,2.362,1.72428,-0.03,B9.5-A0,Transit,2017.0,86.79,HotJupiter
K2-38 b,K2-38,4.01593,0.04994,0.197,0.02296837,0.13738983,11.0,1266.0,426.0,5731.0,1.03,1.06,0.03743,0.26,G2 V,Transit,2016.0,88.36,DesertWorld
K2-38 c,K2-38,10.56103,0.09514,0.161,0.02611472,0.20430047,3.8,916.0,117.0,5731.0,1.03,1.06,0.03743,0.26,G2 V,Transit,2016.0,87.68,DesertWorld
HD 332231 b,HD 332231,18.71204,0.1436,0.032,0.244,0.867,0.464,876.0,98.09,6089.0,1.127,1.277,0.30535,0.036,F8,Transit,2020.0,89.68,GasGiant
LTT 3780 b,LTT 3780,0.768377,0.01203,0.064,0.00736246,0.12043914,5.24,1000.0,116.0,3360.0,0.379,0.382,-1.77728,0.09,M3.5 V,Transit,2020.0,85.9,DesertWorld
KELT-18 b,KELT-18,2.8717518,0.0455,0.0,1.18,1.57,0.377,2085.0,3152.0,6670.0,1.524,1.908,0.81291,0.09,F4 V,Transit,2017.0,88.86,HotJupiter
LTT 3780 c,LTT 3780,12.252131,0.0762,0.115,0.01979055,0.21589831,2.45,397.0,2.88,3360.0,0.379,0.382,-1.77728,0.09,M3.5 V,Transit,2020.0,89.08,SuperEarth
TOI-1238 c,TOI-1238,3.294736,0.037,0.15,0.02617765,0.18824192,4.9,695.0,63.0,4089.0,0.59,0.58,-1.08249,0.31,K7/M0,Transit,2022.0,88.38,SuperEarth
TOI-1238 b,TOI-1238,0.764597,0.0139,0.25,0.01183028,0.10794916,11.7,1133.0,442.0,4089.0,0.59,0.58,-1.08249,0.31,K7/M0,Transit,2022.0,86.51,DesertWorld
TOI-406 c,TOI-406,3.307441,0.0322,0.032,0.00654441,0.11776272,4.9,584.0,19.0,3392.0,0.408,0.41,-1.71444,-0.02,M3,Transit,2024.0,87.6,EarthLike
TOI-406.01,TOI-406,13.175682,0.0809,0.056,0.02067153,0.18556549,4.1,368.0,3.0,3392.0,0.408,0.41,-1.71444,-0.02,M3,Transit,2024.0,89.4,SuperEarth
LHS 1140 b,LHS 1140,24.73712,0.0875,0.29,0.02092314,0.12757605,12.5,230.0,0.46,3131.0,0.146,0.186,-2.52564,-0.24,M4.5 V,Transit,2017.0,89.912,EarthLike
Qatar-5 b,Qatar-5,2.8792319,0.04127,0.0,4.32,1.107,3.95,1415.0,669.0,5747.0,1.128,1.076,0.05614,0.377,G2 V,Transit,2017.0,88.74,HotJupiter
Qatar-4 b,Qatar-4,1.8053564,0.02803,0.0,6.1,1.135,5.1,1385.0,614.0,5215.0,0.896,0.849,-0.31785,0.103,K1 V,Transit,2017.0,87.5,HotJupiter
TOI-4201 b,TOI-4201,3.5819194,0.04,0.041,2.48,1.22,1.82,725.0,45.2,3794.0,0.61,0.63,-1.11919,0.52,M1.0+/-0.5,Transit,2023.0,88.0,GasGiant
Kepler-278 b,Kepler-278,30.1556,0.202,0.696,0.1761957,0.35284207,5.0,586.0,110.0,4965.0,1.227,2.861,0.64933,0.22,K2 III-IV,Transit,2014.0,85.11,GasGiant
Qatar-3 b,Qatar-3,2.5079204,0.03783,0.0,4.31,1.096,4.0,1681.0,1330.0,6007.0,1.145,1.272,0.27875,-0.041,G0 V,Transit,2017.0,86.8,HotJupiter
GJ 1214 b,GJ 1214,1.58040433,0.0149,0.063,0.02570569,0.24462528,2.2,596.0,21.0,3250.0,0.178,0.215,-2.33724,0.29,M4 V,Transit,2009.0,88.7,MiniNeptune
TOI-1728 b,TOI-1728,3.49151,0.0391,0.057,0.08425888,0.45053082,1.14,767.0,57.78,3980.0,0.646,0.6243,-1.05552,0.25,M0,Transit,2020.0,88.31,MiniNeptune
TOI-2969 b,TOI-2969,1.8237146,0.0261,0.0,1.16,1.1,1.1,1186.0,382.0,4738.0,0.71,0.7,-0.58503,0.08,K3 V,Transit,2025.0,84.9,HotJupiter
Kepler-391 b,Kepler-391,7.4175,0.083,0.46,3.46098705,0.22303545,380.0,930.0,690.0,5038.0,1.27,2.879,0.66276,0.04,K2 III-IV,Transit,2014.0,85.5,GasGiant
TOI-1201 b,TOI-1201,2.4919863,0.0287,0.0,0.01975909,0.21545224,2.45,703.0,40.6,3476.0,0.512,0.508,-1.46852,0.05,M2.0 V,Transit,2021.0,88.11,SuperEarth
K2-140 b,K2-140,6.5693,0.0591,0.12,1.019,1.095,0.963,1114.0,188.5,5654.0,1.005,0.987,-0.04915,0.12,G5,Transit,2017.0,88.51,HotJupiter
TOI-2641 b,TOI-2641,4.880974,0.0607,0.18,0.386,1.615,0.092,1387.0,602.0,6100.0,1.16,1.336,0.34044,-0.15,F9 V,Transit,2023.0,83.75,HotJupiter
TOI-4666 b,TOI-4666,2.9089168,0.0333,0.0,0.7,1.11,0.64,713.0,54.0,3512.0,0.58,0.59,-1.22185,0.19,M2.5 V,Transit,2025.0,89.6,GasGiant
HATS-17 b,HATS-17,16.254611,0.1308,0.029,1.338,0.777,3.5,814.0,72.7,5846.0,1.131,1.091,0.09342,0.3,G V,Transit,2016.0,89.08,GasGiant
TOI-4603 b,TOI-4603,7.24599,0.0888,0.325,12.89,1.042,14.1,1677.0,1192.0,6264.0,1.765,2.738,1.01703,0.342,F,Transit,2023.0,80.21,HotJupiter
Kepler-391 c,Kepler-391,20.501,0.164,0.27,1.41585834,0.25693683,400.0,662.0,179.0,5038.0,1.27,2.879,0.66276,0.04,K2 III-IV,Transit,2014.0,87.27,GasGiant
TOI-238 c,TOI-238,8.465651,0.0749,0.36,0.02108056,0.19448691,1.83,696.0,58.3,5059.0,0.79,0.733,-0.47083,-0.114,K2V,Radial Velocity,2024.0,87.938,SuperEarth
HD 207897 b,HD 207897,16.202159,0.1163,0.047,0.04530747,0.22312466,5.05,632.2,26.5,5070.0,0.8,0.779,-0.4437,-0.042,K0 V,Transit,2021.0,88.757,MiniNeptune
TOI-622 b,TOI-622,6.402513,0.0708,0.42,0.303,0.824,0.507,1388.0,602.0,6400.0,1.313,1.415,0.47407,0.09,F6 V,Transit,2023.0,86.62,HotJupiter
TOI-615 b,TOI-615,4.6615983,0.0678,0.39,0.435,1.693,0.084,1666.0,1286.0,6850.0,1.449,1.732,0.7679,-0.1,F2 V,Transit,2023.0,86.73,HotJupiter
TOI-1117 b,TOI-1117,2.22816,0.033,0.0,0.02800253,0.21946688,3.3,1538.0,928.0,5635.0,0.97,1.05,-0.4437,0.136,G5 V,Transit,2025.0,88.2,DesertWorld
TOI-125 b,TOI-125,4.65382,0.05186,0.194,0.02989019,0.24319743,2.57,1037.0,185.0,5320.0,0.859,0.848,-0.28483,-0.02,K0 V,Transit,2019.0,88.92,MiniNeptune
TOI-125 c,TOI-125,9.15059,0.0814,0.066,0.02086021,0.24614149,1.73,827.8,77.59,5320.0,0.859,0.848,-0.28483,-0.02,K0 V,Transit,2019.0,88.54,MiniNeptune
Ross 176 b,Ross 176,5.0066338,0.0464,0.25,0.01437883,0.16415409,4.03,682.0,36.2,4041.0,0.577,0.569,-1.10891,-0.19,K7 V,Transit,2025.0,89.42,SuperEarth
TOI-4438 b,TOI-4438,7.44628,0.0534,0.14,0.0169903,0.22481973,1.85,435.0,6.0,3422.0,0.368,0.372,-1.76802,-0.19,M3.5 V,Transit,2024.0,89.34,MiniNeptune
GJ 3090 b,GJ 3090,2.85310198,0.0316,0.25,0.01422151,0.19448691,2.4,723.0,45.4,3707.0,0.519,0.516,-1.34199,0.12,M2 V,Transit,2022.0,86.9,SuperEarth
TOI-1431 b,TOI-1431,2.650237,0.046,0.0022,3.12,1.49,1.17,2370.0,5300.0,7690.0,1.9,1.92,1.06819,0.09,Am C,Transit,2021.0,80.13,HotJupiter
TOI-181 b,TOI-181,4.532,0.0539,0.1543,0.1452,0.6339,0.7562,895.1,102.43,4994.0,0.822,0.745,-0.52578,0.272,K,Transit,2023.0,88.28,GasGiant
TOI-125 d,TOI-125,19.98,0.137,0.168,0.04279017,0.26139709,2.98,638.1,26.7,5320.0,0.859,0.848,-0.28483,-0.02,K0 V,Transit,2020.0,88.795,MiniNeptune
TOI-4342 c,TOI-4342,10.688662,0.0804,0.0,0.01510249,0.2095641,2.01,514.0,11.6,3866.0,0.587,0.598,-1.12494,0.26,M0 V,Transit,2023.0,89.61,SuperEarth
TOI-4342 b,TOI-4342,5.5382592,0.0519,0.0,0.02296837,0.20777982,3.18,639.0,27.8,3866.0,0.587,0.598,-1.12494,0.26,M0 V,Transit,2023.0,88.83,SuperEarth
TOI-4336 A b,TOI-4336 A,16.336351,0.0849,0.0,0.01047735,0.1906507,1.87,309.4,1.53,3307.0,0.306,0.326,-1.95861,0.14,M3.5 V,Transit,2024.0,89.492,SuperEarth
GPX-1 b,GPX-1,1.744579,0.0338,0.0,19.7,1.47,8.222423,2300.0,4650.0,7000.0,1.68,1.56,0.72673,0.35,F2,Transit,2021.0,79.9,HotJupiter
TOI-1634 b,TOI-1634,0.989343,0.01545,0.16,0.01544859,0.15969338,4.7,924.0,121.0,3550.0,0.502,0.45,-1.5391,0.23,M2,Transit,2021.0,88.2,DesertWorld
TOI-1260 c,TOI-1260,7.49325,0.0656,0.0,0.03712695,0.25158398,2.87,643.0,28.4,4227.0,0.66,0.65,-0.85699,-0.1,K6 V,Transit,2021.0,88.12,MiniNeptune
TOI-4127 b,TOI-4127,56.39879,0.3081,0.7471,2.3,1.096,2.17,605.1,22.3,6096.0,1.23,1.293,0.31639,0.14,F V,Transit,2023.0,89.3,GasGiant
HD 95338 b,HD 95338,55.087,0.262,0.197,0.1335305,0.34704256,3.98,385.0,7.42,5212.0,0.83,0.87,-0.3098,0.04,K0.5 V,Radial Velocity,2020.0,89.57,MiniNeptune
WASP-193 b,WASP-193,6.2463345,0.0676,0.056,0.139,1.464,0.059,1254.0,413.0,6078.0,1.059,1.239,0.27416,-0.06,F9,Transit,2023.0,88.49,HotJupiter
TOI-4336 A c,TOI-4336 A,7.587266,0.05092,0.0,0.00487685,0.11160694,4.35,399.5,4.24,3307.0,0.306,0.326,-1.95861,0.14,M3.5 V,Transit,2026.0,89.64,EarthLike
TOI-1386 b,TOI-1386,25.83839,0.1732,0.061,0.148,0.54,1.16,676.4,34.68,5793.0,1.038,1.015,0.01662,0.164,G5V,Transit,2024.0,89.69,GasGiant
HATS-36 b,HATS-36,4.1752387,0.05425,0.105,3.216,1.235,2.12,1356.0,561.0,6149.0,1.222,1.155,0.21484,0.28,G0 V,Transit,2018.0,87.61,HotJupiter
GJ 486 b,GJ 486,1.4671205,0.01713,0.0,0.00943906,0.11981464,6.79,706.0,41.3,3291.0,0.333,0.339,-1.9165,-0.15,M3.5 V,Radial Velocity,2021.0,88.9,EarthLike
HATS-18 b,HATS-18,0.8378434,0.01761,0.166,1.98,1.337,1.02,2060.0,2990.0,5600.0,1.037,1.02,-0.03152,0.28,G V,Transit,2016.0,85.5,HotJupiter
TOI-3785 b,TOI-3785,4.6747373,0.043,0.11,0.04703796,0.45856088,0.61,582.0,19.1,3576.0,0.52,0.5,-1.43533,0.099,M2 V,Transit,2023.0,88.1,MiniNeptune
HAT-P-68 b,HAT-P-68,2.29840551,0.02996,0.041,0.724,1.072,0.727,1027.8,184.8,4508.0,0.6785,0.6701,-0.77911,-0.059,K,Transit,2020.0,88.73,HotJupiter
TOI-776 b,TOI-776,8.24661,0.0652,0.06,0.01258534,0.16504595,3.4,514.0,11.5,3709.0,0.544,0.538,-1.3098,-0.2,M1 V,Transit,2020.0,89.65,SuperEarth
TOI-776 c,TOI-776,15.6653,0.1,0.04,0.01667558,0.18021233,3.5,415.0,4.9,3709.0,0.544,0.538,-1.3098,-0.2,M1 V,Transit,2020.0,89.51,SuperEarth
TOI-3757 b,TOI-3757,3.438753,0.03845,0.14,0.26838381,1.07057014,0.27,759.0,55.4,3913.0,0.64,0.62,-1.06048,0.0,M0 V,Transit,2022.0,86.76,GasGiant
K2-3 b,K2-3,10.0546535,0.0747,0.107,0.01607786,0.18538706,3.11,501.3,10.5,3844.0,0.549,0.546,-1.23136,-0.157,M V,Transit,2015.0,89.4,SuperEarth
TOI-561 b,TOI-561,0.4465688,0.0106,0.0,0.0062927,0.1271302,3.8,2310.0,4745.0,5372.0,0.806,0.843,-0.27327,-0.4,G9 V,Transit,2020.0,87.2,LavaWorld
TOI-561 c,TOI-561,10.778831,0.0884,0.03,0.01695884,0.25961326,1.2,800.0,68.2,5372.0,0.806,0.843,-0.27327,-0.4,G9 V,Transit,2020.0,89.69,MiniNeptune
TOI-561 d,TOI-561,25.7124,0.158,0.122,0.04153184,0.25158398,3.2,598.0,21.4,5372.0,0.806,0.843,-0.27327,-0.4,G9 V,Transit,2020.0,89.4,MiniNeptune
TOI-561 e,TOI-561,77.03,0.328,0.079,0.03964403,0.22749615,4.2,415.0,4.96,5372.0,0.806,0.843,-0.27327,-0.4,G9 V,Transit,2020.0,89.8,MiniNeptune
WASP-132 b,WASP-132,7.1335164,0.0674,0.0163,0.428,0.901,0.73,682.0,58.5,4686.0,0.789,0.758,-0.57512,0.15,K4 V,Transit,2016.0,89.46,GasGiant
TOI-283 b,TOI-283,17.61745,0.123,0.0,0.02057714,0.20876118,2.81,661.0,30.4,5213.0,0.8,0.85,-0.33724,-0.09,K,Transit,2025.0,89.12,SuperEarth
TOI-1438 b,TOI-1438,5.13967,0.0553,0.0,0.02957571,0.2712111,1.8,971.0,145.0,5230.0,0.876,0.82,-0.34679,0.03,K0 V,Transit,2025.0,86.21,MiniNeptune
TOI-1438 c,TOI-1438,9.428089,0.083,0.0,0.03335133,0.24533899,2.9,794.0,65.0,5230.0,0.876,0.82,-0.34679,0.03,K0 V,Transit,2025.0,87.61,MiniNeptune
TOI-1452 b,TOI-1452,11.06201,0.061,0.0,0.01516542,0.14916611,5.6,326.0,1.8,3185.0,0.249,0.275,-2.1549,-0.07,M4 +/- 0.5 V,Transit,2022.0,89.77,EarthLike
HD 260655 b,HD 260655,2.76953,0.02933,0.039,0.00673319,0.11062558,6.2,709.0,42.2,3803.0,0.439,0.439,-1.43997,-0.43,M0 V,Transit,2022.0,87.35,EarthLike
TOI-1266 c,TOI-1266,18.801611,0.1047,0.34,0.00906149,0.1900262,1.6,354.0,2.7,3618.0,0.431,0.436,-1.5376,-0.195,M3 V,Transit,2020.0,89.15,SuperEarth
TOI-2989 b,TOI-2989,3.122832,0.0384,0.0,3.0,1.12,2.7,1001.0,124.0,4672.0,0.77,0.76,-0.73755,-0.04,K4 V,Transit,2025.0,88.1,HotJupiter
HD 191939 b,HD 191939,8.8803256,0.0804,0.031,0.03146352,0.30422035,1.4,880.0,100.0,5348.0,0.81,0.94,-0.18709,-0.15,G9 V,Transit,2020.0,88.1,MiniNeptune
TOI-238 b,TOI-238,1.2730991,0.02118,0.18,0.0106976,0.12507828,6.8,1311.0,728.0,5059.0,0.79,0.733,-0.47083,-0.114,K2V,Transit,2024.0,84.6,DesertWorld
TOI-1260 b,TOI-1260,3.12748,0.0366,0.0,0.02705863,0.20876118,3.69,860.0,91.0,4227.0,0.66,0.65,-0.85699,-0.1,K6 V,Transit,2021.0,88.8,DesertWorld
TOI-1685 b,TOI-1685,0.66913924,0.01138,0.0,0.00953345,0.13096641,5.3,1062.0,236.0,3575.0,0.454,0.4555,-1.51542,0.3,M2.65 V,Transit,2021.0,87.17,DesertWorld
HD 191939 c,HD 191939,28.579743,0.1752,0.034,0.02517081,0.2850393,1.35,600.0,21.0,5348.0,0.81,0.94,-0.18709,-0.15,G9 V,Transit,2020.0,89.1,MiniNeptune
TOI-674 b,TOI-674,1.977143,0.025,0.0,0.0742539,0.46837443,0.91,635.0,38.4,3514.0,0.42,0.42,-1.61439,0.17,M2 V,Transit,2021.0,87.21,MiniNeptune
HD 191939 d,HD 191939,38.353037,0.2132,0.031,0.00880979,0.26719646,0.57,540.0,14.3,5348.0,0.81,0.94,-0.18709,-0.15,G9 V,Transit,2020.0,89.49,MiniNeptune
Kepler-278 c,Kepler-278,51.111,0.287,0.616,0.10980768,0.29155193,5.5,492.0,54.3,4965.0,1.227,2.861,0.64933,0.22,K2 III-IV,Transit,2014.0,88.58,MiniNeptune
HIP 65 A b,HIP 65 A,0.9809734,0.01782,0.0,3.213,2.03,0.48,1411.0,661.0,4590.0,0.781,0.7242,-0.67799,0.18,K4 V,Transit,2020.0,77.18,HotJupiter
TOI-157 b,TOI-157,2.0845435,0.03138,0.0,1.18,1.286,0.686,1588.0,1062.0,5404.0,0.948,1.167,0.01995,0.24,G9 IV,Transit,2020.0,82.01,HotJupiter
TOI-1266 b,TOI-1266,10.894841,0.0728,0.22,0.01330907,0.23374115,1.3,425.0,5.5,3618.0,0.431,0.436,-1.5376,-0.195,M3 V,Transit,2020.0,89.13,MiniNeptune
TOI-169 b,TOI-169,2.2554477,0.03524,0.0,0.791,1.086,0.76,1715.0,1443.0,5880.0,1.147,1.288,0.25261,0.24,G1 V,Transit,2020.0,80.98,HotJupiter
TOI-1470 b,TOI-1470,2.527093,0.0285,0.3,0.0230313,0.19448691,3.86,734.0,46.3,3709.0,0.471,0.469,-1.42481,0.0,M1.5 V,Transit,2023.0,87.42,SuperEarth
TOI-1470 c,TOI-1470,18.08816,0.106,0.5,0.02277959,0.22035902,2.66,373.0,3.35,3709.0,0.471,0.469,-1.42481,0.0,M1.5 V,Transit,2023.0,89.47,SuperEarth
TOI-1231 b,TOI-1231,24.245586,0.1288,0.087,0.04845382,0.32563175,1.74,329.6,1.93,3553.0,0.485,0.476,-1.48678,0.041,M3 V,Transit,2021.0,89.73,MiniNeptune
K2-3 c,K2-3,24.646729,0.1357,0.048,0.00843222,0.14113683,3.7,371.8,3.17,3844.0,0.549,0.546,-1.23136,-0.157,M V,Transit,2015.0,89.84,EarthLike
TOI-3261 b,TOI-3261,0.8831331,0.01714,0.0,0.09533446,0.34079816,3.0,1722.0,1466.0,5068.0,0.861,0.849,-0.36653,0.138,K1.5+/-1,Transit,2024.0,87.8,MiniNeptune
TOI-3288 b,TOI-3288,1.4338635,0.0215,0.0,2.11,1.0,2.6,1059.0,239.0,3933.0,0.64,0.67,-0.95861,0.27,K9 V,Transit,2025.0,89.1,HotJupiter
HD 5278 b,HD 5278,14.339156,0.1202,0.08,0.02454154,0.21857474,2.9,943.0,132.0,6203.0,1.126,1.194,0.28035,-0.12,F V,Transit,2021.0,89.27,DesertWorld
TOI-3884 b,TOI-3884,4.5445697,0.0354,0.32,0.05191481,0.53528507,0.424,463.0,7.42,3269.0,0.2813,0.3043,-2.03152,0.23,M4,Transit,2022.0,90.1,MiniNeptune
K2-24 c,K2-24,42.3633,0.247,0.0,0.08495107,0.69765367,0.31,606.0,24.0,5743.0,1.12,1.21,0.15836,0.42,G3,Transit,2016.0,89.76,GasGiant
TOI-132 b,TOI-132,2.1097019,0.026,0.059,0.07047793,0.30511196,3.08,1395.0,860.0,5397.0,0.97,0.9,-0.22185,0.16,G8 V,Transit,2020.0,85.03,MiniNeptune
K2-24 b,K2-24,20.8851,0.154,0.0,0.06607306,0.50673566,0.63,767.0,60.0,5743.0,1.12,1.21,0.15836,0.42,G3,Transit,2016.0,89.25,MiniNeptune
L 98-59 c,L 98-59,3.6906764,0.0309,0.002,0.0062927,0.11856564,4.7,526.0,12.7,3415.0,0.2923,0.3155,-1.91364,-0.46,M3 V,Transit,2019.0,88.88,EarthLike
HD 23472 c,HD 23472,29.79749,0.1646,0.063,0.01072906,0.16683051,3.1,467.0,7.96,4684.0,0.67,0.71,-0.62525,-0.2,K4 V,Transit,2019.0,89.095,SuperEarth
TOI-7149 b,TOI-7149,2.65206166,0.02603,0.078,0.705,1.18,0.53,593.0,20.6,3363.0,0.344,0.351,-1.91542,-0.08,M4 V,Transit,2025.0,89.25,GasGiant
TOI-2196 b,TOI-2196,1.1947268,0.02234,0.0,0.08180515,0.31314176,3.31,1860.0,2000.0,5634.0,1.032,1.043,-0.00436,0.14,G V,Transit,2022.0,81.11,MiniNeptune
TOI-2180 b,TOI-2180,260.79,0.828,0.3683,2.755,1.01,3.32,348.0,2.71,5695.0,1.111,1.636,0.40552,0.253,G5,Transit,2022.0,89.955,GasGiant
TOI-5542 b,TOI-5542,75.12375,0.332,0.018,1.32,1.009,1.6,441.0,9.6,5700.0,0.89,1.058,1.057,-0.21,G3 V,Transit,2022.0,89.643,GasGiant
L 98-59 b,L 98-59,2.253114,0.0223,0.031,0.00144732,0.07467227,4.3,620.0,24.5,3415.0,0.2923,0.3155,-1.91364,-0.46,M3 V,Transit,2019.0,88.08,EarthLike
L 98-59 d,L 98-59,7.4507245,0.0486,0.074,0.00610392,0.13569476,2.95,416.0,5.01,3415.0,0.273,0.303,-1.94769,-0.46,M3 V,Transit,2019.0,88.449,EarthLike
HD 23472 d,HD 23472,3.97664,0.04298,0.07,0.00173049,0.06691063,7.5,909.0,117.0,4684.0,0.67,0.71,-0.62525,-0.2,K4 V,Transit,2022.0,87.95,DesertWorld
Kepler-1654 b,Kepler-1654,1047.8356,2.026,0.26,0.5,0.819,1.2,206.0,0.3,5597.0,1.011,1.179,0.08991,-0.088,G5 V,Transit,2018.0,89.982,GasGiant
TIC 139270665 b,TIC 139270665,23.624,0.163,0.105,0.463,0.645,2.13,703.0,40.3,5844.0,1.035,1.016,0.03222,0.156,G2,Transit,2024.0,89.76,GasGiant
KELT-4 A b,KELT-4 A,2.9895932,0.04317,0.0,0.902,1.699,0.228,1823.0,1840.0,6206.0,1.201,1.603,0.53529,-0.116,F,Transit,2016.0,83.16,HotJupiter
TOI-912 b,TOI-912,4.6780691,0.041,0.58,0.01604639,0.17218336,4.0,551.0,15.0,3572.0,0.418,0.419,-1.59007,-0.19,M3,Transit,2025.0,88.7,SuperEarth
KELT-23 A b,KELT-23 A,2.255251,0.03302,0.0,0.938,1.323,0.503,1561.0,991.183,5899.0,0.944,0.996,0.03383,-0.105,G2 V,Transit,2019.0,85.37,HotJupiter
KELT-21 b,KELT-21,3.6127647,0.05224,0.0,3.91,1.586,1.24,2051.0,2950.0,7598.0,1.458,1.638,0.90472,-0.405,A8 V,Transit,2018.0,86.46,HotJupiter
GJ 367 b,GJ 367,0.3219225,0.00709,0.06,0.00199164,0.06236071,10.2,1365.0,579.0,3522.0,0.455,0.458,-1.5391,-0.01,M1.0 V,Transit,2021.0,79.89,DesertWorld
HD 23472 b,HD 23472,17.667087,0.1162,0.072,0.02617765,0.17842836,6.15,543.0,16.0,4684.0,0.67,0.71,-0.62525,-0.2,K4 V,Transit,2019.0,88.93,SuperEarth
TOI-858 B b,TOI-858 B,3.2797178,0.04435,0.15,1.1,1.255,0.69,1529.0,908.9,5842.0,1.081,1.308,0.25285,0.153,G0,Transit,2023.0,86.8,HotJupiter
TOI-2134 b,TOI-2134,9.2292005,0.078,0.06,0.02872619,0.23998614,2.607,666.0,32.0,4580.0,0.744,0.709,-0.7167,0.12,K5 V,Transit,2023.0,89.49,MiniNeptune
TOI-1759 b,TOI-1759,18.85019,0.1177,0.0,0.0339806,0.28013252,1.91,443.0,6.39,4065.0,0.606,0.597,-1.05715,0.05,M0.0 V,Transit,2022.0,89.72,MiniNeptune
TOI-771 b,TOI-771,2.3260155,0.0208,0.055,0.00777149,0.12133128,5.4,543.0,14.0,3370.0,0.22,0.232,-2.20343,-0.13,M3,Transit,2024.0,89.3,EarthLike
pi Men c,HD 39091,6.2679,0.06839,0.0,0.01516534,0.18217504,2.97,1169.8,309.0,6037.0,1.094,1.1,0.15957,0.08,G0 V,Transit,2018.0,87.456,DesertWorld
TOI-756 b,TOI-756,1.2392495,0.018,0.0,0.03092864,0.25069184,2.42,934.0,127.0,3657.0,0.505,0.505,-1.38722,0.196,M1 V,Transit,2025.0,85.53,MiniNeptune
TOI-5300 b,TOI-5300,2.262196,0.0295,0.0,0.6,0.88,1.1,1043.0,198.0,4610.0,0.67,0.65,-0.76195,-0.17,K4 V,Transit,2025.0,89.2,HotJupiter
TOI-733 b,TOI-733,4.884765,0.0618,0.046,0.01799713,0.17771464,3.98,1055.8,207.1,5585.0,0.956,0.949,-0.08619,-0.04,G,Transit,2023.0,88.85,DesertWorld
TOI-1107 b,TOI-1107,4.0782387,0.0561,0.025,3.35,1.3,1.89,1728.0,532.0,6311.0,1.35,1.81,0.67117,-0.1,F6 V,Transit,2022.0,88.63,HotJupiter
WASP-132 c,WASP-132,1.01153624,0.01833,0.0,0.01969616,0.1642433,5.47,1329.0,791.0,4686.0,0.789,0.758,-0.57512,0.15,K4 V,Transit,2022.0,88.82,DesertWorld
TOI-5349 b,TOI-5349,3.317921,0.0369,0.03,0.4,0.91,0.66,719.0,44.5,3751.0,0.61,0.58,-1.20066,0.5,M1+/-0.5,Transit,2026.0,87.9,GasGiant
WASP-173 A b,WASP-173 A,1.3866529,0.02508,0.0,3.47,1.285,2.02,1842.0,1920.0,5767.0,1.092,1.099,0.08279,0.259,G2,Transit,2018.0,86.5,HotJupiter
LHS 1140 c,LHS 1140,3.77794,0.027,0.05,0.00600953,0.11348043,5.1,422.0,5.3,3096.0,0.1844,0.2159,-2.42022,-0.15,M4.5 V,Transit,2018.0,89.8,EarthLike
TOI-2136 b,TOI-2136,7.851928,0.057,0.0,0.02004226,0.19537905,3.34,395.0,4.0,3342.0,0.34,0.34,-1.88606,0.03,M4.5 V,Transit,2022.0,89.4,SuperEarth
TOI-2010 b,TOI-2010,141.834025,0.5516,0.212,1.286,1.054,1.36,400.2,4.09,5929.0,1.112,1.079,0.11361,0.168,F0,Transit,2023.0,89.903,GasGiant
TOI-2015 b,TOI-2015,3.348968,0.0301,0.0,0.05160017,0.302,2.32,512.0,11.47,3194.0,0.342,0.333,-1.97881,0.05,M4,Transit,2023.0,87.95,MiniNeptune
HD 73583 c,HD 73583,18.8805,0.1233,0.093,0.07079292,0.2433,6.1,517.8,11.76,4582.0,0.702,0.677,-0.74425,-0.055,K4,Transit,2022.0,89.61,MiniNeptune
HD 73583 b,HD 73583,6.3980661,0.05995,0.294,0.05002699,0.253,3.8,742.7,46.2,4582.0,0.702,0.677,-0.74425,-0.055,K4,Transit,2022.0,89.45,MiniNeptune
TOI-5205 b,TOI-5205,1.630757,0.0199,0.02,1.08,1.03,1.21,737.0,49.0,3430.0,0.392,0.394,-1.7122,0.0,M4.0,Transit,2023.0,88.21,GasGiant
HD 23472 f,HD 23472,12.1621839,0.0906,0.07,0.00242269,0.10143652,3.0,630.0,26.3,4684.0,0.67,0.71,-0.62525,-0.2,K4 V,Transit,2022.0,88.81,EarthLike
K2-216 b,K2-216,2.1748,0.028,0.0,0.02517069,0.15612454,8.2,1103.0,248.0,4503.0,0.7,0.72,-0.72125,0.0,K5 V,Transit,2018.0,86.9,DesertWorld
TOI-1695 b,TOI-1695,3.1342791,0.033548,0.097,0.0200108,0.16950694,5.0,698.0,39.0,3690.0,0.513,0.515,-1.3536,0.0,M1 V,Transit,2022.0,87.2,SuperEarth
TOI-2322 b,TOI-2322,11.30717,0.0924,0.0,0.00726807,0.08867889,12.75,603.1,22.04,4664.0,0.703,0.662,-0.74232,-0.12,K4,Transit,2025.0,89.57,EarthLike
TOI-654.01,TOI-654,1.527561,0.01944,0.0,0.02740472,0.21215132,3.59,794.0,65.0,3521.0,0.419,0.43,-1.60906,0.12,M2 V,Transit,2024.0,88.28,SuperEarth
TOI-2322 c,TOI-2322,20.225528,0.1362,0.0,0.05694897,0.16718737,14.69,496.8,10.15,4664.0,0.703,0.662,-0.74232,-0.12,K4,Transit,2025.0,88.98,MiniNeptune
HD 23472 e,HD 23472,7.90754,0.068,0.07,0.00226537,0.0729772,7.5,723.0,46.7,4684.0,0.67,0.71,-0.62525,-0.2,K4 V,Transit,2022.0,88.63,EarthLike
Wolf 327 b,Wolf 327,0.5734745,0.01,0.0,0.00796027,0.11062558,7.24,996.0,233.9,3542.0,0.405,0.406,-1.62986,-0.17,M2.5 V,Transit,2024.0,84.89,DesertWorld
TOI-1789 b,TOI-1789,3.208664,0.04882,,0.7,1.44,0.28,1927.0,2300.0,5991.0,1.507,2.168,0.7364,0.373,F,Transit,2021.0,78.41,HotJupiter
TOI-3331 A b,TOI-3331 A,2.0180231,0.03144,0.0,2.27,1.158,1.82,1488.0,818.5,5609.0,1.016,0.952,-0.09313,0.148,,Transit,2022.0,85.4,HotJupiter
HAT-P-66 b,HAT-P-66,2.972086,0.04363,0.09,0.783,1.59,0.242,1896.0,,6002.0,1.255,1.881,0.6149,0.035,G0,Transit,2016.0,86.2,HotJupiter
TOI-2093 c,TOI-2093,53.81149,0.257,0.0,0.04971236,0.20519261,7.0,329.0,,4426.0,0.745,0.729,-0.73565,-0.08,K5 V,Transit,2025.0,89.577,MiniNeptune
TOI-2031 A b,TOI-2031 A,5.71548654,0.066,0.076,0.8,1.267,0.49,1358.0,567.0,6490.0,1.174,1.241,0.39094,-0.24,,Transit,2025.0,88.32,HotJupiter
HAT-P-14 b,HAT-P-14,4.627669,0.0606,0.107,2.232,1.15,1.82,1570.0,,6600.0,1.386,1.468,0.563,0.11,F,Transit,2010.0,83.5,HotJupiter
HATS-11 b,HATS-11,3.6191613,0.04614,0.34,0.85,1.51,0.299,1637.0,,6060.0,1.0,1.444,0.40312,-0.39,G0,Transit,2016.0,88.31,HotJupiter
G 9-40 b,G 9-40,5.746007,0.0385,0.0,0.03681232,0.1806584,,456.0,7.2,3348.0,0.29,0.3073,-1.97102,0.04,M2.5 V,Transit,2019.0,88.57,MiniNeptune
HAT-P-13 b,HAT-P-13,2.91626,0.0427,0.021,0.853,1.271,0.498,1653.0,,5653.0,1.22,1.56,0.346,0.41,G4,Transit,2009.0,83.4,HotJupiter
TOI-257 b,TOI-257,18.38818,0.1528,0.0,0.138,0.639,0.65,1027.0,186.0,6095.0,1.407,1.867,0.63649,0.175,,Transit,2021.0,87.91,HotJupiter
Kepler-1704 b,Kepler-1704,988.88112,2.027,0.92,4.16,1.066,4.07,253.8,0.342,5746.0,1.132,1.697,0.45179,0.196,,Transit,2013.0,89.0,GasGiant
TOI-3364 b,TOI-3364,5.8768918,0.0675,0.0,1.67,1.091,1.6,1264.0,425.0,5706.0,1.186,1.419,0.28556,0.387,,Transit,2023.0,88.79,HotJupiter
TRAPPIST-1 b,TRAPPIST-1,1.51087081,0.01111,0.081,0.00267439,0.09688643,3.6,400.1,4.25,2559.0,0.0802,0.117,-3.28067,0.04,,Transit,2016.0,89.65,EarthLike
TOI-3464 b,TOI-3464,3.6515568,0.0515,0.25,1.25,1.228,0.83,1693.0,1370.0,6370.0,1.363,1.56,0.55871,0.045,,Transit,2025.0,82.89,HotJupiter
HAT-P-15 b,HAT-P-15,10.863502,0.0964,0.19,1.946,1.072,1.96,904.0,,5568.0,1.013,1.08,0.0,0.22,G5,Transit,2010.0,89.1,GasGiant
TOI-2364 b,TOI-2364,4.0197517,0.04871,0.0,0.225,0.768,0.61,1091.0,237.0,5306.0,0.954,0.886,-0.25181,0.344,,Transit,2023.0,88.98,HotJupiter
HATS-4 b,HATS-4,2.516729,0.0362,0.013,1.323,1.02,1.55,1315.0,,5403.0,1.001,0.925,-0.187,0.43,G,Transit,2014.0,88.5,HotJupiter
K2-199 b,K2-199,3.2253993,0.0382,0.02,0.02170983,0.15434053,7.2,913.0,116.2,4491.0,0.711,0.682,-0.73283,-0.01,,Transit,2018.0,88.8,DesertWorld
TOI-3235 b,TOI-3235,2.59261842,0.02709,0.029,0.665,1.017,0.78,604.0,,3388.8,0.3939,0.3697,-1.78968,0.264,M V,Transit,2023.0,88.14,GasGiant
TOI-2458 b,TOI-2458,3.73659,0.0482,0.087,0.04187794,0.25247612,3.23,1509.4,865.0,6005.0,1.05,1.31,,-0.1,F9-F9.5,Transit,2024.0,84.03,MiniNeptune
TRAPPIST-1 d,TRAPPIST-1,4.04961,0.02144,0.07,0.00129,0.06887323,4.9,288.0,1.143,2559.0,0.0802,0.117,-3.28067,0.04,,Transit,2016.0,89.75,EarthLike
TOI-2992 b,TOI-2992,3.007812,0.0434,0.089,3.33,1.227,2.23,1726.0,1484.0,6000.0,1.21,1.545,0.4456,0.084,,Transit,2025.0,86.1,HotJupiter
TOI-2095 c,TOI-2095,28.17232,0.137,0.0,0.023283,0.11865486,,297.0,1.84,3759.0,0.44,0.44,-1.45892,-0.24,M2.5 V,Transit,2023.0,89.91,EarthLike
TRAPPIST-1 c,TRAPPIST-1,2.4218233,0.01521,0.083,0.00434194,0.09421001,6.45,341.9,2.27,2559.0,0.0802,0.117,-3.28067,0.04,,Transit,2016.0,89.67,EarthLike
TOI-3023 b,TOI-3023,3.9014971,0.0505,0.0,0.62,1.466,0.245,1596.0,1084.0,5760.0,1.12,1.668,0.44404,0.085,,Transit,2023.0,88.9,HotJupiter
TOI-3135 b,TOI-3135,3.7065585,0.04756,0.24,1.03,1.218,0.7,1292.0,464.0,5890.0,1.044,0.985,0.02119,0.071,,Transit,2025.0,85.69,HotJupiter
TOI-2095 b,TOI-2095,17.66484,0.101,0.0,0.01290004,0.11151772,,347.0,3.43,3759.0,0.44,0.44,-1.45892,-0.24,M2.5 V,Transit,2023.0,89.67,EarthLike
TOI-3160 A b,TOI-3160 A,3.971281,0.0505,0.18,1.19,1.228,0.79,1539.0,933.0,6190.0,1.088,1.346,0.3784,-0.114,,Transit,2025.0,84.63,HotJupiter
TOI-269 b,TOI-269,3.6977104,0.0345,0.425,0.0276879,0.24712327,2.28,531.0,19.0,3514.0,0.3917,0.398,,-0.29,M2 V,Transit,2021.0,88.14,MiniNeptune
NGTS-27 b,NGTS-27,3.3704181,0.0446,0.0,0.593,1.396,0.266,1783.0,1680.0,5700.0,1.07,1.77,0.51375,0.0,,Transit,2024.0,86.2,HotJupiter
K2-199 c,K2-199,7.3744897,0.0662,0.03,0.03901476,0.25426041,2.9,694.0,38.6,4491.0,0.711,0.682,-0.73283,-0.01,,Transit,2018.0,87.7,MiniNeptune
HAT-P-12 b,HAT-P-12,3.2130598,0.0384,0.0,0.211,0.959,0.3192,963.0,,4650.0,0.733,0.701,-0.678,-0.29,K4,Transit,2009.0,89.0,GasGiant
HAT-P-65 b,HAT-P-65,2.6054552,0.03951,0.304,0.527,1.89,0.096,1930.0,,5835.0,1.212,1.86,0.55509,0.1,G2,Transit,2016.0,84.2,HotJupiter
TOI-519 b,TOI-519,1.2652328,0.0159,0.33,0.463,1.03,0.56,687.0,,3322.0,0.335,0.35,-1.85078,0.27,M V,Transit,2021.0,88.9,GasGiant
TOI-3474 b,TOI-3474,3.8795105,0.0502,0.13,0.61,1.309,0.337,1451.0,740.0,6020.0,1.121,1.256,0.26951,0.146,,Transit,2025.0,89.33,HotJupiter
HAT-P-16 b,HAT-P-16,2.77596,0.0413,0.036,4.193,1.289,2.42,1626.0,,6158.0,1.218,1.237,0.29447,0.17,F8,Transit,2010.0,86.6,HotJupiter
KOI-134 b,KOI-134,67.1277,0.363,0.16,1.09,1.074,,659.0,45.0,6160.0,1.407,1.667,0.62325,0.427,F9V,Transit,2025.0,89.58,GasGiant
K2-30 b,K2-30,4.09849,0.0419,0.08,0.589,1.069,0.598,1203.0,,5575.0,0.917,0.839,-0.27003,0.06,G,Transit,2016.0,85.86,HotJupiter
TOI-1803 b,TOI-1803,6.293287,0.06,0.0,0.03247035,0.26675039,2.15031,747.0,58.0,4687.0,0.756,0.715,-0.65365,0.014,,Transit,2025.0,88.9,MiniNeptune
HAT-P-18 b,HAT-P-18,5.508023,0.0559,0.084,0.197,0.995,0.25,852.0,,4803.0,0.77,0.749,-0.569,0.1,K2,Transit,2010.0,88.8,GasGiant
TOI-3593 b,TOI-3593,3.8212867,0.0481,0.105,1.78,0.984,2.31,1170.0,308.0,5550.0,1.015,0.918,-0.14146,0.384,,Transit,2025.0,88.09,HotJupiter
HD 183579 b,HD 183579,17.471278,0.1334,0.28,0.06198282,0.31670979,2.39,769.0,58.1,5788.0,1.031,0.985,0.012,-0.023,,Transit,2021.0,89.33,MiniNeptune
TOI-2382 b,TOI-2382,4.6612061,0.059,0.18,0.74,1.093,0.68,1426.0,689.0,6033.0,1.26,1.417,0.37967,0.249,,Transit,2025.0,84.11,HotJupiter
HAT-P-19 b,HAT-P-19,4.008778,0.0466,0.067,0.292,1.132,0.25,1010.0,,4990.0,0.842,0.82,-0.432,0.23,K1,Transit,2010.0,88.2,HotJupiter
NGTS-33 b,NGTS-33,2.827972,0.048,0.0,3.63,1.64,0.19,1991.0,2620.0,7437.0,1.6,1.47,0.77159,-0.11,,Transit,2024.0,83.94,HotJupiter
TOI-1853 b,TOI-1853,1.2436258,0.0213,0.03,0.23031296,0.30868106,9.74,1479.0,,4985.0,0.837,0.808,-0.43227,0.11,K2.5 V,Transit,2023.0,84.7,HotJupiter
HAT-P-20 b,HAT-P-20,2.875317,0.0361,0.015,7.246,0.867,13.78,970.0,,4595.0,0.756,0.694,-0.721,0.35,K3,Transit,2010.0,86.8,GasGiant
TOI-3682 b,TOI-3682,3.3462406,0.048,0.22,0.218,1.142,0.181,1657.0,1258.0,5703.0,1.32,1.735,0.45788,0.416,,Transit,2025.0,85.51,HotJupiter
HAT-P-21 b,HAT-P-21,4.124481,0.0494,0.228,4.063,1.024,4.68,1283.0,,5588.0,0.947,1.105,0.025,0.01,G3,Transit,2010.0,87.2,HotJupiter
KELT-6 b,KELT-6,7.8457,0.07939,0.22,0.43,1.193,0.311,1313.0,,6102.0,1.085,1.58,0.493,-0.281,F8,Transit,2014.0,88.81,HotJupiter
TOI-1803 c,TOI-1803,12.885779,0.097,0.0,0.02517081,0.38272882,0.419035,588.0,22.0,4687.0,0.756,0.715,-0.65365,0.014,,Transit,2025.0,88.48,MiniNeptune
TOI-6383 A b,TOI-6383 A,1.79058695,0.02292,0.05,1.04,1.008,1.26,745.0,51.3,3444.0,0.458,0.457,-1.48678,,M3,Transit,2024.0,88.8,GasGiant
HAT-P-22 b,HAT-P-22,3.21222,0.0414,0.016,2.147,1.08,2.11,1283.0,,5302.0,0.916,1.04,-0.114,0.24,G5,Transit,2010.0,86.9,HotJupiter
TOI-1937 A b,TOI-1937 A,0.94667944,0.01932,0.0,2.01,1.247,1.28,2097.0,3230.0,5814.0,1.072,1.08,0.0799,0.196,,Transit,2023.0,77.0,HotJupiter
TOI-3486 b,TOI-3486,2.21778105,0.03138,0.078,0.312,0.943,0.46,1190.0,334.0,4930.0,0.837,0.788,-0.4828,0.283,,Transit,2025.0,85.2,HotJupiter
GJ 3929 b,GJ 3929,2.616235,0.0252,0.0,0.00550612,0.09724345,7.3,568.0,17.3,3384.0,0.313,0.32,-1.96257,-0.02,,Transit,2022.0,88.442,EarthLike
TOI-1696 b,TOI-1696,2.50031,0.0235,0.0,0.17808352,0.28905394,9.44,533.0,13.5,3168.0,0.27,0.287,-2.12494,0.19,,Transit,2022.0,88.461,GasGiant
TOI-3523 A b,TOI-3523 A,2.30458952,0.03559,0.047,1.37,1.425,0.587,1984.0,2590.0,6450.0,1.131,1.448,0.51455,-0.366,,Transit,2025.0,88.3,HotJupiter
KELT-10 b,KELT-10,4.1662739,0.0525,,0.679,1.399,0.308,1377.0,600.0,5948.0,1.112,1.209,0.21748,0.09,G0 V,Transit,2016.0,88.61,HotJupiter
HAT-P-17 b,HAT-P-17,10.338523,0.0882,0.342,0.534,1.01,0.64,792.0,,5246.0,0.857,0.838,-0.319,0.0,K,Transit,2010.0,89.2,GasGiant
HATS-12 b,HATS-12,3.142833,0.04795,0.085,2.38,1.35,1.19,2097.0,,6408.0,1.489,2.21,0.86332,-0.1,F,Transit,2016.0,82.7,HotJupiter
TOI-2000 b,TOI-2000,3.09833,0.04271,0.0,0.0347,0.241,3.07,1488.0,628.0,5611.0,1.082,1.134,0.05956,0.439,,Transit,2023.0,84.59,MiniNeptune
TOI-1710 b,TOI-1710,24.283382,0.164,0.185,0.058,0.46,,730.0,33.0,5730.0,0.99,0.95,-0.04818,0.12,G5 V,Transit,2022.0,89.8,MiniNeptune
TOI-3540 A b,TOI-3540 A,3.119999,0.04289,0.0,1.18,2.1,0.065,1498.0,841.3,5810.0,1.081,1.228,0.19005,0.176,,Transit,2022.0,81.93,HotJupiter
HD 207496 b,HD 207496,6.441008,0.0629,0.231,0.01919275,0.2007319,3.17,743.0,72.9,4819.0,0.8,0.769,,0.095,K2.5 V,Transit,2023.0,88.79,SuperEarth
TOI-2421 b,TOI-2421,4.3474032,0.0543,0.0,0.333,0.925,0.52,1534.0,923.6,5607.0,1.131,1.75,0.436,0.19,,Transit,2022.0,86.49,HotJupiter
TOI-2000 c,TOI-2000,9.127055,0.0878,0.063,0.257,0.727,0.829,1038.0,149.0,5611.0,1.082,1.134,0.05956,0.439,,Transit,2023.0,87.86,HotJupiter
HAT-P-49 b,HAT-P-49,2.691548,0.0438,0.0,1.73,1.413,0.75,2131.0,,6820.0,1.543,1.833,0.814,0.074,F,Transit,2014.0,86.2,HotJupiter
TOI-2986 b,TOI-2986,3.2783662,0.04489,0.14,0.304,0.829,0.66,1622.0,1156.0,5906.0,1.122,1.458,0.36773,0.095,,Transit,2025.0,88.8,HotJupiter
TOI-6894 b,TOI-6894,3.37077196,0.02604,0.029,0.168,0.855,0.334,417.9,5.54,3007.0,0.207,0.2276,-2.42597,0.142,,Transit,2025.0,89.58,GasGiant
HAT-P-64 b,HAT-P-64,4.007232,0.05387,0.101,0.58,1.703,0.144,1766.0,1611.0,6457.0,1.298,1.735,0.66839,-0.113,,Transit,2021.0,88.01,HotJupiter
HATS-16 b,HATS-16,2.686502,0.03744,0.0,3.27,1.3,1.86,1592.0,,5738.0,0.97,1.238,0.17319,-0.1,G3 V,Transit,2016.0,83.53,HotJupiter
TOI-2570 b,TOI-2570,2.9887615,0.04145,0.0,0.82,1.217,0.563,1431.0,699.0,5771.0,1.063,1.095,0.07882,0.191,,Transit,2022.0,87.73,HotJupiter
TOI-532 b,TOI-532,2.3266508,0.0296,0.0,0.19350064,0.51922652,1.72,867.0,94.1,3927.0,0.639,0.612,-1.09528,0.338,,Transit,2021.0,88.08,GasGiant
CoRoT-19 b,CoRoT-19,3.89713,0.0518,0.047,1.11,1.29,0.71,2000.0,,6090.0,1.21,1.65,0.544,-0.02,F9 V,Transit,2011.0,88.0,HotJupiter
WASP-73 b,WASP-73,4.08722,0.05512,0.0,1.88,1.16,1.596,1790.0,,6036.0,1.34,2.07,0.716,0.14,F9,Transit,2014.0,87.4,HotJupiter
TOI-2796 b,TOI-2796,4.8084983,0.0569,0.0,0.44,1.54,0.15,1205.0,352.0,5764.0,1.063,1.069,0.05538,0.239,,Transit,2023.0,85.22,HotJupiter
TOI-1062 b,TOI-1062,4.11296,0.052,0.177,0.03193547,0.20207011,4.85,1077.0,232.0,5328.0,0.94,0.84,,0.14,G9 V,Transit,2021.0,85.913,MiniNeptune
TOI-2345 b,TOI-2345,1.0528573,0.01705,,0.01098077,0.13417812,5.64,1478.0,791.0,4687.0,0.727,0.729,-0.63639,-0.1,K,Transit,2025.0,86.9,DesertWorld
TOI-2803 A b,TOI-2803 A,1.96229325,0.03185,0.0,0.975,1.616,0.287,1893.0,2150.0,6280.0,1.118,1.245,0.33646,-0.105,,Transit,2023.0,89.0,HotJupiter
TOI-2567 b,TOI-2567,5.983944,0.0672,0.0,0.201,0.975,0.269,1352.0,558.0,5611.0,1.13,1.686,0.40483,0.241,,Transit,2022.0,88.3,HotJupiter
WASP-72 b,WASP-72,2.2167421,0.03708,0.0,1.5461,1.27,0.96,2210.0,,6250.0,1.386,1.98,0.724,-0.06,F7,Transit,2012.0,81.6,HotJupiter
HATS-74 A b,HATS-74 A,1.73185606,0.02384,0.044,1.46,1.032,1.64,895.1,106.9,3776.9,0.601,0.5758,-1.2161,0.514,,Transit,2021.0,87.39,GasGiant
HATS-75 b,HATS-75,2.7886556,0.032742,0.064,0.491,0.884,0.878,772.3,59.26,3790.4,0.6017,0.5848,-1.19661,0.522,,Transit,2021.0,88.07,GasGiant
WASP-64 b,WASP-64,1.5732918,0.02648,0.0,1.271,1.271,0.823,1689.0,,5400.0,1.004,1.058,-0.022,-0.08,G7,Transit,2012.0,86.57,HotJupiter
TOI-2818 b,TOI-2818,4.039709,0.0493,0.0,0.71,1.363,0.34,1376.0,598.0,5721.0,0.977,1.229,0.16435,-0.02,,Transit,2023.0,87.73,HotJupiter
TOI-6695 b,TOI-6695,80.389,0.402,0.04,0.21,0.85,0.41,599.0,,6400.0,1.338,1.517,0.54033,0.2,F5V-G0V,Transit,2025.0,90.62,GasGiant
TOI-2842 b,TOI-2842,3.5514058,0.0475,0.0,0.37,1.146,0.304,1471.0,781.8,5910.0,1.135,1.265,0.24551,0.233,,Transit,2023.0,84.42,HotJupiter
HATS-15 b,HATS-15,1.74748753,0.02712,0.126,2.17,1.105,1.97,1505.0,,5311.0,0.871,0.922,-0.20412,0.0,G9 V,Transit,2016.0,87.13,HotJupiter
WASP-121 b,WASP-121,1.2749255,0.02544,0.0,1.183,1.865,0.243,2358.0,,6459.0,1.353,1.458,0.51851,0.13,F6 V,Transit,2016.0,87.6,HotJupiter
L 98-59 e,L 98-59,12.8278,0.0712,0.012,0.00887271,,5.2,347.0,2.4,3415.0,0.2923,0.3155,-1.91364,-0.46,M3 V,Radial Velocity,2021.0,80.0,EarthLike
HATS-25 b,HATS-25,4.2986432,0.05163,0.176,0.613,1.26,0.38,1277.0,,5715.0,0.994,1.107,0.06819,0.02,G,Transit,2016.0,86.93,HotJupiter
HATS-28 b,HATS-28,3.1810781,0.04131,0.202,0.672,1.194,0.48,1253.0,,5498.0,0.929,0.922,-0.15739,0.01,G,Transit,2016.0,86.17,HotJupiter
TOI-530 b,TOI-530,6.387597,0.052,0.0,0.4,0.83,0.93,565.0,,3659.0,0.53,0.54,-1.3098,0.376,M0.5 V,Transit,2021.0,89.1,GasGiant
HATS-29 b,HATS-29,4.6058749,0.05475,0.158,0.653,1.251,0.411,1212.0,,5670.0,1.032,1.073,0.02938,0.16,G,Transit,2016.0,87.37,HotJupiter
HATS-26 b,HATS-26,3.3023881,0.04735,0.245,0.65,1.75,0.153,1918.0,,6071.0,1.299,2.04,0.70415,-0.02,F,Transit,2016.0,86.2,HotJupiter
TIC 257060897 b,TIC 257060897,3.66003639,0.04922,0.039,0.634,1.54,0.215,1775.0,,5993.0,1.187,1.863,0.60531,0.054,F,Transit,2021.0,84.55,HotJupiter
HATS-30 b,HATS-30,3.1743516,0.04354,0.096,0.706,1.175,0.543,1414.0,,5943.0,1.093,1.061,0.09691,0.06,G,Transit,2016.0,86.84,HotJupiter
TOI-559 b,TOI-559,6.9839095,0.0723,0.151,6.01,1.091,5.74,1180.0,,5925.0,1.026,1.233,0.22737,-0.069,G V,Transit,2021.0,89.08,HotJupiter
TOI-558 b,TOI-558,14.574071,0.1291,0.298,3.61,1.086,3.5,1061.0,,6466.0,1.349,1.496,0.54654,-0.004,F V,Transit,2021.0,86.24,HotJupiter
Kepler-425 b,Kepler-425,3.79701816,0.0464,0.33,0.25,0.978,0.27,1070.0,,5170.0,0.93,0.86,-0.323,0.24,K1 V,Transit,2014.0,87.02,HotJupiter
NGTS-13 b,NGTS-13,4.119027,0.0549,0.086,4.84,1.142,4.02,1605.0,1096.0,5819.0,1.3,1.788,0.5172,0.25,,Transit,2021.0,88.7,HotJupiter
GJ 806 b,GJ 806,0.9263237,0.01406,,0.00597807,0.11874407,4.4,940.0,130.0,3600.0,0.413,0.4144,-1.58528,-0.28,M1.5 V,Transit,2023.0,87.7,DesertWorld
TOI-2587 A b,TOI-2587 A,5.45664,0.0635,0.0,0.218,1.077,0.216,1445.0,728.0,5760.0,1.15,1.726,0.47129,0.13,,Transit,2023.0,84.81,HotJupiter
TOI-2583 A b,TOI-2583 A,4.5207265,0.0571,0.0,0.25,1.29,0.144,1456.0,750.9,5936.0,1.215,1.477,0.38828,0.158,,Transit,2023.0,88.16,HotJupiter
TOI-2580 b,TOI-2580,3.39775,0.048,0.08,0.63,1.55,0.22,2410.0,1730.0,6120.0,1.33,1.81,0.61595,0.26,F,Transit,2024.0,,HotJupiter
HATS-2 b,HATS-2,1.354133,0.023,0.0,1.345,1.168,1.05,1577.0,,5227.0,0.882,0.898,-0.268,0.15,K,Transit,2013.0,87.2,HotJupiter
HATS-76 b,HATS-76,1.9416423,0.02658,0.062,2.629,1.079,2.58,939.8,129.8,4016.0,0.662,0.6259,-1.0381,0.322,,Transit,2021.0,88.24,GasGiant
HATS-77 b,HATS-77,3.0876262,0.03607,0.045,1.374,1.165,1.077,828.3,78.37,4071.0,0.655,0.6428,-0.99183,0.253,,Transit,2021.0,88.44,GasGiant
HATS-27 b,HATS-27,4.637038,0.0611,0.581,0.53,1.5,0.18,1659.0,,6438.0,1.415,1.74,0.66932,0.09,F,Transit,2016.0,87.3,HotJupiter
NGTS-26 b,NGTS-26,4.5199279,0.049,0.0,0.292,1.328,0.153,1331.0,523.0,5550.0,0.96,1.16,0.10106,0.2,,Transit,2024.0,86.43,HotJupiter
BD+20 594 b,BD+20 594,41.6855,0.241,0.0,0.05128528,0.19894727,7.89,546.0,,5766.0,0.961,0.928,-0.05552,-0.15,G,Transit,2016.0,89.55,MiniNeptune
TOI-2193 A b,TOI-2193 A,2.1225735,0.03319,0.0,0.94,1.77,0.06,1763.0,1600.0,5966.0,1.082,1.248,0.25018,0.027,,Transit,2022.0,79.96,HotJupiter
TOI-2169 A b,TOI-2169 A,8.2148282,0.0896,0.045,1.037,1.116,0.92,1364.0,577.0,6270.0,1.42,1.82,0.66558,0.123,,Transit,2025.0,85.8,HotJupiter
WASP-68 b,WASP-68,5.084298,0.06206,0.0,0.95,1.24,0.665,1490.0,,5911.0,1.24,1.69,0.505,0.22,G0,Transit,2014.0,88.1,HotJupiter
K2-25 b,K2-25,3.48456408,0.0287,0.428,0.07708562,0.306,,494.0,9.91,3207.0,0.2634,0.2932,-2.08831,0.15,M4.5 V,Transit,2015.0,87.16,MiniNeptune
TOI-2152 A b,TOI-2152,3.3773512,0.05064,0.057,2.83,1.281,1.67,1802.0,,6630.0,1.516,1.612,0.65321,0.282,F4 V,Transit,2023.0,86.42,HotJupiter
Kepler-111 c,Kepler-111,224.77833,0.751,0.176,0.7,0.632,3.42,352.2,2.48,5914.0,1.118,1.145,0.15836,0.237,,Transit,2014.0,89.756,GasGiant
TIC 393818343 b,TIC 393818343,16.24921,0.1291,0.6058,4.34,1.087,4.22,805.5,2.28,5756.0,1.082,1.086,0.06744,0.318,,Transit,2024.0,89.57,GasGiant
K2-34 b,K2-34,2.995607,0.04419,0.0,1.76,1.35,0.94,1742.0,,6132.0,1.281,1.526,0.471,0.24,F9 V,Transit,2016.0,82.06,HotJupiter
TOI-500 b,TOI-500,0.548177,0.01189,0.063,0.00446782,0.10402373,4.89,1617.0,1138.0,4440.0,0.74,0.678,,0.12,K6 V,Transit,2022.0,82.09,DesertWorld
HATS-5 b,HATS-5,4.763387,0.0542,0.019,0.237,0.912,0.39,1025.0,,5304.0,0.936,0.871,-0.268,0.19,G,Transit,2014.0,89.3,HotJupiter
TOI-2977 b,TOI-2977,2.3505614,0.03386,0.0,1.68,1.174,1.28,1544.0,947.8,5691.0,0.936,1.073,0.03703,0.013,,Transit,2023.0,89.19,HotJupiter
TOI-1075 b,TOI-1075,0.6047328,0.01159,0.0,0.0313062,0.15978259,9.32,1323.0,509.2,3875.0,0.604,0.581,,-0.08,K9 V/M0 V,Transit,2022.0,84.67,DesertWorld
TOI-2134 c,TOI-2134,95.5,0.371,0.67,0.13180068,0.64858707,0.599,306.0,1.4,4580.0,0.744,0.709,-0.7167,0.12,K5 V,Transit,2023.0,,GasGiant
TOI-1064 c,TOI-1064,12.226574,0.09429,0.088,0.00786588,0.23650679,0.771906,634.0,26.8,4734.0,0.748,0.726,-0.62342,0.05,,Transit,2022.0,88.455,MiniNeptune
WASP-77 A b,WASP-77 A,1.36002854,0.02335,0.0074,1.667,1.23,1.115,1715.0,1440.0,5617.0,0.903,0.91,-0.12901,-0.1,,Transit,2012.0,88.91,HotJupiter
HAT-P-59 b,HAT-P-59,4.1419771,0.05064,0.03,1.54,1.123,1.347,1277.8,441.4,5678.0,1.008,1.1038,0.05385,0.217,,Transit,2021.0,85.18,HotJupiter
HAT-P-63 b,HAT-P-63,3.377728,0.04294,0.069,0.614,1.119,0.54,1237.0,387.4,5400.0,0.925,0.9661,-0.1463,0.251,,Transit,2021.0,88.45,HotJupiter
TOI-2236 b,TOI-2236,3.5315902,0.05009,0.0,1.58,1.282,0.93,1688.0,1356.0,6248.0,1.343,1.573,0.53275,0.119,,Transit,2022.0,83.58,HotJupiter
HAT-P-62 b,HAT-P-62,2.6453235,0.03772,0.101,0.761,1.073,0.77,1512.0,867.2,5629.0,1.023,1.17,0.09061,0.414,,Transit,2021.0,87.93,HotJupiter
WASP-76 b,WASP-76,1.80988198,0.033,0.0,0.894,1.854,0.17,2228.0,4104.0,6329.0,1.458,1.756,,0.366,F7,Transit,2016.0,89.623,HotJupiter
HAT-P-61 b,HAT-P-61,1.90231289,0.0301,0.113,1.057,0.899,1.8,1505.0,849.5,5587.0,1.004,0.938,-0.1152,0.194,,Transit,2021.0,83.62,HotJupiter
HATS-3 b,HATS-3,3.547851,0.0485,0.0,1.071,1.381,0.51,1648.0,,6351.0,1.209,1.404,0.456,-0.157,F,Transit,2013.0,86.2,HotJupiter
HAT-P-60 b,HAT-P-60,4.7947813,0.06277,0.25,0.574,1.631,0.164,1772.0,1634.0,6212.0,1.435,2.197,0.80889,0.037,,Transit,2021.0,83.75,HotJupiter
TOI-2345 c,TOI-2345,21.064302,0.1257,,0.02287398,0.21866395,2.71,544.0,14.57,4687.0,0.727,0.729,-0.63639,-0.1,K,Transit,2025.0,89.914,SuperEarth
K2-29 b,K2-29,3.2589263,0.04097,0.084,0.613,1.0,0.76,1076.0,,5222.0,0.864,0.748,-0.42713,0.0,K1 V,Transit,2016.0,87.89,HotJupiter
HAT-P-58 b,HAT-P-58,4.0138379,0.04994,0.073,0.372,1.332,0.194,1622.0,1146.0,6078.0,1.031,1.53,0.45637,-0.224,,Transit,2021.0,85.64,HotJupiter
TOI-2876 b,TOI-2876,6.2996431,0.0654,0.13,0.17,0.86,0.33,929.0,124.2,5271.0,0.939,0.873,-0.27654,0.353,,Transit,2025.0,87.13,GasGiant
TOI-2886 b,TOI-2886,1.60200105,0.02871,0.11,1.4,1.663,0.377,1978.0,2560.0,6240.0,1.229,1.241,0.32222,0.284,,Transit,2025.0,87.8,HotJupiter
TOI-2207 b,TOI-2207,8.001968,0.0854,0.174,0.64,0.995,0.8,1259.0,406.0,6101.0,1.296,1.564,0.4843,0.181,,Transit,2022.0,88.84,HotJupiter
TOI-6651 b,TOI-6651,5.056973,0.0633,0.091,0.19192746,0.45410017,2.52,1493.0,817.0,5940.0,1.323,1.721,0.52244,0.225,,Transit,2024.0,84.93,HotJupiter
TOI-2346 b,TOI-2346,3.3312029,0.0473,0.086,1.24,1.438,0.52,1689.0,1360.0,6480.0,1.271,1.38,0.48144,-0.03,,Transit,2025.0,89.01,HotJupiter
TOI-1064 b,TOI-1064,6.443868,0.06152,0.047,0.04247575,0.23079708,4.30062,784.0,62.9,4734.0,0.748,0.726,-0.62342,0.05,,Transit,2022.0,87.709,MiniNeptune
HAT-P-25 b,HAT-P-25,3.652836,0.0466,0.032,0.567,1.19,0.42,1202.0,,5500.0,1.01,0.959,-0.125,0.31,G5,Transit,2010.0,87.6,HotJupiter
HAT-P-23 b,HAT-P-23,1.212884,0.0232,0.106,2.09,1.368,1.01,2056.0,,5905.0,1.13,1.203,0.199,0.15,G0,Transit,2010.0,85.1,HotJupiter
K2-36 c,K2-36,5.340888,0.054,0.0,0.02454142,0.28548488,1.3,788.0,90.0,4916.0,0.79,0.718,-0.57,-0.09,,Transit,2016.0,86.917,MiniNeptune
K2-36 b,K2-36,1.422614,0.0223,0.0,0.01227071,0.12757605,7.2,1224.0,529.0,4916.0,0.79,0.718,-0.57,-0.09,,Transit,2016.0,84.45,DesertWorld
NGTS-1 b,NGTS-1,2.647298,0.0326,0.016,0.812,1.33,0.42,790.0,65.3,3916.0,0.617,0.573,,0.0,M0.5,Transit,2017.0,85.27,GasGiant
WASP-178 b,WASP-178,3.3448412,0.0545,0.0,1.41,1.94,0.238,2402.0,5550.0,8640.0,1.93,1.801,1.21484,-0.06,,Transit,2019.0,84.45,HotJupiter
K2-180 b,K2-180,8.8665,0.075,0.0,0.036,0.2,5.6,729.0,67.0,5110.0,0.71,0.69,,-0.65,K2 V,Transit,2018.0,88.9,MiniNeptune
KELT-24 b,KELT-24,5.55149296,0.0665,0.0319,4.59,1.134,3.9,1391.0,624.0,6426.0,1.268,1.338,0.43933,0.138,,Transit,2019.0,89.67,HotJupiter
WASP-19 b,WASP-19,0.78883852,0.01652,0.0126,1.154,1.415,0.506,2113.0,3320.0,5616.0,0.965,1.006,-0.04335,0.04,,Transit,2009.0,79.08,HotJupiter
WASP-18 b,WASP-18,0.94145223,0.02024,0.0051,10.2,1.24,6.6,2429.0,5805.0,6432.0,1.294,1.319,0.42813,0.107,,Transit,2009.0,83.5,HotJupiter
TOI-4734 b,TOI-4734,6.235633,0.074,0.12,0.194,0.974,0.26,1468.0,775.0,6070.0,1.391,1.857,0.62428,0.288,,Transit,2025.0,89.2,HotJupiter
GJ 357 b,GJ 357,3.93072,0.035,,0.00578926,0.10857347,5.6,525.0,12.6,3505.0,0.342,0.337,-1.79833,-0.12,M2.5 V,Transit,2019.0,89.12,EarthLike
TOI-270 d,TOI-270,11.379573,0.0721,0.032,0.01503956,0.19029384,2.72,387.0,,3506.0,0.386,0.378,-1.7122,-0.2,M,Transit,2019.0,89.73,SuperEarth
TOI-270 c,TOI-270,5.6605731,0.04526,0.027,0.01935006,0.21009939,2.6,488.0,,3506.0,0.386,0.378,-1.7122,-0.2,M,Transit,2019.0,89.36,SuperEarth
TOI-270 b,TOI-270,3.3601538,0.03197,0.034,0.00497124,0.1075923,4.97,581.0,,3506.0,0.386,0.378,-1.7122,-0.2,M,Transit,2019.0,89.39,EarthLike
Kepler-849 b,Kepler-849,394.62508,1.137,0.078,0.94,0.721,3.09,362.7,2.86,5950.0,1.259,1.822,0.57287,0.145,,Transit,2016.0,89.923,GasGiant
KELT-19 A b,KELT-19 A,4.6117093,0.0637,,4.07,1.91,0.744,1935.0,2340.0,7500.0,1.62,1.83,0.97772,-0.12,A8 V,Transit,2017.0,85.41,HotJupiter
TOI-4791 b,TOI-4791,4.28088,0.0555,0.0,2.31,1.11,2.09,1472.0,783.2,6058.0,1.242,1.409,0.38021,0.207,,Transit,2023.0,85.55,HotJupiter
WASP-166 b,WASP-166,5.44354,0.0641,0.0,0.101,0.63,0.54,1270.0,440.0,6050.0,1.19,1.22,,0.19,F9 V,Transit,2019.0,88.0,HotJupiter
TOI-4794 b,TOI-4794,3.5658116,0.0492,0.1,0.97,1.281,0.57,1673.0,1310.0,6390.0,1.25,1.451,0.49969,-0.102,,Transit,2025.0,88.6,HotJupiter
TOI-1260 d,TOI-1260,16.608164,0.1116,0.0,0.03725281,0.27834824,2.14,499.0,10.32,4227.0,0.679,0.672,-0.88941,-0.1,,Transit,2022.0,89.14,MiniNeptune
TOI-5688 A b,TOI-5688 A,2.94815527,0.03379,0.128,0.39,0.92,0.61,742.0,50.3,3713.0,0.6,0.57,-1.22841,0.47,,Transit,2024.0,87.05,GasGiant
TOI-4860 b,TOI-4860,1.5227591,0.01808,0.008,0.273,0.77,0.75,694.0,42.5,3260.0,0.34,0.358,,0.27,M3.5 V,Transit,2023.0,88.5,GasGiant
TOI-150.01,TOI-150,5.857487,0.07037,0.262,2.51,1.255,1.68,1404.5,,6255.0,1.351,1.526,0.49651,0.28,F,Transit,2019.0,88.09,HotJupiter
KELT-20 b,KELT-20,3.4741085,0.0542,,3.382,1.741,0.806,2262.0,4362.5,8720.0,1.76,1.565,1.1038,-0.29,A2 V,Transit,2017.0,86.12,HotJupiter
HD 20329 b,HD 20329,0.926118,0.018,0.0,0.02334593,0.15344839,8.06,2141.0,3474.0,5596.0,0.9,1.13,0.04922,-0.07,,Transit,2022.0,76.01,LavaWorld
TOI-5592 b,TOI-5592,2.6085846,0.03935,0.062,0.899,1.53,0.22,1789.0,1712.0,6237.0,1.194,1.393,0.4216,-0.013,,Transit,2025.0,81.14,HotJupiter
TOI-4515 b,TOI-4515,15.266446,0.118,0.461,2.005,1.086,1.941,705.0,,5433.0,0.949,0.86,-0.23582,0.05,G8/G9,Transit,2024.0,87.954,GasGiant
EPIC 249893012 b,EPIC 249893012,3.5951,0.047,0.06,0.02753044,0.17396735,6.39,1616.0,1037.0,5430.0,1.05,1.71,,0.2,G8 IV/V,Transit,2020.0,86.14,DesertWorld
CoRoT-32 b,CoRoT-32,6.71837,0.071,,0.15,0.57,1.1,938.0,132.26,5970.0,1.08,0.79,-0.1549,0.0,G0 VI,Transit,2018.0,89.0,GasGiant
XO-7 b,XO-7,2.8641424,0.04421,0.038,0.709,1.373,0.34,1743.0,1540.0,6250.0,1.405,1.48,,0.432,G0 V,Transit,2019.0,83.45,HotJupiter
HD 213885 b,HD 213885,1.008035,0.02012,0.0,0.02778215,0.15567847,9.15,2128.0,,5978.0,1.068,1.1011,0.13862,-0.04,G,Transit,2019.0,80.09,LavaWorld
WASP-151 b,WASP-151,4.533471,0.055,0.003,0.31,1.13,0.29,1290.0,460.0,5871.0,1.077,1.14,,0.1,G1,Transit,2017.0,89.2,HotJupiter
NGTS-9 b,NGTS-9,4.43527,0.058,0.06,2.9,1.07,2.93,1448.0,729.0,6330.0,1.34,1.38,,0.31,F8 V,Transit,2019.0,84.1,HotJupiter
NGTS-8 b,NGTS-8,2.4997,0.035,0.01,0.93,1.09,0.89,1345.0,503.0,5241.0,0.89,0.98,,0.24,K0 V,Transit,2019.0,86.9,HotJupiter
Kepler-553 c,Kepler-553,328.24017,0.898,0.346,6.7,1.033,7.53,251.0,0.589,5191.0,0.889,0.902,-0.27084,0.152,,Transit,2016.0,89.8314,GasGiant
TOI-5817 b,TOI-5817,15.61031,0.1223,0.2,0.03240742,0.27477967,1.93,950.0,,5770.0,0.97,1.427,0.31175,-0.24,G2 IV-V,Transit,2025.0,88.72,MiniNeptune
WASP-153 b,WASP-153,3.332609,0.048,0.009,0.39,1.55,0.15,1700.0,1400.0,5914.0,1.336,1.73,,0.34,G0,Transit,2017.0,84.1,HotJupiter
WASP-156 b,WASP-156,3.836169,0.0453,0.007,0.128,0.51,1.3,970.0,150.0,4910.0,0.842,0.76,,0.24,K3,Transit,2017.0,89.1,MiniNeptune
TOI-4463 A b,TOI-4463 A,2.8807198,0.04036,0.0,0.794,1.183,0.595,1395.0,633.0,5640.0,1.056,1.062,0.01115,0.25,,Transit,2023.0,83.82,HotJupiter
TOI-4487 A b,TOI-4487 A,3.9540709,0.05448,0.083,1.25,1.303,0.7,1639.0,1203.0,6206.0,1.378,1.634,0.55267,0.216,,Transit,2025.0,86.85,HotJupiter
HD 17156 b,HD 17156,21.2164294,0.1632,0.6772,3.26,1.094,3.08,888.0,68.8,6046.0,1.285,1.517,0.44091,0.208,,Radial Velocity,2007.0,86.51,GasGiant
MASCARA-1 b,MASCARA-1,2.14878,0.043,0.0,3.7,1.5,1.5,2570.0,,7554.0,1.72,2.1,1.17551,0.0,A8,Transit,2017.0,87.0,HotJupiter
TOI-5800 b,TOI-5800,2.627882,0.0345,0.39,0.0339806,0.239094,3.16,1119.0,,4830.0,0.79,0.8,-0.50864,0.02,K3 V,Transit,2025.0,85.22,MiniNeptune
TOI-163 b,TOI-163,4.231306,0.058,0.0,1.22,1.489,0.49,1669.0,,6495.0,1.4352,1.648,0.63649,0.22,F,Transit,2019.0,87.24,HotJupiter
TOI-5795 b,TOI-5795,6.1406325,0.064,0.25,0.07444269,0.50138368,0.73,1136.78,,5715.0,0.901,1.082,0.05308,-0.27,G3 V,Transit,2025.0,88.54,MiniNeptune
K2-182 b,K2-182,4.7369683,0.0526,0.04,0.06292704,0.23998614,5.6,969.0,146.9,5170.0,0.865,0.793,-0.40782,0.12,,Transit,2018.0,89.4,MiniNeptune
LP 791-18 c,LP 791-18,4.9899093,0.02961,8e-05,0.0223391,0.21750417,,324.4,2.637,2960.0,0.139,0.182,-2.63827,-0.09,M(6.1 +/- 0.7) V,Transit,2019.0,89.78,SuperEarth
TOI-5788 b,TOI-5788,6.340758,0.064,0.061,0.01170443,0.13631926,5.734161,910.0,175.1,5615.0,0.87,0.87,-0.14752,-0.32,,Transit,2026.0,87.94,DesertWorld
TOI-5788 c,TOI-5788,16.213362,0.1197,0.046,0.02013665,0.20269461,3.032489,667.0,49.8,5615.0,0.87,0.87,-0.14752,-0.32,,Transit,2026.0,89.6,SuperEarth
KPS-1 b,KPS-1,1.706291,0.0269,0.0,1.09,1.03,1.31,1459.0,729.0,5165.0,0.892,0.907,,0.22,K1 V,Transit,2018.0,83.2,HotJupiter
HAT-P-24 b,HAT-P-24,3.35524,0.0465,0.067,0.685,1.242,0.44,1637.0,,6373.0,1.191,1.317,0.408,-0.16,F8,Transit,2010.0,88.6,HotJupiter
HATS-68 b,HATS-68,3.5862202,0.05071,0.036,1.29,1.232,0.856,1741.0,1521.0,6147.0,1.351,1.748,0.59218,0.21,,Transit,2018.0,83.21,HotJupiter
HATS-67 b,HATS-67,1.6091788,0.03032,0.057,1.45,1.685,0.374,2193.0,3821.0,6594.0,1.435,1.441,0.54654,0.332,,Transit,2018.0,79.03,HotJupiter
Kepler-426 b,Kepler-426,3.21751883,0.0414,0.18,0.34,1.09,0.26,1300.0,,5725.0,0.91,0.92,-0.089,-0.21,G1 V,Transit,2014.0,85.74,HotJupiter
HATS-66 b,HATS-66,3.1414391,0.04714,0.064,5.33,1.411,2.34,1998.0,2637.0,6626.0,1.411,1.841,0.76716,-0.017,,Transit,2018.0,87.06,HotJupiter
K2-266 d,K2-266,14.697,0.1035,0.047,0.02800239,0.26139709,2.03,538.3,13.95,4285.0,0.686,0.703,-0.82333,-0.12,,Transit,2018.0,89.46,MiniNeptune
HATS-65 b,HATS-65,3.105161,0.04497,0.062,0.821,1.501,0.3,1634.0,1178.0,6277.0,1.257,1.31,0.37658,0.199,,Transit,2018.0,84.82,HotJupiter
TOI-5386 A b,TOI-5386 A,3.62156552,0.04856,0.072,0.488,1.312,0.268,1488.0,817.0,6094.0,1.165,1.245,0.28488,0.182,,Transit,2025.0,83.951,HotJupiter
K2-266 e,K2-266,19.482,0.1249,0.043,0.04499261,0.24355429,2.21,490.1,9.581,4285.0,0.686,0.703,-0.82333,-0.12,,Transit,2018.0,89.45,MiniNeptune
HATS-64 b,HATS-64,4.908897,0.06562,0.151,0.96,1.679,0.245,1793.0,1711.0,6554.0,1.564,2.113,0.86747,0.22,,Transit,2018.0,87.24,HotJupiter
HATS-63 b,HATS-63,3.0566527,0.04026,0.136,0.96,1.207,0.67,1398.3,634.1,5627.0,0.931,1.07,0.01199,0.081,,Transit,2018.0,84.86,HotJupiter
HATS-62 b,HATS-62,3.2768837,0.04163,0.298,0.179,1.055,0.076,1237.0,387.4,5416.0,0.896,0.933,-0.17328,0.133,,Transit,2018.0,87.92,HotJupiter
HATS-61 b,HATS-61,7.817953,0.07908,0.092,3.4,1.195,2.47,1226.1,374.2,5542.0,1.076,1.664,0.36922,0.247,,Transit,2018.0,87.15,HotJupiter
HATS-60 b,HATS-60,3.560829,0.04708,0.191,0.662,1.153,0.537,1528.0,903.9,5688.0,1.097,1.46,0.30016,0.335,,Transit,2018.0,86.28,HotJupiter
K2-285 c,K2-285,7.138048,0.0824,0.0,0.04933455,0.31492551,1.95,741.4,50.35,4975.0,0.83,0.787,,0.0,K2 V,Transit,2018.0,89.861,MiniNeptune
K2-285 b,K2-285,3.471745,0.03817,0.0,0.03045653,0.23106432,3.07,1088.9,234.31,4975.0,0.83,0.787,,0.0,K2 V,Transit,2018.0,86.846,MiniNeptune
Kepler-22 b,Kepler-22,289.8623,0.849,0.0,0.113,0.212,14.7,262.0,,5518.0,0.97,0.979,-0.102,-0.29,G5 V,Transit,2011.0,89.764,MiniNeptune
HATS-59 b,HATS-59,5.416081,0.06112,0.129,0.806,1.126,0.7,1128.0,269.0,5670.0,1.038,1.036,-0.00436,0.18,,Transit,2018.0,88.1,HotJupiter
TOI-5293 A b,TOI-5293 A,2.930289,0.034,0.38,0.54,1.06,0.56,675.0,34.6,3586.0,0.54,0.52,,-0.03,M3+/-1,Transit,2023.0,88.8,GasGiant
TOI-5344 b,TOI-5344,3.792622,0.04,0.06,0.42,0.87,0.8,679.0,35.0,3770.0,0.59,0.563,-1.24413,0.48,,Transit,2023.0,87.5,GasGiant
TOI-5340 b,TOI-5340,4.9394392,0.0628,0.13,0.85,1.345,0.43,1566.0,1004.0,5990.0,1.35,1.842,0.5955,0.208,,Transit,2025.0,86.17,HotJupiter
HD 97658 b,HD 97658,9.4903,0.08,0.078,0.024,0.2,3.9,757.0,,5170.0,0.77,0.741,-0.45,-0.23,K1,Radial Velocity,2010.0,89.14,SuperEarth
TOI-5322 b,TOI-5322,5.4233207,0.0604,0.055,0.579,1.482,0.22,1350.0,554.0,5692.0,0.998,1.462,0.3075,-0.048,,Transit,2025.0,89.19,HotJupiter
EPIC 246851721 b,EPIC 246851721,6.180235,0.07229,,3.0,1.051,3.1,1401.0,642.0,6202.0,1.317,1.586,0.52634,0.141,F5 V,Transit,2018.0,86.21,HotJupiter
HATS-69 b,HATS-69,2.2252577,0.03211,0.519,0.577,0.945,0.46,1295.7,466.6,5137.0,0.892,0.8785,-0.31758,0.377,,Transit,2018.0,88.49,HotJupiter
K2-233 b,K2-233,2.467583,0.03293,0.0,0.00755124,0.11731664,5.7,1127.0,269.0,4796.0,0.79,0.71,,-0.082,K3,Transit,2018.0,88.86,DesertWorld
TOI-5210 b,TOI-5210,4.5661061,0.0557,0.066,0.258,0.957,0.364,1286.0,456.0,5723.0,1.105,1.209,0.15229,0.324,,Transit,2025.0,88.59,HotJupiter
K2-233 c,K2-233,7.06024,0.0664,0.0,0.01447322,0.11348043,12.4,794.0,66.2,4796.0,0.79,0.71,,-0.082,K3,Transit,2018.0,89.57,EarthLike
K2-233 d,K2-233,24.3681,0.1516,0.18,0.03240742,0.2108131,4.3,525.0,12.7,4796.0,0.79,0.71,,-0.082,K3,Transit,2018.0,89.62,MiniNeptune
TOI-4961 b,TOI-4961,7.479182,0.0726,0.182,1.8,1.101,1.67,919.0,115.0,5380.0,0.912,0.912,-0.20135,0.206,,Transit,2025.0,88.11,GasGiant
TOI-5573 b,TOI-5573,8.79758977,0.0712,0.072,0.35,0.87,0.661,528.0,12.92,3790.0,0.619,0.594,-1.15927,0.42,,Transit,2025.0,89.01,GasGiant
TOI-4994 b,TOI-4994,21.491984,0.1515,0.319,0.28,0.762,0.78,717.6,40.0,5640.0,1.005,1.055,0.0086,0.165,,Transit,2024.0,89.56,GasGiant
HATS-7 b,HATS-7,3.185315,0.04012,0.17,0.12,0.563,0.83,1084.0,,4985.0,0.849,0.815,-0.43415,0.25,K2,Transit,2015.0,87.92,HotJupiter
Qatar-10 b,Qatar-10,1.645321,0.0286,0.0,0.736,1.543,0.248,1955.0,,6124.0,1.156,1.254,0.29951,0.016,F7 V,Transit,2019.0,85.87,HotJupiter
Qatar-9 b,Qatar-9,1.540731,0.0234,0.0,1.19,1.009,1.43,1134.0,,4309.0,0.719,0.696,-0.82102,0.252,K5 V,Transit,2019.0,89.23,HotJupiter
Kepler-138 d,Kepler-138,23.0923,0.1288,0.01,0.00660734,0.13471341,3.6,345.0,3.4,3841.0,0.535,0.535,-1.25181,-0.18,,Transit,2014.0,89.04,EarthLike
Qatar-8 b,Qatar-8,3.71495,0.0474,0.0,0.371,1.285,0.216,1457.0,,5738.0,1.029,1.315,0.22789,0.025,G0 V,Transit,2019.0,89.29,HotJupiter
K2-237 b,K2-237,2.18053539,0.03558,0.042,1.363,1.445,0.562,1828.0,1860.0,6360.0,1.263,1.261,0.37107,0.137,,Transit,2018.0,88.03,HotJupiter
TOI-172 b,TOI-172,9.47725,0.0914,0.3806,5.42,0.965,7.53,1198.0,299.0,5645.0,1.128,1.777,0.4609,0.148,,Transit,2019.0,88.2,HotJupiter
Qatar-7 b,Qatar-7,2.032046,0.0352,0.0,1.88,1.7,0.502,2053.0,,6387.0,1.409,1.564,0.56348,0.276,F4 V,Transit,2019.0,89.0,HotJupiter
HD 1397 b,HD 1397,11.53533,0.1097,0.251,0.415,1.026,0.477,1228.3,356.0,5521.0,1.324,2.336,0.65992,0.29,,Transit,2018.0,88.99,HotJupiter
TOI-5422 b,TOI-5422,5.377219,0.0619,0.094,28.0,0.812,65.8,1369.0,580.0,5820.0,1.066,1.474,0.35218,-0.012,,Transit,2026.0,88.71,HotJupiter
GJ 143 b,GJ 143,35.61253,0.1915,0.188,0.07142183,0.2328486,7.0,422.0,,4640.0,0.73,0.695,-0.6862,0.003,K4.5,Transit,2019.0,89.33,MiniNeptune
K2-261 b,K2-261,11.633478,0.1087,0.248,0.213,0.848,0.43,1030.0,180.0,5503.0,1.266,1.641,0.34635,0.384,,Transit,2018.0,88.34,HotJupiter
TOI-5181 A b,TOI-5181 A,3.8922295,0.0522,0.15,1.04,1.191,0.76,1585.0,1053.0,6060.0,1.25,1.53,0.45788,0.208,,Transit,2025.0,83.68,HotJupiter
HATS-70 b,HATS-70,1.8882378,0.03632,0.18,12.9,1.384,6.64,2730.0,9110.0,7930.0,1.78,1.881,1.07918,0.041,,Transit,2019.0,86.7,HotJupiter
WASP-174 b,WASP-174,4.2337005,0.05503,0.0,0.33,1.437,0.135,1528.0,901.9,6399.0,1.24,1.347,0.43616,0.06,,Transit,2018.0,83.78,HotJupiter
K2-292 b,K2-292,16.9841,0.13,0.04,0.07708523,0.23463288,7.4,795.0,67.0,5725.0,1.0,1.09,,0.07,G3 V,Transit,2019.0,88.4,MiniNeptune
HD 202772 A b,HD 202772 A,3.308958,0.05208,0.038,1.017,1.545,0.343,2132.0,3440.0,6272.0,1.72,2.591,0.97128,0.3,,Transit,2019.0,84.51,HotJupiter
EPIC 249893012 c,EPIC 249893012,15.624,0.13,0.07,0.04615675,0.32741547,1.62,990.0,160.0,5430.0,1.05,1.71,,0.2,G8 IV/V,Transit,2020.0,87.94,MiniNeptune
K2-114 b,K2-114,11.3909311,0.0943,0.081,2.01,0.932,3.08,701.0,40.0,4920.0,0.86,0.824,-0.44491,0.41,,Transit,2017.0,89.21,GasGiant
EPIC 249893012 d,EPIC 249893012,35.747,0.22,0.15,0.0320297,0.35150326,0.91,752.0,53.0,5430.0,1.05,1.71,,0.2,G8 IV/V,Transit,2020.0,89.47,MiniNeptune
NGTS-12 b,NGTS-12,7.532806,0.0757,0.0,0.208,1.048,0.223,1257.0,416.0,5690.0,1.021,1.589,,-0.03,G,Transit,2020.0,88.9,HotJupiter
TOI-421 c,TOI-421,16.06819,0.1189,0.152,0.05166284,0.45409938,0.685,673.6,34.32,5325.0,0.852,0.871,,-0.02,G9 V,Transit,2020.0,88.353,MiniNeptune
TOI-824 b,TOI-824,1.392978,0.02177,,0.05810339,0.26104024,4.03,1253.0,412.0,4600.0,0.71,0.695,-0.70997,-0.092,K4 V,Transit,2020.0,83.65,MiniNeptune
K2-100 b,K2-100,1.6739035,0.0301,0.0,0.06859047,0.34615101,2.04,1841.0,1915.0,5945.0,1.15,1.24,,0.22,G0 V,Transit,2016.0,81.27,MiniNeptune
HATS-71 b,HATS-71,3.7955202,0.03745,0.0,0.37,1.024,0.42,586.8,,3405.0,0.4861,0.4783,-1.55988,0.17,M3 V,Transit,2020.0,88.82,GasGiant
HAT-P-9 b,HAT-P-9,3.92281072,0.05287,0.084,0.749,1.393,0.342,1540.0,931.0,6350.0,1.281,1.338,0.4183,0.12,,Transit,2008.0,86.44,HotJupiter
TOI-3912 b,TOI-3912,3.4936264,0.0463,0.0,0.406,1.274,0.243,1512.0,872.2,5725.0,1.088,1.392,0.27323,0.187,,Transit,2023.0,85.64,HotJupiter
Gliese 12 b,Gliese 12,12.761408,0.0668,0.5,0.01217638,0.08546718,,314.6,1.62,3296.0,0.2414,0.2617,-2.13787,-0.32,M3.0 V,Transit,2024.0,89.194,EarthLike
LTT 9779 b,LTT 9779,0.792052,0.01679,0.0,0.09225057,0.4210902,1.536,1978.0,,5443.0,1.02,0.949,-0.16749,0.27,G7 V,Transit,2020.0,76.39,MiniNeptune
TOI-3976 A b,TOI-3976 A,6.607662,0.0743,0.0,0.175,1.095,0.165,1295.0,469.0,5975.0,1.254,1.501,0.41296,0.182,,Transit,2023.0,87.28,HotJupiter
TOI-3980 b,TOI-3980,3.6089254,0.0494,0.16,0.59,1.29,0.25,1621.0,1153.0,5840.0,1.24,1.626,0.44248,0.188,,Transit,2025.0,81.95,HotJupiter
TOI-3984 A b,TOI-3984 A,4.353326,0.041,0.23,0.14,0.71,0.49,563.0,16.7,3476.0,0.49,0.47,,0.18,M4+/-0.5,Transit,2023.0,89.5,GasGiant
TOI-4010 c,TOI-4010,5.414654,0.058,0.03,0.06390241,0.52904008,0.5,907.0,112.0,4960.0,0.88,0.83,,0.37,K V,Transit,2023.0,88.8,MiniNeptune
TOI-4010 d,TOI-4010,14.70886,0.113,0.07,0.12003332,0.55134362,0.9,650.0,30.0,4960.0,0.88,0.83,,0.37,K V,Transit,2023.0,89.0,GasGiant
TOI-4010 b,TOI-4010,1.348335,0.0229,0.03,0.03460987,0.26942682,2.2,1441.0,714.0,4960.0,0.88,0.83,,0.37,K V,Transit,2023.0,88.1,MiniNeptune
KELT-16 b,KELT-16,0.9689951,0.02044,0.0,2.75,1.415,1.2,2453.0,,6236.0,1.211,1.36,0.4014,-0.002,F7 V,Transit,2017.0,84.4,HotJupiter
HD 86226 c,HD 86226,3.98442,0.049,0.075,0.02281094,0.19270229,3.97,1311.0,,5863.0,1.019,1.053,0.07188,0.018,G1 V,Transit,2020.0,86.45,DesertWorld
TRAPPIST-1 e,TRAPPIST-1,6.099615,0.02817,0.085,0.00195073,0.08189847,4.4,251.3,0.662,2559.0,0.0802,0.117,-3.28067,0.04,,Transit,2017.0,89.86,EarthLike
HATS-38 b,HATS-38,4.375021,0.05036,0.0,0.074,0.614,0.403,1294.0,464.7,5732.0,0.89,1.105,0.07151,-0.102,,Transit,2020.0,87.21,HotJupiter
HATS-37 A b,HATS-37 A,4.3315366,0.04913,0.0,0.099,0.606,0.55,1085.0,229.7,5326.0,0.843,0.877,-0.25571,0.051,,Transit,2020.0,89.33,HotJupiter
TOI-3877 b,TOI-3877,4.123596,0.0529,0.22,0.314,1.042,0.342,1445.0,729.0,5731.0,1.16,1.445,0.3075,0.269,,Transit,2025.0,83.97,HotJupiter
GJ 3473 b,GJ 3473,1.1980035,0.01589,0.0,0.00585219,0.11276653,5.03,773.0,59.4,3347.0,0.36,0.364,-1.82391,0.11,,Transit,2020.0,87.95,EarthLike
L 168-9 b,L 168-9,1.40152604,0.0208,0.0,0.01280565,0.14541911,5.18,998.0,,3842.0,0.614,0.604,-1.14086,-0.03,M0.5 V,Transit,2020.0,84.27,DesertWorld
TOI-837 b,TOI-837,8.3249113,0.0888,,0.379,0.818,0.89,995.3,164.0,5995.0,1.142,1.052,0.1271,0.01,F9/G0,Transit,2020.0,87.097,GasGiant
TOI-3688 A b,TOI-3688 A,3.246075,0.0456,0.0,0.98,1.167,0.76,1534.0,924.3,5950.0,1.199,1.302,0.2833,0.262,,Transit,2023.0,87.9,HotJupiter
TOI-905 b,TOI-905,3.739494,0.04666,0.024,0.667,1.171,0.515,1192.0,337.0,5570.0,0.968,0.918,-0.13668,0.14,,Transit,2020.0,85.68,HotJupiter
TOI-3693 b,TOI-3693,9.088516,0.0813,0.0,1.02,1.124,0.89,801.0,68.6,5321.0,0.867,0.791,-0.3439,0.071,,Transit,2022.0,89.57,GasGiant
TOI-564 b,TOI-564,1.651144,0.02734,0.072,1.463,1.02,1.7,1714.0,1423.0,5640.0,0.998,1.088,0.03262,0.143,,Transit,2020.0,78.38,HotJupiter
HAT-P-26 b,HAT-P-26,4.234516,0.0479,0.124,0.059,0.565,0.4,1001.0,,5079.0,0.816,0.788,-0.42,-0.04,K1,Transit,2010.0,88.6,HotJupiter
HAT-P-28 b,HAT-P-28,3.257215,0.0434,0.051,0.626,1.212,0.44,1384.0,,5680.0,1.025,1.103,0.053,0.12,G3,Transit,2011.0,88.0,HotJupiter
HAT-P-29 b,HAT-P-29,5.723186,0.0667,0.095,0.778,1.107,0.71,1260.0,,6087.0,1.207,1.224,0.265,0.21,F8,Transit,2011.0,87.1,HotJupiter
TOI-6330 b,TOI-6330,6.8500246,0.05763,0.34,10.0,0.972,13.57,495.0,9.97,3539.0,0.531,0.49,-1.43168,0.08,,Transit,2025.0,88.41,GasGiant
HAT-P-32 b,HAT-P-32,2.1500082,0.03397,0.159,0.68,1.98,0.108,1835.7,1841.0,6001.0,1.132,1.367,0.33806,-0.16,,Transit,2011.0,88.98,HotJupiter
LP 714-47 b,LP 714-47,4.052037,0.0417,0.04,0.09690715,0.41930591,1.7,700.0,,3950.0,0.59,0.584,-1.12494,0.41,M0.0 V,Transit,2020.0,87.3,MiniNeptune
TOI-3807 b,TOI-3807,2.8989727,0.0421,0.0,1.04,1.65,0.289,1646.0,1230.0,5772.0,1.181,1.468,0.33244,0.278,,Transit,2023.0,80.81,HotJupiter
TOI-6303 b,TOI-6303,9.485236,0.0761,0.02,7.84,1.034,8.82,541.0,14.28,3977.0,0.644,0.609,-1.08672,0.44,,Transit,2025.0,89.03,GasGiant
TOI-3819 b,TOI-3819,3.2443141,0.04611,0.0,1.11,1.172,0.85,1633.0,1186.0,5859.0,1.242,1.538,0.39967,0.273,,Transit,2023.0,82.79,HotJupiter
TIC 237913194 b,TIC 237913194,15.168865,0.1207,0.575,1.942,1.117,1.847,974.0,,5788.0,1.026,1.088,0.07773,0.14,G3,Transit,2020.0,87.0,GasGiant
LP 791-18 d,LP 791-18,2.753436,0.01992,0.0015,0.00283172,0.09206903,,395.5,5.83,2960.0,0.139,0.182,-2.63827,-0.09,M(6.1 +/- 0.7) V,Transit,2023.0,89.34,EarthLike
K2-329 b,K2-329,12.4551225,0.1016,0.0697,0.26,0.774,0.694,650.0,45.7,5282.0,0.901,0.822,-0.32514,0.098,,Transit,2020.0,89.22,GasGiant
TOI-954 b,TOI-954,3.6849729,0.04963,0.14,0.174,0.852,0.35,1526.0,1393.0,5710.0,1.201,1.892,0.53529,0.215,,Transit,2020.0,84.4,HotJupiter
HAT-P-36 b,HAT-P-36,1.3273466,0.02402,0.063,1.925,1.357,0.955,1820.2,1821.0,5560.0,1.049,1.108,0.02243,0.26,,Transit,2011.0,85.19,HotJupiter
TOI-815 c,TOI-815,34.976145,0.193,0.22,0.07393927,0.23374115,7.2,469.0,8.03,4869.0,0.776,0.77,,-0.09,K3 V,Transit,2024.0,89.107,MiniNeptune
TOI-3856 b,TOI-3856,2.04360352,0.0325,0.083,0.54,1.213,0.371,1544.0,949.0,5622.0,1.096,1.055,0.00087,0.454,,Transit,2025.0,82.94,HotJupiter
TOI-4087 b,TOI-4087,3.1774835,0.04469,0.0,0.73,1.164,0.57,1458.0,753.9,6060.0,1.178,1.112,0.17609,0.237,,Transit,2023.0,87.82,HotJupiter
TRAPPIST-1 f,TRAPPIST-1,9.20669,0.0371,0.063,0.00213951,0.09322866,3.3,219.0,0.382,2559.0,0.0802,0.117,-3.28067,0.04,,Transit,2017.0,89.68,EarthLike
TOI-6130 b,TOI-6130,2.392679,0.036,0.036,1.05,1.28,0.64,1750.0,1150.0,6110.0,1.31,1.51,0.4609,0.28,F,Transit,2024.0,,HotJupiter
TRAPPIST-1 g,TRAPPIST-1,12.35294,0.0451,0.061,0.00421609,0.10054421,5.2,198.6,0.258,2559.0,0.0802,0.117,-3.28067,0.04,,Transit,2017.0,89.71,EarthLike
KELT-12 b,KELT-12,5.031623,0.06708,0.0,0.95,1.78,0.209,1800.0,1749.0,6279.0,1.591,2.37,0.89209,0.19,,Transit,2017.0,84.47,HotJupiter
KELT-11 b,KELT-11,4.736529,0.06229,0.0,0.195,1.37,0.093,1712.0,1433.0,5370.0,1.438,2.72,0.74429,0.18,,Transit,2017.0,85.8,HotJupiter
TOI-6041 b,TOI-6041,26.04945,0.1651,,0.09092957,0.40592451,1.79,605.6,22.4,5445.0,0.885,0.879,-0.21254,0.104,G7,Transit,2025.0,88.955,MiniNeptune
TOI-1130 c,TOI-1130,8.350381,0.07098,0.047,0.974,1.5,0.38,637.0,,4250.0,0.684,0.687,-0.85387,0.2,K7,Transit,2020.0,87.43,GasGiant
TOI-6034 b,TOI-6034,2.576184,0.02949,0.04,0.798,1.063,0.82,714.0,43.0,3635.0,0.514,0.489,-1.4034,-0.09,,Transit,2024.0,87.06,GasGiant
TOI-1130 b,TOI-1130,4.07445,0.04457,0.0541,0.06066166,0.31760247,2.34,632.17,78.1,4350.0,0.712,0.695,,0.3,K6-K7,Transit,2020.0,92.14,MiniNeptune
Kepler-138 b,Kepler-138,10.3134,0.0753,0.02,0.00022024,0.05709707,1.7,452.0,9.9,3841.0,0.535,0.535,-1.25181,-0.18,,Transit,2014.0,88.67,EarthLike
Kepler-427 b,Kepler-427,10.290994,0.091,0.57,0.29,1.23,0.16,1100.0,,5800.0,0.96,1.35,0.29,-0.19,G2 V,Transit,2014.0,89.5,HotJupiter
TOI-6016 b,TOI-6016,4.023687,0.055,0.0,1.17,1.22,0.81,1890.0,940.0,6110.0,1.31,1.51,0.4609,0.28,F,Transit,2024.0,,HotJupiter
K2-419 A b,K2-419 A,20.35847252,0.1208,0.042,0.617,0.941,0.916,377.0,3.3,3711.0,0.562,0.541,-1.27654,-0.11,,Transit,2024.0,89.54,GasGiant
K2-113 b,K2-113,5.817608,0.0558,0.0,1.29,0.93,1.97,1178.0,,5627.0,1.007,1.047,0.0086,0.18,G,Transit,2017.0,86.21,HotJupiter
WASP-44 b,WASP-44,2.423804,0.03453,,0.87,1.1,0.811,1337.0,533.0,5420.0,0.935,0.906,-0.19777,-0.003,G8 V,Transit,2011.0,86.21,HotJupiter
HATS-72 b,HATS-72,7.3279474,0.066517,0.013,0.1254,0.7224,0.411,739.3,49.58,4656.1,0.7311,0.7214,-0.65896,0.099,,Transit,2020.0,89.56,GasGiant
HATS-49 b,HATS-49,4.1480467,0.04515,0.071,0.353,0.765,0.986,834.8,80.45,4405.0,0.7133,0.6977,-0.78489,0.208,,Transit,2020.0,88.27,GasGiant
HATS-48 A b,HATS-48 A,3.1316666,0.03769,0.162,0.243,0.8,0.589,954.6,137.6,4546.0,0.7279,0.7152,-0.70885,0.186,,Transit,2020.0,89.58,GasGiant
HATS-47 b,HATS-47,3.9228038,0.04269,0.088,0.369,1.117,0.331,852.9,87.73,4512.0,0.674,0.6564,-0.79615,-0.113,,Transit,2020.0,87.08,GasGiant
Kepler-1661 b,Kepler-1661,175.06,0.633,0.057,0.05348771,0.34525827,1.6,243.0,0.88,5100.0,0.841,0.762,,-0.12,K,Transit,2020.0,89.46,MiniNeptune
HD 136352 d,HD 136352,107.245,0.425,0.0,0.02775082,0.22856672,2.878108,431.0,5.74,5664.0,0.87,1.058,0.0162,-0.24,,Radial Velocity,2019.0,89.73,MiniNeptune
HD 136352 c,HD 136352,27.5909,0.1729,0.037,0.03552213,0.23267018,3.5,682.0,36.0,5850.0,0.906,1.012,0.03383,-0.25,,Radial Velocity,2019.0,88.658,MiniNeptune
TOI-4145 A b,TOI-4145 A,4.0664428,0.04823,0.0,0.43,1.187,0.32,1074.0,223.0,5281.0,0.905,0.859,-0.28735,0.168,,Transit,2023.0,86.2,HotJupiter
TOI-1899 b,TOI-1899,29.02,0.1587,0.118,0.66,1.15,0.54,362.0,2.9,3841.0,0.627,0.607,,0.31,M0,Transit,2020.0,89.77,GasGiant
HD 118203 b,HD 118203,6.134989,0.0701,0.301,2.182,1.12,2.1,1371.0,,5788.0,1.22,2.03,0.69984,0.22,K0 IV,Radial Velocity,2005.0,88.9,HotJupiter
TOI-4137 b,TOI-4137,3.8016122,0.05222,0.0,1.44,1.211,1.01,1570.0,1013.0,6202.0,1.313,1.438,0.43933,0.182,,Transit,2022.0,85.7,HotJupiter
HATS-22 b,HATS-22,4.7228124,0.05025,0.079,2.74,0.953,3.89,858.0,,4803.0,0.759,0.689,-0.64589,0.0,K V,Transit,2017.0,87.96,GasGiant
Kepler-428 b,Kepler-428,3.52563254,0.0433,0.22,1.27,1.08,1.02,1070.0,,5150.0,0.87,0.8,-0.39,0.09,K1 V,Transit,2014.0,89.36,HotJupiter
HATS-23 b,HATS-23,2.1605156,0.03397,0.114,1.47,1.86,0.29,1654.0,,5780.0,1.121,1.199,0.15534,0.28,G V,Transit,2017.0,81.02,HotJupiter
HATS-24 b,HATS-24,1.3484954,0.02547,0.242,2.44,1.487,0.92,2067.0,,6346.0,1.212,1.172,0.29226,0.0,F V,Transit,2017.0,86.6,HotJupiter
TOI-6054.02,TOI-6054,12.563636,0.1079,0.332,0.02926107,0.25158398,2.25,1143.0,285.0,6047.0,1.107,1.662,0.52244,-0.07,,Transit,2024.0,88.82,MiniNeptune
TOI-6054.01,TOI-6054,7.501428,0.0763,0.164,0.0393294,0.23552543,3.7,1360.0,570.0,6047.0,1.107,1.662,0.52244,-0.07,,Transit,2024.0,88.59,MiniNeptune
TOI-4214 b,TOI-4214,3.4913885,0.05018,0.17,0.52,0.953,0.74,1642.0,1210.0,6370.0,1.382,1.434,0.48287,0.294,,Transit,2025.0,85.77,HotJupiter
TOI-1235 b,TOI-1235,3.444729,0.03845,0.15,0.02174118,0.15505397,7.4,754.0,53.6,3872.0,0.64,0.63,-1.09691,0.05,,Transit,2020.0,88.1,EarthLike
HD 136352 b,HD 136352,11.57779,0.0969,0.079,0.01453607,0.13221518,7.8,911.0,114.0,5850.0,0.906,1.012,0.03383,-0.25,,Radial Velocity,2019.0,88.86,DesertWorld
TOI-421 b,TOI-421,5.19672,0.056,0.163,0.02255923,0.23909359,2.05,981.4,154.57,5325.0,0.852,0.871,,-0.02,G9 V,Transit,2020.0,85.68,MiniNeptune
HAT-P-11 b,HAT-P-11,4.8878162,0.053,0.198,0.081,0.422,1.33,878.0,,4780.0,0.81,0.75,-0.585,0.31,K4,Transit,2008.0,88.5,MiniNeptune
GJ 1132 b,GJ 1132,1.62892911,0.0157,0.0118,0.00578,0.1063,5.97,583.8,19.3,3229.0,0.1945,0.2211,-2.32148,-0.17,,Transit,2015.0,88.16,EarthLike
TOI-3629 b,TOI-3629,3.936551,0.043,0.05,0.26,0.74,0.8,690.0,39.0,3870.0,0.63,0.6,,0.4,M1,Transit,2022.0,89.1,GasGiant
TOI-244 b,TOI-244,7.397225,0.0559,,0.00843222,0.13560555,4.2,458.0,7.3,3433.0,0.428,0.426,-1.64264,-0.39,M2.5 V,Transit,2023.0,88.32,EarthLike
Kepler-138 c,Kepler-138,13.7815,0.0913,0.017,0.00723661,0.13471341,3.6,410.0,6.8,3841.0,0.535,0.535,-1.25181,-0.18,,Transit,2014.0,89.02,EarthLike
HD 219134 b,HD 219134,3.092926,0.03876,0.0,0.01491363,0.14292087,6.34,1015.0,176.2,4699.0,0.81,0.778,-0.57741,0.11,,Radial Velocity,2015.0,85.05,DesertWorld
TOI-836 b,TOI-836,3.81673,0.0422,0.053,0.01425297,0.15202096,5.02,871.0,78.838,4552.0,0.678,0.665,,-0.284,K V,Transit,2023.0,87.57,DesertWorld
TOI-836.01,TOI-836,8.59545,0.075,0.078,0.03020498,0.23079708,3.06,665.0,26.707,4552.0,0.678,0.665,,-0.284,K V,Transit,2021.0,88.7,MiniNeptune
TOI-3714 b,TOI-3714,2.154849,0.027,0.03,0.7,1.01,0.85,750.0,54.0,3660.0,0.53,0.51,,0.1,M2,Transit,2022.0,88.7,GasGiant
TOI-1468 b,TOI-1468,1.8805201,0.02107,0.0099,0.00956491,0.12498906,6.1,683.5,36.4,3376.0,0.3527,0.3714,-1.7921,-0.01,,Transit,2022.0,87.82,EarthLike
HD 224018 b,HD 224018,10.6413,0.0952,0.06,0.01290004,0.0811849,17.1,968.0,,5784.0,1.013,1.147,0.12385,0.05,G V,Radial Velocity,2025.0,86.7,DesertWorld
K2-3 d,K2-3,44.55603,0.2014,0.091,0.00692197,0.13007427,,305.2,1.44,3844.0,0.549,0.546,-1.23136,-0.157,M V,Transit,2015.0,89.82,EarthLike
HIP 116454 b,HIP 116454,9.1004157,0.0792,0.215,0.03051961,0.22026981,3.53,753.2,51.2858,5048.0,0.8,0.758,-0.47314,0.0,,Transit,2014.0,88.91,SuperEarth
TOI-815 b,TOI-815,11.197259,0.0903,0.2,0.02391227,0.26228968,1.64,686.0,36.9,4869.0,0.776,0.77,,-0.09,K3 V,Transit,2024.0,89.36,MiniNeptune
HD 224018 c,HD 224018,36.57669,0.217,0.02,0.03272206,0.21589831,4.0,641.0,,5784.0,1.013,1.147,0.12385,0.05,G V,Transit,2025.0,89.8,MiniNeptune
HD 224018 d,HD 224018,138.0731,0.53,0.04,0.01321468,0.21411403,1.7,411.0,,5784.0,1.013,1.147,0.12385,0.05,G V,Transit,2025.0,89.9,SuperEarth
PH2 b,PH2,282.52542,0.833,0.215,0.274,0.833,0.58,295.1,1.2,5734.0,0.966,0.949,-0.05849,0.017,,Transit,2013.0,89.898,GasGiant
KELT-7 b,KELT-7,2.7347749,0.04415,0.0,1.28,1.533,0.442,2048.0,,6789.0,1.535,1.732,0.758,0.139,F,Transit,2015.0,83.76,HotJupiter
L 98-59 f,L 98-59,23.064,0.1052,0.044,0.00880979,,5.0,285.0,1.1,3415.0,0.2923,0.3155,-1.91364,-0.46,M3 V,Radial Velocity,2025.0,74.0,EarthLike
TOI-286 b,TOI-286,4.5117244,0.0503,0.0,0.01425297,0.12668413,8.63,979.0,,5152.0,0.832,0.78,-0.41364,-0.05,K3 V,Transit,2024.0,87.52,DesertWorld
TOI-1420 b,TOI-1420,6.9561063,0.071,0.17,0.07897343,1.06075658,0.082,957.0,139.0,5510.0,0.987,0.923,-0.15181,0.28,,Transit,2023.0,88.58,GasGiant
TOI-908 b,TOI-908,3.183792,0.041657,0.132,0.05077268,0.28423637,2.742,1317.0,80.884,5626.0,0.95,1.028,,0.08,G V,Transit,2023.0,86.475,MiniNeptune
TOI-1422 b,TOI-1422,12.9972,0.108,0.04,0.02831717,0.35328815,0.795,867.0,,5840.0,0.981,1.019,0.04766,-0.09,G2 V,Transit,2022.0,89.52,MiniNeptune
K2-263 b,K2-263,50.818947,0.2573,0.14,0.04656577,0.2150058,5.7,470.0,,5368.0,0.88,0.85,-0.25964,-0.08,G9 V,Transit,2018.0,89.24,MiniNeptune
TOI-1416 b,TOI-1416,1.0697568,0.019,0.0,0.0109493,0.14452697,4.5,1517.0,883.0,4884.0,0.798,0.793,,0.08,G9 V,Transit,2023.0,85.7,DesertWorld
TOI-5789 c,TOI-5789,12.927748,0.1009,0.067,0.01573176,0.25515255,1.16,718.0,,5185.0,0.821,0.833,-0.32883,-0.12,K1 V,Transit,,88.02,MiniNeptune
Kepler-1514 b,Kepler-1514,217.83184,0.753,0.401,5.28,1.108,4.82,387.9,3.23,6145.0,1.196,1.289,0.32838,0.119,,Transit,2016.0,89.944,GasGiant
TOI-260 b,TOI-260,13.475853,0.0943,0.0,0.01330907,0.15255624,4.66,493.0,,4026.0,0.616,0.607,-1.05899,-0.47,K8 V,Transit,2024.0,88.84,EarthLike
TOI-7510 d,TOI-7510,48.864468,0.2672,0.04,0.597,0.939,0.89,542.4,,5720.0,1.063,1.035,0.01115,0.25,G3,Transit,2025.0,89.312,GasGiant
TOI-7510 c,TOI-7510,22.5687423,0.1595,0.0091,0.412,0.964,0.573,702.0,,5720.0,1.063,1.035,0.01115,0.25,G3,Transit,2025.0,90.11,GasGiant
TOI-1468 c,TOI-1468,15.532477,0.08608,0.111,0.01290004,0.18966934,2.31,338.1,2.13,3376.0,0.3527,0.3714,-1.7921,-0.01,,Transit,2022.0,89.22,SuperEarth
TOI-7510 b,TOI-7510,11.530869,0.1019,0.0572,0.0571,0.652,0.255,878.0,,5720.0,1.063,1.035,0.01115,0.25,G3,Transit,2025.0,90.03,GasGiant
HD 219134 c,HD 219134,6.76458,0.0653,0.062,0.01371803,0.13480239,6.95,782.0,62.1,4699.0,0.81,0.778,-0.57741,0.11,,Radial Velocity,2015.0,87.28,EarthLike
TOI-1135 b,TOI-1135,8.02773,0.082,0.0,0.162,0.805,0.41,1198.9,,6122.0,1.125,1.16,0.23096,0.0,G0,Transit,2024.0,89.97,HotJupiter
TOI-286 c,TOI-286,39.361826,0.213,0.0,0.01170443,0.16772265,3.09,475.0,,5152.0,0.832,0.78,-0.41364,-0.05,K3 V,Transit,2024.0,89.69,SuperEarth
TOI-778 b,TOI-778,4.633611,0.06,0.21,2.8,1.37,1.3,1561.0,,6643.0,1.4,1.71,0.76042,0.0,F3 V,Transit,2023.0,84.7,HotJupiter
TOI-1173 b,TOI-1173,7.06466,0.0696,0.023,0.08621004,0.8198783,0.195,868.0,132.0,5350.0,0.911,0.934,,0.139,G9,Transit,2024.0,87.228,GasGiant
TOI-1203 b,TOI-1203,4.1572888,0.04869,0.067,0.0110437,0.13560555,5.48,1361.2,572.2,5737.0,0.886,1.179,,-0.39,G3 V,Radial Velocity,2025.0,84.29,DesertWorld
EPIC 201595106 b,EPIC 201595106,0.87724,0.0177,0.0,0.02413252,0.13962019,11.1,2038.0,2852.0,5679.0,0.958,0.98,-0.04915,0.01,,Transit,2021.0,78.2,LavaWorld
TOI-1295 b,TOI-1295,3.1968838,0.047,0.024,1.42,1.4,0.65,2360.0,1800.0,6280.0,1.38,1.7,0.58659,0.26,F,Transit,2024.0,,HotJupiter
TOI-1203.01,TOI-1203,25.502672,0.1632,0.032,0.02325154,0.26032697,1.63,743.6,51.0,5737.0,0.886,1.179,,-0.39,G3 V,Transit,2021.0,89.22,MiniNeptune
TOI-2443 b,TOI-2443,15.66858,0.105,0.301,0.01510249,0.2108131,2.0,519.0,,4375.0,0.642,0.631,-0.86487,-0.29,K5 V,Transit,2023.0,89.72,SuperEarth
TOI-757 b,TOI-757,17.46819,0.122,0.39,0.03303669,0.22303545,3.6,641.0,,5278.0,0.8,0.78,-0.37675,-0.27,K0 V,Transit,2024.0,89.5,MiniNeptune
WASP-150 b,WASP-150,5.644207,0.0694,0.3775,8.46,1.07,8.54,1460.0,,6218.0,1.394,1.651,,0.156,F8,Transit,2020.0,84.01,HotJupiter
NGTS-24 b,NGTS-24,3.4678796,0.0479,0.0,0.52,1.214,,1499.0,,5820.0,1.26,1.64,0.44592,0.27,G2 IV,Transit,2022.0,82.61,HotJupiter
Kepler-107 e,Kepler-107,14.749143,0.12638,0.1,0.04436356,0.25898876,3.18,955.0,138.7,5854.0,1.238,1.447,,0.321,,Transit,2014.0,89.67,MiniNeptune
WASP-194 b,WASP-194,3.183387,0.047,0.0,1.174,1.381,0.55,1693.0,1365.0,6405.0,1.29,1.409,,0.0,,Transit,2025.0,83.23,HotJupiter
Kepler-538 b,Kepler-538,81.73778,0.3554,0.21,0.04058794,0.1976094,6.5,417.0,5.07,5534.0,0.892,0.8717,,-0.09,,Transit,2016.0,89.73,MiniNeptune
Kepler-36 b,Kepler-36,13.83989,0.1153,0.039,0.014,0.133,7.46,978.0,,5911.0,1.071,1.626,0.462,-0.2,,Transit,2012.0,90.01,DesertWorld
TOI-6038 A b,TOI-6038 A,5.8267311,0.069,,0.24698862,0.57186288,1.62,1439.0,716.0,6110.0,1.291,1.648,0.53275,0.124,,Transit,2025.0,88.96,HotJupiter
HATS-33 b,HATS-33,2.5495551,0.03727,0.08,1.192,1.23,0.79,1429.0,,5659.0,1.062,1.022,-0.01773,0.29,,Transit,2016.0,87.62,HotJupiter
HATS-34 b,HATS-34,2.1061607,0.03166,0.108,0.941,1.43,0.4,1445.0,,5380.0,0.955,0.98,-0.14026,0.25,,Transit,2016.0,82.28,HotJupiter
TOI-469.01,TOI-469,13.63083,0.107,,0.03020498,0.31046534,1.3,777.0,61.0,5289.0,0.89,0.98,-0.1549,0.24,,Transit,2021.0,89.3,MiniNeptune
HAT-P-37 b,HAT-P-37,2.797436,0.0379,0.058,1.169,1.178,0.89,1271.0,,5500.0,0.929,0.877,-0.208,0.03,,Transit,2011.0,86.9,HotJupiter
HAT-P-3 b,HAT-P-3,2.899703,0.03894,0.0,0.599,0.89,1.06,,,5185.0,0.936,0.824,-0.35458,0.27,K,Transit,2007.0,87.24,GasGiant
TOI-892 b,TOI-892,10.62656,0.092,0.125,0.95,1.07,,1397.0,,6261.0,1.28,1.39,0.43136,0.24,F,Transit,2020.0,88.2,HotJupiter
HATS-31 b,HATS-31,3.37796,0.0478,0.233,0.88,1.64,0.243,1823.0,,6050.0,1.275,1.87,0.61909,0.0,,Transit,2016.0,85.0,HotJupiter
TOI-481 b,TOI-481,10.33111,0.097,0.153,1.53,0.99,,1370.0,,5735.0,1.14,1.66,0.43457,0.26,G,Transit,2020.0,89.2,HotJupiter
HATS-35 b,HATS-35,1.8209993,0.03199,0.306,1.222,1.464,0.484,2037.0,,6300.0,1.317,1.433,0.46538,0.21,,Transit,2016.0,86.9,HotJupiter
TOI-3837 b,TOI-3837,11.88865,0.099,0.221,0.59,0.97,0.82,1178.0,,5905.0,0.89,1.2,0.19618,-0.26,,Transit,2025.0,88.0,HotJupiter
HATS-32 b,HATS-32,2.8126548,0.04024,0.471,0.92,1.249,0.58,1437.0,,5700.0,1.099,1.097,0.0569,0.39,,Transit,2016.0,87.1,HotJupiter
HD 106315 b,HD 106315,9.55237,0.0907,0.093,0.03964383,0.21768222,4.7,1153.0,,6327.0,1.091,1.296,,-0.311,F5 V,Transit,2017.0,87.54,MiniNeptune
WASP-142 b,WASP-142,2.052868,0.0347,0.0,0.84,1.53,0.31,2000.0,,6010.0,1.33,1.64,,0.26,F8,Transit,2016.0,80.2,HotJupiter
GJ 3470 b,GJ 3470,3.33714,0.0348,0.051,0.044,0.37,1.07,615.0,,3600.0,0.541,0.503,-1.538,,M1.5,Radial Velocity,2012.0,88.8,MiniNeptune
Kepler-109 b,Kepler-109,6.4816307,0.0701,0.11,0.01541712,0.2221433,1.7,1276.0,442.0,5950.0,1.094,1.387,,-0.02,,Transit,2014.0,87.06,DesertWorld
WASP-131 b,WASP-131,5.322023,0.0607,0.0,0.27,1.22,0.2,1460.0,,6030.0,1.06,1.53,,-0.18,G0,Transit,2016.0,85.0,HotJupiter
K2-110 b,K2-110,13.86375,0.1021,0.079,0.05254381,0.23124275,5.2,640.0,,5010.0,0.738,0.713,,-0.34,K3 V,Transit,2017.0,89.35,MiniNeptune
HAT-P-39 b,HAT-P-39,3.54387,0.0509,0.0,0.599,1.571,0.19,1752.0,,6430.0,1.404,1.625,0.607,0.19,,Transit,2012.0,87.0,HotJupiter
HD 235088 b,HD 235088,7.4341325,0.0706,0.0,0.01305736,0.1768225,2.922216,,,5075.0,0.849,0.772,-0.4437,-0.02,K V,Transit,2023.0,88.74,SuperEarth
WASP-139 b,WASP-139,5.924262,0.062,0.0,0.117,0.8,0.31,910.0,,5310.0,0.92,0.8,,0.2,K0,Transit,2016.0,88.9,GasGiant
Kepler-45 b,Kepler-45,2.455239,0.03,0.11,0.505,0.96,0.8,1000.0,,3820.0,0.59,0.55,,0.28,M,Transit,2011.0,87.0,GasGiant
K2-222 b,K2-222,15.38857,0.1206,0.16,0.02737326,0.20965332,3.68,871.0,96.0,5942.0,0.989,1.115,,-0.315,,Transit,2018.0,89.12,DesertWorld
WASP-140 b,WASP-140,2.2359835,0.0323,0.047,2.44,1.44,1.1,1320.0,,5260.0,0.9,0.87,,0.12,K0,Transit,2016.0,83.3,HotJupiter
HAT-P-4 b,HAT-P-4,3.056536,0.0446,0.0,0.68,1.27,0.41,,,5860.0,1.26,1.59,0.42813,0.24,G1 V,Transit,2007.0,89.9,GasGiant
HAT-P-2 b,HAT-P-2,5.6334729,0.06878,0.5171,9.09,1.157,7.29,1540.0,,6290.0,1.36,1.64,0.577,0.14,,Transit,2007.0,86.72,HotJupiter
WASP-82 b,WASP-82,2.705782,0.0447,0.0,1.24,1.67,0.354,2190.0,,6490.0,1.63,2.18,,0.12,F5,Transit,2015.0,87.9,HotJupiter
HAT-P-30 b,HAT-P-30,2.810595,0.0419,0.035,0.711,1.34,0.37,1630.0,,6304.0,1.242,1.215,0.312,0.13,,Transit,2011.0,83.6,HotJupiter
WASP-141 b,WASP-141,3.310651,0.0469,0.0,2.69,1.21,1.98,1540.0,,5900.0,1.25,1.37,,0.29,F9,Transit,2016.0,87.6,HotJupiter
WASP-45 b,WASP-45,3.126089,0.03963,,0.964,0.946,1.418,1153.0,294.0,5150.0,0.85,0.855,-0.33555,-0.03,,Transit,2011.0,85.02,HotJupiter
MASCARA-4 b,MASCARA-4,2.82406,0.047,0.0,3.1,1.53,,2100.0,,7800.0,1.75,1.92,1.08743,0.0,A7 V,Transit,2020.0,88.5,HotJupiter
Kepler-20 c,Kepler-20,10.8540774,0.0936,0.076,0.03492451,0.25818583,2.51,828.0,78.7,5495.0,0.929,0.9164,,0.07,,Transit,2011.0,89.815,MiniNeptune
LHS 1815 b,LHS 1815,3.81433,0.0404,0.0,0.02737312,0.09706486,,617.0,,3643.0,0.502,0.501,-1.38722,-0.12,M1,Transit,2020.0,88.125,EarthLike
TOI-1408 b,TOI-1408,4.42587,0.05778,0.0023,1.86578665,2.23035445,0.18,,,6117.0,1.312,1.53,0.47129,0.25,F8 V,Transit,2023.0,82.4,GasGiant
WASP-5 b,WASP-5,1.6284296,0.02683,0.0,1.58,1.09,1.62,1753.0,,5880.0,0.972,1.026,,0.0,G4 V,Transit,2008.0,85.0,HotJupiter
WASP-176 b,WASP-176,3.899052,0.0535,0.0,0.855,1.505,0.31,1721.0,,5941.0,1.345,1.925,,0.164,F9,Transit,2020.0,86.7,HotJupiter
HD 15906 b,HD 15906,10.924709,0.09,0.11,,0.19983976,,668.0,33.14,4757.0,0.79,0.762,-0.56864,0.02,K V,Transit,2023.0,87.98,SuperEarth
EPIC 220674823 c,EPIC 220674823,13.3397,0.105,0.18,0.01824875,0.22303506,2.0,774.0,,5470.0,0.945,0.869,,-0.025,G5 V,Transit,2016.0,89.35,SuperEarth
Kepler-20 b,Kepler-20,3.6961049,0.04565,0.083,0.03051961,0.15817674,9.4,1187.0,331.0,5495.0,0.929,0.9164,,0.07,,Transit,2011.0,87.36,DesertWorld
WASP-148 b,WASP-148,8.80381,0.0845,0.22,0.291,0.722,0.96,940.0,,5460.0,1.0,1.03,,0.11,G,Transit,2020.0,89.8,GasGiant
K2-107 b,K2-107,3.31392,0.048,0.0,0.84,1.44,0.35,1780.0,,6030.0,1.3,1.78,,0.1,F9 IV,Transit,2017.0,81.9,HotJupiter
WASP-53 b,WASP-53,3.3098443,0.04101,0.03,2.132,1.074,2.28,1053.0,,4953.0,0.839,0.798,-0.46344,0.22,,Transit,2017.0,87.08,HotJupiter
K2-146 b,K2-146,2.6698,0.0248,0.14,0.01761957,0.2007319,2.702,,,3385.0,0.358,0.35,-1.82391,-0.02,M3.0 V,Transit,2018.0,88.5,SuperEarth
WASP-81 b,WASP-81,2.7164762,0.03908,0.066,0.729,1.429,0.332,1623.0,,5870.0,1.08,1.283,0.24551,-0.36,,Transit,2017.0,88.69,HotJupiter
WASP-195 b,WASP-195,5.051928,0.063,0.0,0.104,0.92,0.16,1522.0,890.0,6300.0,1.3,1.578,,0.0,,Transit,2025.0,86.3,HotJupiter
TOI-4153 b,TOI-4153,4.6174141,0.06311,0.039,1.15,1.438,0.477,1669.0,,6860.0,1.572,1.605,0.71349,0.317,,Transit,2024.0,88.75,HotJupiter
Kepler-91 b,Kepler-91,6.24658,0.072,0.066,0.88,1.384,0.44,,,4550.0,1.31,6.3,1.225,0.11,K3,Transit,2013.0,68.5,GasGiant
NGTS-11 b,NGTS-11,35.45533,0.201,0.13,0.344,0.817,0.78,435.0,,5050.0,0.862,0.832,,0.22,K,Transit,2020.0,89.16,GasGiant
TOI-1288 b,TOI-1288,2.699835,,0.064,0.13214678,0.46748229,1.6,1266.0,,5225.0,0.89,1.01,-0.16749,0.07,G V,Transit,2022.0,88.3,MiniNeptune
WASP-102 b,WASP-102,2.709813,0.041,0.0,0.622,1.33,0.32,1671.0,1293.0,5990.0,1.08,1.375,,-0.2,,Transit,2025.0,89.06,HotJupiter
K2-415 b,K2-415,4.0179694,0.027,,0.02359764,0.09055239,,412.4,4.82,3173.0,0.1635,0.1965,-2.45469,-0.13,M5 V,Transit,2023.0,89.32,EarthLike
Kepler-1655 b,Kepler-1655,11.8728787,0.1029,0.19,0.0169903,0.19743098,2.72,938.0,129.1,6148.0,1.03,1.03,,-0.24,,Transit,2018.0,87.62,DesertWorld
WASP-20 b,WASP-20,4.8996284,0.06,0.0,0.311,1.462,0.132,1379.0,,5940.0,1.2,1.392,,-0.008,F9,Transit,2015.0,85.56,HotJupiter
WASP-155 b,WASP-155,3.110413,0.043,0.0,0.871,1.2,0.62,1468.0,771.0,5660.0,1.09,1.24,,0.0,,Transit,2025.0,86.7,HotJupiter
XO-3 b,XO-3,3.19152309,0.04815,0.2791,13.27,1.32,7.16,1890.0,,6970.0,1.449,1.523,0.69197,-0.159,,Transit,2007.0,83.66,HotJupiter
WASP-149 b,WASP-149,1.332813,0.024,0.0,0.991,1.36,0.49,1855.0,1966.0,5750.0,1.05,1.08,,0.0,,Transit,2025.0,83.02,HotJupiter
EPIC 220674823 b,EPIC 220674823,0.5713127,0.01314,0.0,0.02454154,0.14952296,9.09,2299.0,4656.0,5578.0,0.913,0.99,,-0.005,,Transit,2016.0,85.2,LavaWorld
Kepler-117 c,Kepler-117,50.790391,0.2804,0.0323,1.84,1.101,1.74,704.0,,6150.0,1.129,1.606,,-0.04,F8 V,Transit,2014.0,89.64,GasGiant
HD 35843 c,HD 35843,46.9622,0.25,0.153,0.0356167,0.22660401,3.8,479.0,,5666.0,0.94,0.897,-0.12494,-0.27,,Transit,2025.0,89.58,MiniNeptune
TOI-3894 b,TOI-3894,4.3345401,0.05539,0.046,0.88,1.352,0.44,1504.0,,6000.0,1.138,1.502,0.41896,0.021,,Transit,2024.0,85.08,HotJupiter
HD 106315 c,HD 106315,21.05704,0.1536,0.22,0.04782431,0.38808101,1.01,886.0,,6327.0,1.091,1.296,,-0.311,F5 V,Transit,2017.0,88.61,MiniNeptune
Kepler-5 b,Kepler-5,3.54846,0.05064,0.024,2.114,1.431,0.894,1868.0,,6297.0,1.374,1.793,0.669,0.04,,Transit,2009.0,86.3,HotJupiter
HAT-P-5 b,HAT-P-5,2.788491,0.04075,0.0,1.06,1.26,0.66,,,5960.0,1.16,1.167,0.187,0.24,G,Transit,2007.0,86.75,GasGiant
TOI-332 b,TOI-332,0.777038,0.0159,0.0,0.17997133,0.28548537,9.6,1871.0,,5251.0,0.88,0.87,,0.256,K0 V,Transit,2023.0,86.4,HotJupiter
HATS-1 b,HATS-1,3.446459,0.0444,0.12,1.855,1.302,1.03,1359.0,,5870.0,0.986,1.038,0.04139,-0.06,,Transit,2012.0,85.6,HotJupiter
TOI-375 b,TOI-375,9.45469,0.099,0.087,0.745,0.961,1.037,1373.0,593.3,5259.9,1.441,2.9,0.75997,0.084,,Transit,2026.0,,HotJupiter
TOI-3919 b,TOI-3919,7.433234,0.0795,0.259,3.88,1.099,3.63,1198.0,,6100.0,1.208,1.319,0.33606,0.175,,Transit,2024.0,86.98,HotJupiter
Kepler-77 b,Kepler-77,3.57878087,0.04501,0.0,0.43,0.96,0.603,1440.0,,5520.0,0.95,0.99,,0.2,G5 V,Transit,2013.0,88.0,HotJupiter
WASP-130 b,WASP-130,11.55098,0.1012,0.0,1.23,0.89,2.34,833.0,,5625.0,1.04,0.96,,0.26,G6,Transit,2016.0,88.66,GasGiant
XO-6 b,XO-6,3.7650007,0.0815,0.0,4.4,2.07,0.62,1577.0,,6720.0,1.47,1.93,,-0.07,F5,Transit,2016.0,86.0,HotJupiter
EPIC 211945201 b,EPIC 211945201,19.49213,0.148,0.0,0.08495107,0.54598983,0.65,886.35,,6025.0,1.18,1.38,,0.1,G0,Transit,2018.0,87.9,GasGiant
HAT-P-67 b,HAT-P-67,4.8101025,0.06505,0.0,0.34,2.085,0.052,1903.0,,6406.0,1.642,2.546,0.93852,-0.08,,Transit,2017.0,88.8,HotJupiter
HAT-P-51 b,HAT-P-51,4.21802091,0.05042,,0.307,1.205,0.218,1168.2,310.0,5453.0,0.961,0.995,-0.10237,0.302,,Transit,2015.0,89.28,HotJupiter
Kepler-40 b,Kepler-40,6.87349,0.08,0.0,2.2,1.17,1.68,1620.0,,6510.0,1.48,2.13,,0.1,F5 IV,Transit,2010.0,89.7,HotJupiter
CoRoT-20 b,CoRoT-20,9.24285,0.0902,0.562,4.24,0.84,8.87,1002.0,,5880.0,1.14,1.02,,0.14,G2 V,Transit,2011.0,88.21,HotJupiter
Kepler-7 b,Kepler-7,4.885525,0.06224,0.0,0.433,1.478,0.166,1540.0,,5933.0,1.347,1.843,0.618,0.11,,Transit,2009.0,86.5,HotJupiter
Kepler-409 b,Kepler-409,68.9583216,0.3192,0.69,0.01887811,0.1069678,19.0,438.0,6.15,5421.0,0.913,0.897,,0.05,,Transit,2014.0,86.3,EarthLike
TOI-1278 b,TOI-1278,14.47567,0.095,0.013,18.5,1.09,18.0,,,3799.0,0.54,0.573,-1.21183,-0.01,M0 V,Transit,2021.0,88.3,GasGiant
Kepler-75 b,Kepler-75,8.8849116,0.0818,0.57,10.1,1.05,11.0,767.0,,5200.0,0.91,0.89,,0.3,K0 V,Transit,2013.0,89.12,GasGiant
CoRoT-5 b,CoRoT-5,4.0378962,0.04947,0.09,0.467,1.388,0.217,1438.0,,6100.0,1.0,1.186,,-0.25,F9 V,Transit,2009.0,85.83,HotJupiter
CoRoT-6 b,CoRoT-6,8.886593,0.0855,0.1,2.96,1.166,2.32,1017.0,,6090.0,1.05,1.025,,-0.2,F9 V,Transit,2009.0,89.07,HotJupiter
Kepler-109 c,Kepler-109,21.22265,0.1546,0.098,0.02580009,0.23641757,2.4,859.0,91.0,5950.0,1.094,1.387,,-0.02,,Transit,2014.0,89.63,MiniNeptune
NGTS-35 b,NGTS-35,25.241192,0.16,0.192,0.47824548,0.97243454,,451.0,,4717.0,0.789,0.753,-0.59688,0.085,K3.5 V,Transit,2025.0,88.816,GasGiant
WASP-113 b,WASP-113,4.54216874538,0.05885,0.0,0.475,1.409,0.228,1496.0,,5890.0,1.318,1.608,,0.1,G1,Transit,2016.0,86.46,HotJupiter
WASP-114 b,WASP-114,1.5487743,0.02851,0.012,1.769,1.339,0.97,2043.0,,5940.0,1.289,1.43,,0.14,G0,Transit,2016.0,83.96,HotJupiter
HIP 29442 d,TOI-469,6.42975,0.0649,,0.01604639,0.12222342,11.0,998.0,167.0,5289.0,0.89,0.98,-0.1549,0.24,,Radial Velocity,2023.0,88.9,DesertWorld
HIP 29442 c,TOI-469,3.53796,0.0436,,0.01415858,0.1409584,6.3,1217.0,373.0,5289.0,0.89,0.98,-0.1549,0.24,,Radial Velocity,2023.0,86.3,DesertWorld
WASP-60 b,WASP-60,4.3050011,0.0531,0.0,0.514,0.86,1.1,1320.0,,5900.0,1.078,1.14,,-0.04,G1 V,Transit,2012.0,87.9,HotJupiter
TOI-6628 b,TOI-6628,18.18424,0.134,0.67,0.74,0.98,0.98,833.0,,5463.0,0.97,1.01,-0.08778,0.36,,Transit,2025.0,88.19,GasGiant
Kepler-167 d,Kepler-167,21.803855,0.1405,0.12,,0.10652155,,536.0,13.68,4890.0,0.77,0.726,-0.57,-0.03,K4,Transit,2016.0,89.352,EarthLike
WASP-59 b,WASP-59,7.919585,0.0697,0.1,0.863,0.775,2.4,670.0,,4650.0,0.719,0.613,,-0.15,K5 V,Transit,2012.0,89.27,GasGiant
Kepler-102 e,Kepler-102,16.1456994,0.1162,0.089,0.01478785,0.19359477,2.5,590.0,20.3,4909.0,0.803,0.724,,0.11,,Transit,2013.0,89.488,SuperEarth
CoRoT-23 b,CoRoT-23,3.6313,0.048,0.16,2.8,1.05,3.0,1660.0,,5900.0,1.14,1.61,,0.05,G0 V,Transit,2011.0,85.7,HotJupiter
Kepler-323 c,Kepler-323,3.5538229,0.0458,0.095,0.02139519,0.14006626,9.6,1431.0,700.0,6004.0,1.015,1.12,,-0.14,,Transit,2014.0,88.7,DesertWorld
HD 110113 b,HD 110113,2.541,0.035,0.093,0.01431583,0.18288875,2.9,1371.0,735.49,5732.0,0.997,0.968,,0.14,G,Transit,2021.0,,DesertWorld
WASP-71 b,WASP-71,2.9036747,0.04619,0.0,2.242,1.46,0.94,2049.0,,6059.0,1.559,2.26,,0.14,F8,Transit,2012.0,84.9,HotJupiter
WASP-120 b,WASP-120,3.6112706,0.0514,0.057,4.85,1.473,2.0,1880.0,,6450.0,1.393,1.87,,-0.05,F5,Transit,2016.0,82.54,HotJupiter
WASP-123 b,WASP-123,2.9776412,0.04263,0.0,0.899,1.318,0.521,1520.0,,5740.0,1.166,1.285,,0.18,G5,Transit,2016.0,85.74,HotJupiter
Kepler-78 b,Kepler-78,0.35500745,0.00901,0.0,0.00528587,0.10714623,5.33,2223.0,4070.0,5058.0,0.779,0.7475,,-0.18,,Transit,2013.0,75.2,LavaWorld
HD 63935 c,HD 63935,21.4023,,0.0,0.03492451,0.25872112,2.5,684.0,36.7,5534.0,0.933,0.959,-0.098,0.07,,Radial Velocity,2021.0,88.241,MiniNeptune
HD 63935 b,HD 63935,9.058811,,0.0,0.0339806,0.26675039,2.2,911.0,115.6,5534.0,0.933,0.959,-0.098,0.07,,Transit,2021.0,88.49,MiniNeptune
TOI-1298 b,TOI-1298,4.537164,0.059,0.032,0.356,0.841,0.743,1388.0,,5889.0,1.44,1.412,0.33365,0.49,,Transit,2021.0,88.96,HotJupiter
TOI-1296 b,TOI-1296,3.9443715,0.0497,0.055,0.298,1.231,0.198,1562.0,,5603.0,1.17,1.664,0.39005,0.44,,Transit,2021.0,88.81,HotJupiter
HD 18599 b,HD 18599,4.1374354,0.048,0.34,0.07582708,0.23195686,7.5,,,5145.0,0.863,0.767,-0.42946,0.0,K2 V,Transit,2022.0,87.6,MiniNeptune
KELT-3 b,KELT-3,2.7033904,0.04122,0.0,1.477,1.345,0.75,1816.0,,6306.0,1.278,1.472,0.489,0.044,,Transit,2013.0,84.23,HotJupiter
TOI-2015 c,TOI-2015,5.582796,0.041232,0.00033,0.028034,,,448.0,6.68,3297.0,0.3041,0.3273,-1.49214,-0.31,M4 +/- 0.5,Transit Timing Variations,2025.0,85.7,EarthLike
Kepler-93 b,Kepler-93,4.72673978,0.05343,0.0,0.014662,0.13185856,7.93,1133.0,275.0,5669.0,0.911,0.919,,-0.18,,Transit,2014.0,89.183,DesertWorld
TOI-1518 b,TOI-1518,1.90261131,0.03712,,1.83,1.878,0.343,2546.0,7010.0,7299.0,1.88,1.942,0.98408,-0.1,,Transit,2021.0,77.626,HotJupiter
CoRoT-10 b,CoRoT-10,13.2406,0.1055,0.53,2.75,0.97,3.7,600.0,,5075.0,0.89,0.79,,0.26,K1 V,Transit,2010.0,88.55,GasGiant
CoRoT-11 b,CoRoT-11,2.99433,0.0436,0.0,2.33,1.43,0.99,1657.0,,6440.0,1.27,1.37,,-0.03,F6 V,Transit,2010.0,83.17,HotJupiter
TOI-2714 b,TOI-2714,2.499387,0.036,0.164,0.71736822,1.22401852,0.49,1603.0,,5665.0,1.07,1.25,0.16017,0.3,,Transit,2024.0,86.3,HotJupiter
NGTS-31 b,NGTS-31,4.162734,0.064,0.0,1.12,1.61,0.3,1410.0,643.0,5710.0,0.96,1.7,,0.0,,Transit,2025.0,85.6,HotJupiter
CoRoT-13 b,CoRoT-13,4.03519,0.051,0.0,1.308,0.885,2.34,1700.0,,5945.0,1.09,1.01,,0.01,G0 V,Transit,2010.0,88.02,HotJupiter
CoRoT-14 b,CoRoT-14,1.51214,0.027,0.0,7.6,1.09,7.3,1952.0,,6035.0,1.13,1.21,,0.05,F9 V,Transit,2010.0,79.6,HotJupiter
CoRoT-17 b,CoRoT-17,3.7681,0.0461,0.0,2.43,1.02,2.82,1626.0,,5740.0,1.04,1.59,,0.0,G2 V,Transit,2011.0,88.34,HotJupiter
CoRoT-18 b,CoRoT-18,1.9000693,0.0295,0.08,3.47,1.31,2.2,1550.0,,5440.0,0.95,1.0,,-0.1,G9 V,Transit,2011.0,86.5,HotJupiter
TOI-2406 b,TOI-2406,3.0766896,0.0228,0.26,,0.26228968,,447.0,6.55,3100.0,0.162,0.204,0.53148,-0.38,M4 V,Transit,2021.0,89.63,MiniNeptune
WASP-157 b,WASP-157,3.9516205,0.0529,0.0,0.574,1.065,0.64,1339.0,,5838.0,1.26,1.134,,0.34,G2 V,Transit,2016.0,84.93,HotJupiter
WASP-58 b,WASP-58,5.01718,0.0561,0.0,0.89,1.37,0.45,1270.0,,5800.0,0.94,1.17,,-0.45,G2 V,Transit,2012.0,87.4,HotJupiter
K2-157 b,K2-157,0.3652575,0.00962,,0.0036,0.0834,7.7,2432.0,6660.0,5334.0,0.89,0.86,,0.02,G9 V,Transit,2018.0,89.2,LavaWorld
Kepler-107 b,Kepler-107,3.1800218,0.04544,0.1,0.01195614,0.13703298,5.8,1592.0,1073.0,5854.0,1.238,1.447,,0.321,,Transit,2014.0,89.05,DesertWorld
NGTS-15 b,NGTS-15,3.27623,0.0441,0.0,0.751,1.1,0.74,1146.0,425.0,5600.0,0.995,0.954,,0.15,G6 V,Transit,2021.0,,HotJupiter
TOI-1448 b,TOI-1448,8.112245,0.0567,0.36,0.06135386,0.24524978,,426.0,5.45,3412.0,0.372,0.38,-1.75498,0.37,,Transit,2024.0,89.62,MiniNeptune
HD 15906 c,HD 15906,21.583298,0.141,0.04,,0.26139754,,532.0,13.37,4757.0,0.79,0.762,-0.56864,0.02,K V,Transit,2023.0,88.75,MiniNeptune
KELT-8 b,KELT-8,3.24406,0.04571,0.035,0.867,1.86,0.167,1675.0,,5754.0,1.211,1.67,,0.272,G2 V,Transit,2015.0,82.65,HotJupiter
LHS 1903 e,LHS 1903,29.31773,0.15135,0.014,0.01821738,0.15451896,6.1,333.0,2.05,3664.0,0.538,0.539,,-0.11,M,Transit,2026.0,,EarthLike
TOI-1601 b,TOI-1601,5.331751,0.06864,0.036,0.99,1.239,0.64,1619.0,,5948.0,1.517,2.186,0.73239,0.329,,Transit,2021.0,88.84,HotJupiter
Kepler-41 b,Kepler-41,1.855558,0.03,0.0,0.55,0.89,1.1,1730.0,,5620.0,1.12,1.02,,0.29,G6 V,Transit,2011.0,88.3,HotJupiter
TOI-1478 b,TOI-1478,10.180249,0.0903,0.024,0.851,1.06,0.88,918.0,,5597.0,0.947,1.048,-0.01278,0.078,,Transit,2021.0,88.51,GasGiant
TOI-1333 b,TOI-1333,4.720219,0.0626,0.073,2.37,1.396,1.08,1679.0,,6274.0,1.464,1.925,0.71349,0.119,,Transit,2021.0,85.7,HotJupiter
TOI-3568 b,TOI-3568,4.417965,0.0485,0.035,0.083,0.483,0.98,899.0,,4969.0,0.78,0.719,0.33,-0.01,,Transit,2024.0,89.2,MiniNeptune
TOI-640 b,TOI-640,5.0037775,0.06608,0.05,0.88,1.771,0.195,1749.0,,6460.0,1.536,2.082,0.83442,0.072,,Transit,2021.0,82.54,HotJupiter
TOI-628 b,TOI-628,3.4095675,0.0486,0.072,6.33,1.06,6.58,1586.0,,6250.0,1.311,1.345,0.39445,0.258,,Transit,2021.0,88.41,HotJupiter
NGTS-14 A b,NGTS-14 A,3.5357173,0.0403,0.0,0.092,0.444,1.395,1143.0,,5187.0,0.898,0.842,,0.1,K1 V,Transit,2021.0,86.7,MiniNeptune
Kepler-36 c,Kepler-36,16.23855,0.1283,0.033,0.025,0.328,0.89,928.0,,5911.0,1.071,1.626,0.462,-0.2,,Transit,2012.0,89.98,MiniNeptune
TOI-178 g,TOI-178,20.7095,0.1275,,0.01239656,0.25604425,0.915,470.0,,4316.0,0.65,0.651,-0.87943,-0.23,K,Transit,2021.0,88.823,MiniNeptune
TOI-178 f,TOI-178,15.231915,0.1039,,0.02428971,0.20403247,3.6,521.0,,4316.0,0.65,0.651,-0.87943,-0.23,K,Transit,2021.0,88.723,SuperEarth
TOI-6420 b,TOI-6420,6.961508,0.0753,0.078,8.2,1.065,8.4,1213.0,,6020.0,1.165,1.312,0.31175,0.24,,Transit,2025.0,85.8,HotJupiter
TOI-178 e,TOI-178,9.961881,0.0783,,0.01214486,0.19689535,1.98,600.0,,4316.0,0.65,0.651,-0.87943,-0.23,K,Transit,2021.0,88.71,SuperEarth
TOI-178 d,TOI-178,6.5577,0.0592,,0.00947047,0.22945847,0.976,690.0,,4316.0,0.65,0.651,-0.87943,-0.23,K,Transit,2021.0,88.58,MiniNeptune
TOI-178 c,TOI-178,3.23845,0.037,,0.01500802,0.14889821,5.62,873.0,,4316.0,0.65,0.651,-0.87943,-0.23,K,Transit,2021.0,88.4,DesertWorld
TOI-178 b,TOI-178,1.914558,0.02607,,0.0047195,0.10277456,5.4,1040.0,,4316.0,0.65,0.651,-0.87943,-0.23,K,Transit,2021.0,88.8,DesertWorld
Kepler-17 b,Kepler-17,1.4857108,0.02591,0.011,2.45,1.31,1.35,1570.0,,5781.0,1.04,1.01034,0.01164,0.26,,Transit,2011.0,87.2,HotJupiter
NGTS-16 b,NGTS-16,4.84532,0.0523,0.0,0.667,1.3,0.38,1177.0,480.0,5550.0,1.002,1.213,,0.35,G7 V,Transit,2021.0,,HotJupiter
NGTS-17 b,NGTS-17,3.24253,0.0391,0.0,0.764,1.24,0.5,1457.0,1160.0,5650.0,1.025,1.337,,0.15,G4 V,Transit,2021.0,,HotJupiter
NGTS-18 b,NGTS-18,3.05125,0.0448,0.0,0.409,1.21,0.28,1381.0,845.0,5610.0,1.003,1.392,,0.15,G5 V,Transit,2021.0,,HotJupiter
HD 3167 c,HD 3167,29.8454,0.1776,0.06,0.0350189,0.26764253,2.11,564.0,16.9,5261.0,0.837,0.88,,0.04,,Transit,2016.0,89.3,MiniNeptune
TOI-2981 b,TOI-2981,3.601501,0.048,0.035,2.00737249,1.19546999,1.46,1358.0,,5940.0,1.03,1.08,0.11594,-0.11,,Transit,2024.0,87.98,HotJupiter
WASP-52 b,WASP-52,1.7497798,0.0272,0.0,0.46,1.27,0.29,1315.0,,5000.0,0.87,0.79,,0.03,K2 V,Transit,2012.0,85.35,HotJupiter
TOI-4600 c,TOI-4600,482.8191,1.152,0.21,9.27,0.841,,191.0,,5170.0,0.89,0.81,-0.37675,0.16,K V,Transit,2023.0,89.9,GasGiant
HD 3167 b,HD 3167,0.959641,0.01815,0.0,0.01579461,0.15166384,5.6,,1625.0,5261.0,0.86,0.86,,0.04,K0 V,Transit,2016.0,83.4,EarthLike
WASP-57 b,WASP-57,2.838971,0.0386,0.0,0.672,0.916,1.161,1251.0,,5600.0,0.954,0.836,,-0.25,G6,Transit,2012.0,88.0,HotJupiter
WASP-56 b,WASP-56,4.617101,0.05458,0.0,0.571,1.092,0.583,1216.0,,5600.0,1.017,1.112,,0.12,G6,Transit,2012.0,88.5,HotJupiter
WASP-54 b,WASP-54,3.6936411,0.04987,0.067,0.636,1.653,0.188,1759.0,,6100.0,1.213,1.828,,-0.27,F9,Transit,2012.0,84.97,HotJupiter
K2-295 b,K2-295,4.024867,0.0451,0.0,0.335,0.897,0.612,852.0,,4444.0,0.74,0.7,,0.14,K5 V,Transit,2018.0,89.3,GasGiant
WTS-1 b,WTS-1,3.352057,0.047,0.1,4.01,1.49,1.61,1500.0,,6250.0,1.2,1.15,,-0.5,F6 V,Transit,2012.0,85.5,HotJupiter
HD 152843 b,HD 152843,11.6264,0.1053,0.14,0.03637183,0.30422035,1.58,,255.7,6310.0,1.15,1.43,,-0.16,G0,Transit,2021.0,88.85,MiniNeptune
KELT-17 b,KELT-17,3.0801716,0.04881,,1.31,1.525,0.46,2087.0,,7454.0,1.635,1.645,0.87564,-0.018,A,Transit,2016.0,84.87,HotJupiter
HAT-P-38 b,HAT-P-38,4.640382,0.0523,0.067,0.267,0.825,0.59,1082.0,,5330.0,0.886,0.923,-0.208,0.06,,Transit,2012.0,88.3,HotJupiter
TOI-220 b,TOI-220,10.695264,0.08911,0.032,0.04341966,0.27031896,2.73,805.0,,5298.0,0.825,0.858,,-0.217,K0 V,Transit,2021.0,87.88,MiniNeptune
WASP-92 b,WASP-92,2.1746742,0.0348,0.0,0.805,1.461,0.346,1871.0,,6280.0,1.19,1.341,,0.0,F7,Transit,2016.0,83.75,HotJupiter
WASP-93 b,WASP-93,2.7325321,0.04211,0.0,1.47,1.597,0.479,1942.0,,6700.0,1.334,1.524,,0.07,F4,Transit,2016.0,81.18,HotJupiter
WASP-118 b,WASP-118,4.0460435,0.05453,0.0,0.514,1.44,0.233,1729.0,,6410.0,1.32,1.696,,0.16,F6,Transit,2016.0,88.7,HotJupiter
TOI-3321 b,TOI-3321,3.6525145,0.047,0.054,0.554,1.388,0.255,1616.0,,5850.0,1.041,1.549,0.40483,-0.103,,Transit,2024.0,86.33,HotJupiter
LHS 1478 b,LHS 1478,1.9495378,0.01848,,0.007331,0.11080401,6.67,595.0,,3381.0,0.236,0.246,-2.14569,-0.13,m3 V,Transit,2021.0,87.452,EarthLike
WASP-107 b,WASP-107,5.72149,0.055,0.0,0.12,0.94,0.19,770.0,,4430.0,0.69,0.66,,0.02,K6,Transit,2017.0,89.7,GasGiant
LP 890-9 b,LP 890-9,2.7299025,0.01875,,0.04153184,0.11776272,,396.0,4.09,2850.0,0.118,0.1556,-2.84134,-0.028,M6 V,Transit,2022.0,89.67,MiniNeptune
KOI-1257 b,KOI-1257,86.647661,0.382,0.772,1.45,0.94,2.1,511.0,,5520.0,0.99,1.13,,0.27,G5 V,Transit,2014.0,89.66,GasGiant
HD 15337 c,HD 15337,17.1784,0.1268,0.05,0.02551679,0.21322152,3.23,642.0,,5125.0,0.9,0.856,,0.15,K1 V,Transit,2019.0,88.5,SuperEarth
HD 15337 b,HD 15337,4.75642,0.05245,0.17,0.02265362,0.1516,8.05,1006.0,,5131.0,0.851,0.839,-0.32606,0.03,,Transit,2019.0,88.36,DesertWorld
HATS-43 b,HATS-43,4.3888497,0.04944,0.173,0.261,1.18,0.191,1003.0,,5099.0,0.837,0.812,-0.39794,0.05,,Transit,2018.0,89.24,HotJupiter
HATS-44 b,HATS-44,2.7439004,0.03649,0.279,0.56,1.067,0.56,1161.0,,5080.0,0.86,0.847,-0.39794,0.32,,Transit,2018.0,84.65,HotJupiter
HATS-45 b,HATS-45,4.1876244,0.05511,0.24,0.7,1.286,0.41,1518.0,,6450.0,1.272,1.315,0.42488,0.02,,Transit,2018.0,85.61,HotJupiter
Qatar-1 b,Qatar-1,1.4200242,0.02332,0.0,1.294,1.143,1.076,1418.0,,5013.0,0.838,0.803,-0.43771,0.171,,Transit,2010.0,84.08,HotJupiter
HATS-46 b,HATS-46,4.7423729,0.05367,0.559,0.173,0.903,0.28,1054.0,,5495.0,0.917,0.853,-0.22988,-0.06,,Transit,2018.0,87.32,HotJupiter
BD-14 3065 b,BD-14 3065 A,4.2889731,0.0656,0.066,12.37,1.926,2.15,2001.0,,6935.0,1.41,2.35,1.06,-0.34,,Transit,2024.0,80.78,HotJupiter
K2-265 b,K2-265,2.36902,0.03359,0.16,0.0231,0.1524,7.9,1366.0,,5420.0,0.901,0.92,-0.18243,0.033,,Transit,2018.0,87.01,DesertWorld
TOI-216.01,TOI-216,34.556,0.2069,0.029,0.62926722,1.00722634,0.76,497.0,10.1,5026.0,0.874,0.838,,0.32,,Transit,2019.0,89.83,GasGiant
TOI-216.02,TOI-216,17.089,0.1293,0.132,0.09439008,0.68605585,0.34,628.0,25.9,5026.0,0.874,0.838,,0.32,,Transit,2019.0,88.364,GasGiant
TOI-5005 b,TOI-5005,6.3085044,0.06614,,0.103,0.558,0.74,1040.0,226.0,5749.0,0.97,0.93,,0.15,G2 V,Transit,2024.0,89.53,HotJupiter
KOI-94 d,KOI-94,22.342989,0.1684,0.022,0.334,1.005,0.363,806.0,,6182.0,1.277,1.52,0.479,0.0228,,Transit,2013.0,89.871,GasGiant
HD 89345 b,HD 89345,11.8143,0.1115,0.22,0.121,0.648,0.547,1068.0,,5622.0,1.324,1.733,0.43297,0.436,,Transit,2018.0,87.56,HotJupiter
HD 21749 c,GJ 143,7.78993,0.0695,,0.01164144,0.07957891,31.93,701.0,,4640.0,0.73,0.695,-0.6862,0.003,K4.5,Transit,2019.0,88.9,EarthLike
TOI-5027 b,TOI-5027,10.24368,0.093,0.385,2.02,0.96,2.94,1056.0,,5909.0,1.02,0.92,-0.03058,-0.15,,Transit,2025.0,88.18,HotJupiter
K2-238 b,K2-238,3.20466,0.046,0.0,0.86,1.3,0.56,1587.0,,5630.0,1.19,1.59,,0.34,G2 V,Transit,2018.0,84.5,HotJupiter
HAT-P-55 b,HAT-P-55,3.5852313,0.04628,,0.596,1.324,0.318,1367.0,583.0,5804.0,1.028,1.105,0.09656,0.003,,Transit,2015.0,86.8,HotJupiter
TOI-5076 b,TOI-5076,23.443162,0.1481,0.0,0.0508,0.3113,2.08,550.0,,4780.0,0.789,0.844,-0.47366,0.082,,Transit,2024.0,89.84,MiniNeptune
Kepler-107 d,Kepler-107,7.95839,0.08377,0.11,0.02422691,0.07672419,67.0,1173.0,315.0,5854.0,1.238,1.447,,0.321,,Transit,2014.0,87.55,DesertWorld
TOI-5110 b,TOI-5110,30.158577,0.2157,0.745,2.9,1.069,2.95,976.0,,6160.0,1.469,2.333,0.84696,0.065,,Transit,2024.0,85.2,GasGiant
Kepler-101 b,Kepler-101,3.4876812,0.0474,0.086,0.16,0.51,1.45,1513.0,,5667.0,1.17,1.56,,0.33,G3 IV,Transit,2014.0,85.82,HotJupiter
HATS-10 b,HATS-10,3.312846,0.04491,0.501,0.526,0.969,0.7,1407.0,,5880.0,1.101,1.105,0.117,0.15,,Transit,2015.0,87.79,HotJupiter
Kepler-117 b,Kepler-117,18.7959228,0.1445,0.0493,0.094,0.719,0.3,984.0,,6150.0,1.129,1.606,,-0.04,F8 V,Transit,2014.0,88.74,GasGiant
TOI-663 c,TOI-663,4.6955507,0.0437,,0.01148418,0.20162404,1.73,553.0,22.3,3681.0,0.514,0.512,,0.07,M1 V,Transit,2024.0,89.3,SuperEarth
WASP-12 b,WASP-12,1.0914203,0.0234,0.0,1.47,1.9,0.266,2580.0,,6360.0,1.434,1.657,0.60746,0.33,,Transit,2008.0,83.37,HotJupiter
TOI-663 d,TOI-663,7.1027268,0.0576,,0.01636103,0.17129122,4.0,482.0,12.9,3681.0,0.514,0.512,,0.07,M1 V,Transit,2024.0,89.6,SuperEarth
TOI-969 b,TOI-969,1.8237305,0.02636,,0.0286318,0.2466772,2.34,941.0,188.0,4435.0,0.734,0.671,,0.175,K V,Transit,2022.0,86.75,MiniNeptune
WASP-11 b,WASP-11,3.722465,0.043,0.0,0.53,0.91,0.92,960.0,,4800.0,0.77,0.74,0.0,0.0,,Transit,2008.0,89.8,GasGiant
Kepler-103 c,Kepler-103,179.60978,0.6639,0.095,0.11956137,0.48621727,1.29,434.0,5.95,6009.0,1.212,1.492,,0.16,,Transit,2014.0,87.704,MiniNeptune
V1298 Tau b,V1298 Tau,24.1399,0.1719,0.134,0.64,0.868,1.2,,,5050.0,1.17,1.278,-0.02045,0.1,K1,Transit,2019.0,88.7,GasGiant
TOI-5634 A b,TOI-5634 A,2.2035373,0.0272,0.0,1.85005489,0.923,,837.0,77.0,3896.0,0.556,0.54,-1.24489,-0.27,,Transit,2024.0,88.19,GasGiant
Kepler-68 b,Kepler-68,5.39875259,0.06135,0.09,0.02526521,0.21027782,3.37,1275.0,441.0,5847.0,1.057,1.2564,,0.11,,Transit,2013.0,87.23,DesertWorld
Kepler-435 b,Kepler-435,8.6001536,0.0948,0.114,0.84,1.99,0.131,1729.0,,6161.0,1.538,3.21,1.129,-0.18,,Transit,2015.0,85.51,HotJupiter
K2-232 b,K2-232,11.168459,0.0991,0.255,0.387,1.058,0.405,1001.0,,5888.0,1.039,1.233,0.21643,0.051,,Transit,2018.0,89.61,HotJupiter
K2-79 b,K2-79,10.9947,0.0988,0.23,0.02894644,0.36488599,0.73,1022.0,181.0,5897.0,1.066,1.265,,0.035,,Transit,2016.0,88.44,MiniNeptune
Kepler-20 e,Kepler-20,6.0984882,0.0637,0.092,0.00239123,0.07324484,7.5,1004.0,169.8,5495.0,0.929,0.9164,,0.07,,Transit,2011.0,87.63,DesertWorld
HATS-39 b,HATS-39,4.5776348,0.06007,0.275,0.63,1.57,0.202,1645.0,,6572.0,1.379,1.621,0.64048,0.0,,Transit,2018.0,84.98,HotJupiter
TOI-5616 b,TOI-5616,2.002849,0.0272,0.0,1.96332356,0.961,,939.0,137.0,3996.0,0.666,0.646,-0.99268,0.14,,Transit,2024.0,88.13,GasGiant
HATS-40 b,HATS-40,3.2642736,0.04997,0.312,1.59,1.58,0.49,2101.0,,6460.0,1.561,2.26,0.90309,0.01,,Transit,2018.0,85.8,HotJupiter
HATS-41 b,HATS-41,4.193649,0.0583,0.38,9.7,1.33,5.1,1710.0,,6424.0,1.496,1.71,0.65321,0.47,,Transit,2018.0,80.4,HotJupiter
HATS-42 b,HATS-42,2.292102,0.03689,0.229,1.88,1.4,0.83,1856.0,,6060.0,1.273,1.48,0.42488,0.22,,Transit,2018.0,85.1,HotJupiter
TOI-4914 b,TOI-4914,10.60057,0.098,0.408,0.71422187,1.14818647,0.59,894.0,,5805.0,1.03,1.0,0.00903,-0.13,,Transit,2024.0,86.35,GasGiant
Kepler-103 b,Kepler-103,15.9653287,0.13223,0.093,0.03083425,0.31100062,1.28,973.0,149.9,6009.0,1.212,1.492,,0.16,,Transit,2014.0,87.914,MiniNeptune
K2-167 b,K2-167,9.97748,0.091,0.47,0.02045129,0.20519261,2.87,1174.0,317.0,6011.0,1.01,1.494,,-0.4,,Transit,2018.0,88.6,DesertWorld
K2-60 b,K2-60,3.00265,0.045,0.0,0.426,0.683,1.7,1400.0,,5500.0,0.97,1.12,,0.01,G4 V,Transit,2016.0,88.49,HotJupiter
TOI-5126 b,TOI-5126,5.4588385,0.06519,0.0,,0.4228752,,1442.0,467.0,6150.0,1.24,1.241,0.29885,0.18,F V,Transit,2023.0,88.79,MiniNeptune
K2-141 b,K2-141,0.2803226,0.00716,0.0,0.01670704,0.1373896,8.0,2039.0,,4373.0,0.662,0.674,,0.03,K7 V,Transit,2018.0,90.0,LavaWorld
WASP-170 b,WASP-170,2.34478022,0.0337,,1.6,1.096,1.6,1422.0,680.0,5600.0,0.93,0.938,-0.11351,0.22,,Transit,2018.0,84.87,HotJupiter
WASP-163 b,WASP-163,1.6096884,0.0266,,1.87,1.202,1.42,1638.0,1200.0,5500.0,0.97,1.015,-0.07572,-0.34,,Transit,2018.0,85.42,HotJupiter
WASP-161 b,WASP-161,5.4060425,0.0673,,2.49,1.143,2.2,1557.0,990.0,6400.0,1.39,1.712,0.64738,0.16,,Transit,2018.0,89.01,HotJupiter
WASP-159 b,WASP-159,3.840401,0.0538,0.0,0.55,1.38,0.28,1850.0,,6120.0,1.41,2.11,,0.22,F9,Transit,2018.0,88.1,HotJupiter
WASP-162 b,WASP-162,9.62468,0.0871,0.434,5.2,1.0,6.9,910.0,,5300.0,0.95,1.11,,0.28,K0,Transit,2018.0,89.3,GasGiant
WASP-168 b,WASP-168,4.153658,0.0519,0.0,0.42,1.5,0.16,1340.0,,6000.0,1.08,1.12,,-0.01,F9 V,Transit,2018.0,84.4,HotJupiter
TOI-782 b,TOI-782,8.0240015,0.0578,0.19,0.06009532,0.24391156,,435.0,5.91,3370.0,0.397,0.413,-1.70246,0.34,,Transit,2024.0,88.98,MiniNeptune
Kepler-1876 b,Kepler-1876,6.99205,0.0758,0.098,0.00755124,0.07609969,19.0,1299.0,475.0,6104.0,1.187,1.477,,0.01,,Transit,2021.0,89.13,DesertWorld
WASP-172 b,WASP-172,5.477433,0.0694,0.0,0.47,1.57,0.16,1740.0,,6900.0,1.49,1.91,,-0.1,F1 V,Transit,2018.0,86.7,HotJupiter
TOI-5261 b,TOI-5261,4.1509768,0.05134,0.1585,11.49,1.035,12.9,1244.0,,5790.0,1.037,1.021,0.02078,0.254,,Transit,2025.0,86.07,HotJupiter
TOI-5350 b,TOI-5350,7.581367,0.0796,0.0165,6.59,1.108,6.03,1195.0,,6220.0,1.167,1.263,0.33445,0.044,,Transit,2025.0,89.04,HotJupiter
TOI-5126 c,TOI-5126,17.8999,0.1439,0.0,,0.34436673,,971.0,96.0,6150.0,1.24,1.241,0.29885,0.18,F V,Transit,2023.0,89.23,MiniNeptune
Kepler-6 b,Kepler-6,3.234723,0.04567,0.0,0.669,1.323,0.352,1500.0,,5647.0,1.209,1.391,0.299,0.34,,Transit,2009.0,86.8,HotJupiter
WASP-147 b,WASP-147,4.60273,0.0549,0.0,0.275,1.115,0.263,1404.0,,5702.0,1.044,1.429,,0.092,G4,Transit,2018.0,87.9,HotJupiter
WASP-154 b,WASP-154,3.811678,0.044,0.0,0.626,0.96,0.88,994.0,162.0,4774.0,0.8,0.823,,0.2,,Transit,2025.0,88.46,GasGiant
WASP-160 B b,WASP-160 B,3.7684952,0.0452,0.0,0.278,1.09,0.284,1119.0,,5298.0,0.87,0.868,,0.27,K0 V,Transit,2018.0,88.97,HotJupiter
WASP-164 b,WASP-164,1.7771255,0.02818,0.0,2.13,1.128,1.96,1610.0,,5806.0,0.946,0.932,,-0.01,G2 V,Transit,2018.0,82.73,HotJupiter
WASP-89 b,WASP-89,3.3564227,0.0427,0.193,5.9,1.04,7.0,1120.0,,5130.0,0.92,0.88,,0.15,K3,Transit,2015.0,89.4,HotJupiter
NGTS-32 b,NGTS-32,3.31211,0.044,0.0,0.57,1.42,0.24,1750.0,1554.0,5680.0,1.07,1.85,,-0.03,,Transit,2025.0,86.9,HotJupiter
WASP-165 b,WASP-165,3.465509,0.04823,0.0,0.658,1.26,0.44,1624.0,,5599.0,1.248,1.75,,0.33,G6,Transit,2018.0,84.9,HotJupiter
TOI-5301 b,TOI-5301,5.858857,0.06975,0.337,3.4,1.207,2.39,1682.0,,6240.0,1.483,2.19,0.81624,0.03,,Transit,2024.0,82.0,HotJupiter
WASP-83 b,WASP-83,4.971252,0.059,0.0,0.3,1.04,0.35,1120.0,,5510.0,1.11,1.05,,0.29,G8,Transit,2015.0,88.9,HotJupiter
WASP-158 b,WASP-158,3.656333,0.0517,0.0,2.79,1.07,3.1,1590.0,,6350.0,1.38,1.39,,0.24,F6 V,Transit,2018.0,87.7,HotJupiter
K2-285 d,K2-285,10.45582,0.1178,0.0,0.02045118,0.22125078,,619.9,24.61,4975.0,0.83,0.787,,0.0,K2 V,Transit,2018.0,89.6431,SuperEarth
K2-285 e,K2-285,14.76289,0.18041,0.0,0.0336658,0.17396735,,500.9,10.5,4975.0,0.83,0.787,,0.0,K2 V,Transit,2018.0,89.7994,MiniNeptune
K2-260 b,K2-260,2.62669762,0.04392,0.053,1.72,1.643,0.48,2090.0,,6860.0,1.637,1.755,0.78817,0.334,,Transit,2018.0,89.18,HotJupiter
WASP-188 b,WASP-188,5.748916,0.072,0.0,1.443,1.322,0.78,1666.0,1278.0,6850.0,1.5,1.83,,0.0,,Transit,2025.0,85.88,HotJupiter
Wolf 503 b,Wolf 503,6.00127,0.05706,0.41,0.01969616,0.18226457,2.92,790.0,,4716.0,0.688,0.689,-0.67572,-0.47,K3.5 V,Transit,2018.0,,SuperEarth
K2-291 b,K2-291,2.225177,0.03261,0.0,0.02041972,0.14176108,8.84,,633.0,5520.0,0.934,0.899,-0.16622,0.08,,Transit,2019.0,85.26,EarthLike
TOI-5398 c,TOI-5398,4.77271,0.057,0.14,0.03712695,0.31403391,1.5,1242.0,,6000.0,1.146,1.051,,0.09,G V,Transit,2023.0,88.4,MiniNeptune
TOI-5398 b,TOI-5398,10.590547,0.098,0.13,0.18469085,0.91890603,0.29,947.0,,6000.0,1.146,1.051,,0.09,G V,Transit,2022.0,89.21,GasGiant
TOI-5218 b,TOI-5218,4.291452,0.0469,0.0,2.06715317,0.879,,783.0,62.0,4230.0,0.739,0.708,-0.82391,0.41,,Transit,2024.0,88.41,GasGiant
WASP-74 b,WASP-74,2.13775,0.037,0.0,0.95,1.56,0.33,1910.0,,5970.0,1.48,1.64,,0.39,F9,Transit,2015.0,79.81,HotJupiter
NGTS-2 b,NGTS-2,4.511164,0.063,0.0,0.74,1.595,0.226,1468.0,,6478.0,1.64,1.702,,-0.06,F5 V,Transit,2018.0,88.5,HotJupiter
Kepler-167 c,Kepler-167,7.406114,0.0684,0.0,,0.13810331,,768.0,57.7,4890.0,0.77,0.726,-0.57,-0.03,K4,Transit,2014.0,89.3,EarthLike
TOI-712 b,TOI-712,9.531361,0.07928,0.54,,0.18279985,,650.0,22.6,4622.0,0.732,0.674,-0.72793,-0.02,K4.5 V,Transit,2022.0,88.22,SuperEarth
K2-66 b,K2-66,5.06963,0.05983,0.0,0.06701696,0.22214292,7.8,1372.0,840.0,5887.0,1.11,1.67,,-0.047,,Transit,2016.0,86.6,MiniNeptune
K2-266 c,K2-266,7.814,0.0679,0.042,0.00091285,0.06289589,,664.5,32.4,4285.0,0.686,0.703,-0.82333,-0.12,,Transit,2018.0,88.28,EarthLike
TOI-712 c,TOI-712,51.69906,0.2447,0.089,,0.24096749,,369.9,3.08,4622.0,0.732,0.674,-0.72793,-0.02,K4.5 V,Transit,2022.0,89.78,MiniNeptune
WASP-197 b,WASP-197,5.167228,0.065,0.0,1.269,1.289,0.74,1665.0,1276.0,6050.0,1.36,2.112,,0.0,,Transit,2025.0,86.29,HotJupiter
KOI-94 c,KOI-94,10.423648,0.1013,0.43,0.049,0.385,0.91,1012.0,,6182.0,1.277,1.52,0.479,0.0228,,Transit,2013.0,88.36,MiniNeptune
TOI-712 d,TOI-712,84.8396,0.3405,0.073,,0.22071588,,313.6,1.6,4622.0,0.732,0.674,-0.72793,-0.02,K4.5 V,Transit,2022.0,89.817,SuperEarth
Kepler-107 c,Kepler-107,4.901452,0.06064,0.08,0.03146352,0.14247504,13.5,1378.0,602.0,5854.0,1.238,1.447,,0.321,,Transit,2014.0,89.49,DesertWorld
WASP-144 b,WASP-144,2.2783152,0.0316,0.0,0.44,0.85,0.95,1260.0,,5200.0,0.81,0.81,,0.18,K2 V,Transit,2018.0,86.9,HotJupiter
TOI-5232 b,TOI-5232,4.0966692,0.05593,0.035,2.34,1.14,1.96,1772.0,,6500.0,1.389,1.785,0.71265,-0.104,,Transit,2024.0,88.3,HotJupiter
WASP-145 A b,WASP-145 A,1.7690381,0.0261,0.0,0.89,0.9,1.6,1200.0,,4900.0,0.76,0.68,,-0.04,K2 V,Transit,2018.0,83.3,HotJupiter
K2-141 c,K2-141,7.7485,0.0683,0.092,0.02517081,0.62449925,0.081,695.0,39.1,4570.0,0.708,0.681,,0.0,,Transit,2018.0,87.2,GasGiant
V1298 Tau e,V1298 Tau,40.2,0.2409,0.1,1.16,0.735,3.6,,,5050.0,1.17,1.278,-0.02045,0.1,K1,Transit,2019.0,89.0,GasGiant
Kepler-454 b,Kepler-454,10.5737534,0.09528,0.32,0.0169903,0.2114376,2.23,916.0,117.7,5687.0,1.03,1.066,,0.32,,Transit,2015.0,87.9,DesertWorld
GJ 9827 b,GJ 9827,1.2089802,0.01888,,0.01076047,0.14452672,4.5,1172.0,315.0,4269.0,0.614,0.613,,-0.5,K5 V,Transit,2017.0,85.73,DesertWorld
K2-12 b,K2-12,8.28246,0.0792,0.5,0.01636103,0.21768259,1.6,1026.0,185.0,5672.0,0.965,1.117,,0.0,,Transit,2015.0,87.6,DesertWorld
TOI-4507 b,TOI-4507,104.61611,0.456,0.09,0.06292704,0.73155626,0.2,,,6260.0,1.11,1.04,0.14922,-0.06,F,Transit,2025.0,89.93,GasGiant
LP 791-18 b,LP 791-18,0.948005,0.00969,0.0,,0.09991971,,650.0,21.5,2960.0,0.139,0.171,-2.6968,-0.09,M(6.1+/-0.7) V,Transit,2019.0,87.3,EarthLike
GJ 9827 c,GJ 9827,3.648096,0.03925,0.094,0.00409026,0.11071479,3.7,813.0,73.0,4305.0,0.606,0.602,,-0.26,,Transit,2017.0,88.19,DesertWorld
K2-97 b,K2-97,8.407115,0.0854,0.207,0.549,1.2,0.392,1566.0,,4673.0,1.17,4.14,0.86688,0.328,,Transit,2016.0,75.5,HotJupiter
Kepler-102 d,Kepler-102,10.311767,0.08618,0.092,0.00943906,0.10295316,10.7,686.0,36.9,4909.0,0.803,0.724,,0.11,,Transit,2014.0,89.49,EarthLike
V1298 Tau d,V1298 Tau,12.4058,0.1103,0.2,0.31,0.574,2.4,,,5050.0,1.17,1.278,-0.02045,0.1,K1,Transit,2019.0,88.3,GasGiant
GJ 9827 d,GJ 9827,6.201467,0.05615,,0.01636095,0.18467303,3.23,680.0,35.6,4269.0,0.614,0.613,,-0.5,K5 V,Transit,2017.0,87.39,SuperEarth
Kepler-167 e,Kepler-167,1071.23205,1.883,0.29,1.01,0.90641605,1.68,134.4,,4884.0,0.777,0.749,-0.5391,0.02,,Transit,2016.0,89.972,GasGiant
V1298 Tau c,V1298 Tau,8.24892,0.0841,0.3,0.24,0.46,3.5,,,5050.0,1.17,1.278,-0.02045,0.1,K1,Transit,2019.0,87.5,GasGiant
WASP-28 b,WASP-28,3.40883,0.04469,0.0,0.907,1.213,0.676,1468.0,,6150.0,1.021,1.094,,-0.29,F8,Transit,2014.0,88.61,HotJupiter
WASP-26 b,WASP-26,2.7566,0.04,0.0,1.02,1.32,0.583527,1660.0,,5950.0,1.12,1.34,,-0.02,G0,Transit,2010.0,82.5,HotJupiter
TOI-4562 b,TOI-4562,225.11781,0.768,0.76,2.3,1.118,2.06,318.0,,6096.0,1.192,1.152,,0.08,F7 V,Transit,2023.0,89.06,GasGiant
WASP-2 b,WASP-2,2.152175,0.03144,,0.931,1.081,0.914,1311.0,492.0,5180.0,0.895,0.866,-0.31336,0.12,,Transit,2007.0,84.49,HotJupiter
NGTS-21 b,NGTS-21,1.5433897,0.0236,0.0,2.36,1.33,1.25,1357.0,,4660.0,0.72,0.86,,-0.26,K3 V,Transit,2022.0,83.85,HotJupiter
TOI-6008 b,TOI-6008,0.8574347,0.010777,,0.01258541,0.0918906,,707.0,41.5,3075.0,0.23,0.242,-2.32873,0.3,M5.0,Transit,2024.0,87.2,EarthLike
TOI-6002 b,TOI-6002,10.904821,0.05722,0.15,,0.14720339,,321.4,1.6823,3229.0,0.2101,0.2432,-2.23508,-0.18,M3.5+/-0.5,Transit,2024.0,89.68,EarthLike
Kepler-46 b,Kepler-46,33.60134,0.1968,0.01,6.0,0.808,14.0,543.0,,5155.0,0.902,0.938,-0.255,0.41,,Transit,2012.0,89.038,GasGiant
TOI-512 b,TOI-512,7.18886,,0.02,0.01123248,0.13738983,5.623888,1009.0,127.0,5277.0,0.74,0.89,-0.25696,-0.11,,Transit,2025.0,88.92,DesertWorld
Kepler-44 b,Kepler-44,3.2467293,0.0446,0.066,1.0,1.09,0.93,1544.0,,5800.0,1.12,1.35,,0.15,G2 IV,Transit,2011.0,84.96,HotJupiter
WASP-91 b,WASP-91,2.798581,0.037,0.0,1.34,1.03,1.59,1160.0,,4920.0,0.84,0.86,,0.19,K3,Transit,2017.0,86.8,HotJupiter
WASP-105 b,WASP-105,7.87288,0.075,0.0,1.8,0.96,2.65,900.0,,5070.0,0.89,0.9,,0.28,K2,Transit,2017.0,89.7,GasGiant
LHS 1678 b,LHS 1678,0.8602322,0.01251,0.25,0.00110122,0.06209307,6.0,,93.2,3490.0,0.345,0.329,-1.83863,,M2.0 V,Transit,2021.0,87.55,EarthLike
K2-115 b,K2-115,20.2729914,0.1415,0.063,1.01,1.053,1.07,696.0,,5870.0,0.918,0.855,-0.10791,-0.198,,Transit,2017.0,88.912,GasGiant
TOI-1194 b,TOI-1194,2.310644,0.03428,0.076,0.456,0.767,1.25,1391.0,,5446.0,1.007,0.963,-0.13549,0.29,,Transit,2023.0,83.98,HotJupiter
HAT-P-54 b,HAT-P-54,3.799847,0.04117,0.074,0.76,0.944,1.118,818.0,,4390.0,0.645,0.617,-0.9017,-0.127,,Transit,2015.0,87.04,GasGiant
GJ 1252 b,GJ 1252,0.5182349,0.00916,0.0,0.00657584,0.10643233,,1089.0,,3458.0,0.381,0.391,-1.70774,0.1,M3,Transit,2020.0,85.0,DesertWorld
Kepler-4 b,Kepler-4,3.21346,0.0456,0.0,0.077,0.357,1.91,1650.0,,5857.0,1.223,1.487,0.354,0.17,,Transit,2009.0,89.76,MiniNeptune
TOI-5882 b,TOI-5882,7.148972,0.0804,0.0339,22.01,1.023,25.4,1515.0,,5920.0,1.334,2.26,0.75358,0.18,,Transit,2025.0,88.56,HotJupiter
NGTS-25 b,NGTS-25,2.823093,0.0388,0.0,0.639,1.023,,1101.0,,5321.0,0.91,0.86,-0.29158,0.12,K0 V,Transit,2022.0,89.34,HotJupiter
NGTS-23 b,NGTS-23,4.0764326,0.0504,0.0,0.613,1.267,,1327.0,,6057.0,1.01,1.24,0.2833,-0.26,F9 V,Transit,2022.0,89.12,HotJupiter
K2-131 b,K2-131,0.3693038,0.00936,0.0,0.02485618,0.15077196,8.8,2223.0,4070.0,5120.0,0.803,0.7595,,-0.04,,Transit,2017.0,85.0,LavaWorld
Qatar-6 b,Qatar-6,3.506195,0.0423,0.0,0.668,1.062,,1006.0,,5052.0,0.822,0.722,-0.51428,-0.025,K2 V,Transit,2017.0,86.01,HotJupiter
TOI-4465 b,TOI-4465,101.94054,0.416,0.24,5.89,1.25,3.73,427.0,,5545.0,0.93,1.014,,-0.06,G V,Transit,2025.0,89.95,GasGiant
K2-98 b,K2-98,10.13675,0.0943,0.0,0.10131202,0.38362031,2.15,1102.0,,6120.0,1.074,1.311,,-0.2,F8 V,Transit,2016.0,89.0,MiniNeptune
HATS-6 b,HATS-6,3.3252725,0.03623,0.0,0.319,0.998,0.399,712.8,,3724.0,0.574,0.57,,0.2,M1 V,Transit,2015.0,88.21,GasGiant
KOI-94 e,KOI-94,54.32031,0.3046,0.019,0.11,0.585,0.6,584.0,,6182.0,1.277,1.52,0.479,0.0228,,Transit,2013.0,89.76,GasGiant
K2-136 b,K2-136,7.9752,0.0707,0.14,0.01352931,0.09046318,24.0,610.0,33.5,4500.0,0.742,0.677,-0.7765,-0.02,,Transit,2017.0,,EarthLike
TOI-4773 b,TOI-4773,1.7452851,0.03216,0.024,5.31,1.358,2.63,2255.0,,6740.0,1.452,1.55,0.64836,0.11,,Transit,2025.0,78.64,HotJupiter
KOI-94 b,KOI-94,3.743208,0.05119,0.25,0.033,0.153,10.1,1486.0,,6182.0,1.277,1.52,0.479,0.0228,,Transit,2013.0,89.3,MiniNeptune
HATS-54 b,HATS-54,2.5441828,0.03763,0.126,0.76,1.067,0.77,1625.0,,5702.0,1.097,1.317,0.21245,0.396,,Transit,2019.0,83.08,HotJupiter
HAT-P-70 b,HAT-P-70,2.74432452,0.04739,0.0,6.78,1.87,1.54,2562.0,,8450.0,1.89,1.858,1.22272,-0.059,,Transit,2019.0,96.5,HotJupiter
Kepler-68 c,Kepler-68,9.605027,0.09008,0.099,0.00409026,0.08734068,7.5,1052.0,204.0,5847.0,1.057,1.2564,,0.11,,Transit,2013.0,87.071,DesertWorld
Kepler-10 b,Kepler-10,0.8374907,0.01685,0.0,0.01025711,0.13114484,5.57,2188.0,3820.0,5708.0,0.91,1.065,,-0.15,,Transit,2011.0,84.8,LavaWorld
TOI-663 b,TOI-663,2.598902,0.0295,,0.01400127,0.20251618,2.07,674.0,49.1,3681.0,0.514,0.512,,0.07,M1 V,Transit,2024.0,89.14,SuperEarth
Kepler-37 b,Kepler-37,13.36702,0.1019,0.098,0.00248562,0.02763855,140.0,718.0,44.5,5357.0,0.79,0.789,,-0.36,,Transit,2013.0,88.63,EarthLike
HAT-P-69 b,HAT-P-69,4.7869491,0.06555,0.0,3.58,1.676,1.02,1930.0,,7394.0,1.648,1.926,1.0,-0.069,,Transit,2019.0,87.19,HotJupiter
Kepler-323 b,Kepler-323,1.678328,0.02778,0.095,0.01227077,0.12320478,8.2,1838.0,1900.0,6004.0,1.015,1.12,,-0.14,,Transit,2014.0,88.3,LavaWorld
K2-146 c,K2-146,3.9663,0.0327,0.16,0.0223391,0.23106472,2.246,,,3385.0,0.358,0.35,-1.82391,-0.02,M3.0 V,Transit,2019.0,87.3,MiniNeptune
Kepler-37 c,Kepler-37,21.301848,0.139,0.099,0.00409026,0.0673567,15.0,615.0,23.9,5357.0,0.79,0.789,,-0.36,,Transit,2013.0,89.07,EarthLike
LTT 1445 A b,LTT 1445 A,5.3587657,0.03813,0.11,0.00903003,0.1164245,7.1,424.0,5.4,3340.0,0.257,0.265,,-0.34,,Transit,2019.0,89.68,EarthLike
Kepler-102 b,Kepler-102,5.286965,0.05521,0.1,0.00346099,0.04103852,62.0,857.0,90.0,4909.0,0.803,0.724,,0.11,,Transit,2014.0,89.78,DesertWorld
Kepler-74 b,Kepler-74,7.340718,0.084,0.287,0.68,1.32,0.37,1250.0,,6050.0,1.4,1.51,,0.34,F8 V,Transit,2013.0,85.55,HotJupiter
LP 890-9 c,LP 890-9,8.457463,0.03984,,0.0796027,0.12195578,,272.0,0.906,2850.0,0.118,0.1556,-2.84134,-0.028,M6 V,Transit,2022.0,89.287,MiniNeptune
Kepler-102 c,Kepler-102,7.071392,0.06702,0.094,0.0053488,0.05058444,52.0,777.0,61.0,4909.0,0.803,0.724,,0.11,,Transit,2014.0,89.82,EarthLike
Kepler-102 f,Kepler-102,27.453592,0.1656,0.1,0.01352931,0.07681341,37.0,495.0,10.0,4909.0,0.803,0.724,,0.11,,Transit,2014.0,89.32,EarthLike
HATS-9 b,HATS-9,1.9153073,0.03048,0.129,0.837,1.065,0.85,1823.0,,5366.0,1.03,1.503,0.23,0.34,,Transit,2015.0,86.5,HotJupiter
Kepler-20 f,Kepler-20,19.578328,0.1387,0.094,0.00440489,0.0849319,8.4,681.0,35.9,5495.0,0.929,0.9164,,0.07,,Transit,2011.0,88.788,EarthLike
HR 858 d,HR 858,11.230511,0.1046,0.0,0.0223391,0.17851757,4.9,1061.0,,6354.0,1.204,1.258,0.36361,0.025,,Transit,2019.0,87.72,DesertWorld
HR 858 c,HR 858,5.973865,0.0687,0.0,0.01195614,0.17655486,2.9,1309.0,,6354.0,1.204,1.258,0.36361,0.025,,Transit,2019.0,86.59,DesertWorld
HR 858 b,HR 858,3.585287,0.04888,0.0,0.01116955,0.17878521,2.44,1552.0,,6354.0,1.204,1.258,0.36361,0.025,,Transit,2019.0,85.98,DesertWorld
Kepler-101 c,Kepler-101,6.02976,0.0684,0.0,0.01,0.112,10.5,1413.0,,5667.0,1.17,1.56,,0.33,G3 IV,Transit,2014.0,84.6,DesertWorld
TOI-5720 b,TOI-5720,1.4344555,0.018288,,0.01352931,0.09724345,,708.0,41.7,3325.0,0.383,0.383,-1.79183,0.03,M3.5 +/- 1.0,Transit,2024.0,89.3,EarthLike
TOI-5713 b,TOI-5713,10.441989,0.06008,0.24,,0.1579091,,347.2,2.2554,3225.0,0.2653,0.2992,-2.05849,-0.03,M3.5+/-0.5,Transit,2024.0,89.37,EarthLike
HATS-55 b,HATS-55,4.2042001,0.05412,0.092,0.921,1.251,0.587,1367.0,,6214.0,1.1955,1.126,0.22891,0.108,,Transit,2019.0,86.32,HotJupiter
K2-111 b,K2-111,5.3518,0.0565,0.1,0.01755664,0.1623698,5.0,1309.0,490.0,5775.0,0.84,1.25,,-0.46,,Transit,2017.0,86.43,DesertWorld
HATS-56 b,HATS-56,4.324799,0.06043,0.019,0.602,1.688,0.155,1902.0,,6536.0,1.573,2.201,0.89763,0.19,,Transit,2019.0,83.29,HotJupiter
HATS-57 b,HATS-57,2.350621,0.03493,0.028,3.147,1.139,2.65,1413.4,,5587.0,1.026,0.96,-0.0942,0.268,,Transit,2019.0,87.88,HotJupiter
K2-136 c,K2-136,17.30713,0.1185,0.047,0.05694897,0.26764253,3.69,470.0,11.91,4500.0,0.742,0.677,-0.7765,-0.02,,Transit,2017.0,,MiniNeptune
K2-136 d,K2-136,25.575,0.1538,0.071,0.00943906,0.13962019,4.3,420.0,7.07,4500.0,0.742,0.677,-0.7765,-0.02,,Transit,2017.0,,EarthLike
WASP-192 b,WASP-192,2.8786765,0.0408,0.0,2.3,1.23,1.62,1620.0,,5910.0,1.09,1.32,,0.14,G0 V,Transit,2019.0,82.7,HotJupiter
TOI-4600 b,TOI-4600,82.6869,0.349,0.25,3.02,0.607,,347.0,,5170.0,0.89,0.81,-0.37675,0.16,K V,Transit,2023.0,89.76,GasGiant
WASP-185 b,WASP-185,9.38755,0.0904,0.24,0.98,1.25,0.66,1160.0,,5900.0,1.12,1.5,,-0.02,G0 V,Transit,2019.0,86.8,HotJupiter
HD 189733 b,HD 189733,2.218577,0.03106,,1.166,1.119,1.031,1209.0,356.0,5050.0,0.812,0.765,-0.46547,-0.03,,Radial Velocity,2005.0,85.69,HotJupiter
WASP-184 b,WASP-184,5.1817,0.0627,0.0,0.57,1.33,0.32,1480.0,,6000.0,1.23,1.65,,0.12,G0 V,Transit,2019.0,86.9,HotJupiter
TOI-1052 b,TOI-1052,9.139703,0.09103,0.18,0.05317335,0.25604469,3.93,1135.0,246.0,6146.0,1.204,1.264,,0.14,,Transit,2023.0,87.53,MiniNeptune
WASP-180 A b,WASP-180 A,3.409264,0.048,0.0,0.9,1.24,0.61,1540.0,,6600.0,1.3,1.19,,0.1,F7 V,Transit,2019.0,88.1,HotJupiter
WASP-22 b,WASP-22,3.53269,0.0468,0.023,0.56,1.12,0.53,1430.0,,6000.0,1.1,1.13,,-0.05,G1 V,Transit,2010.0,89.2,HotJupiter
NGTS-6 b,NGTS-6,0.882059,0.01677,0.0,1.339,1.326,0.711,1283.9,,4730.0,0.767,0.754,-0.59176,0.11,,Transit,2019.0,78.231,HotJupiter
Kepler-434 b,Kepler-434,12.8747099,0.1143,0.131,2.86,1.13,2.4,1000.0,,5977.0,1.198,1.38,0.33,0.25,,Transit,2015.0,86.46,GasGiant
K2-139 b,K2-139,28.38236,0.179,0.12,0.387,0.808,0.91,565.0,,5340.0,0.919,0.862,,0.22,K0 V,Transit,2017.0,89.62,GasGiant
WASP-116 b,WASP-116,6.6132,0.065,0.0,0.64,1.22,0.43,1414.0,663.0,6250.0,1.25,1.426,,0.0,,Transit,2025.0,89.57,HotJupiter
Kepler-10 c,Kepler-10,45.29485,0.2407,0.0,0.063,0.199,10.0,485.0,,5627.0,0.895,1.056,0.00173,-0.15,,Transit,2011.0,89.65,MiniNeptune
WASP-182 b,WASP-182,3.3769848,0.0451,0.0,0.148,0.85,0.318,1479.0,,5638.0,1.076,1.34,,0.27,G5,Transit,2019.0,83.88,HotJupiter
WASP-175 b,WASP-175,3.0652907,0.04403,0.0,0.99,1.208,0.74,1571.0,,6229.0,1.212,1.204,,0.15,F7,Transit,2019.0,85.33,HotJupiter
WASP-171 b,WASP-171,3.8186244,0.0504,0.0,1.084,0.98,1.5,1642.0,,5965.0,1.171,1.637,,0.04,G0,Transit,2019.0,88.3,HotJupiter
WASP-169 b,WASP-169,5.6114118,0.0681,0.0,0.561,1.304,0.33,1604.0,,6110.0,1.337,2.011,,0.06,F8,Transit,2019.0,87.9,HotJupiter
TOI-2285 b,TOI-2285,27.26955,0.1363,0.3,0.06135386,0.15523267,,284.0,1.54,3491.0,0.454,0.464,-1.54212,-0.05,,Transit,2021.0,89.66,MiniNeptune
TOI-762 A b,TOI-762 A,3.4716826,0.03418,0.083,0.251,0.744,0.76,555.4,,3266.0,0.442,0.425,-1.73283,0.357,,Transit,2024.0,87.5,GasGiant
TOI-2295 b,TOI-2295,30.033302,0.1992,0.334,0.875,1.47,0.34,747.0,,5730.0,1.168,1.459,0.31387,0.316,,Transit,2024.0,88.16,GasGiant
EPIC 229004835 b,EPIC 229004835,16.141132,0.1237,0.23,0.03272206,0.20804746,4.49,804.0,69.7,5868.0,0.97,0.999,,-0.12,,Transit,2023.0,88.08,MiniNeptune
TOI-1994 b,TOI-1994,4.0337142,0.0613,0.341,22.1,1.22,15.0,2290.0,,7700.0,1.86,2.3,1.22272,-0.01,,Transit,2024.0,85.5,HotJupiter
HAT-P-50 b,HAT-P-50,3.1220109,0.0453,0.115,1.35,1.288,0.78,1862.0,,6280.0,1.273,1.698,0.60314,-0.18,,Transit,2015.0,83.65,HotJupiter
LHS 1903 d,LHS 1903,12.566287,0.08604,0.112,0.01875226,0.22303545,2.09,442.0,6.35,3664.0,0.538,0.539,,-0.11,M,Transit,2026.0,,SuperEarth
LHS 1903 b,LHS 1903,2.1555098,0.02656,0.015,0.01032003,0.12329399,6.82,796.0,66.66,3664.0,0.538,0.539,,-0.11,M,Transit,2026.0,,EarthLike
WASP-75 b,WASP-75,2.484193,0.0375,0.0,1.07,1.27,0.69,1710.0,,6100.0,1.14,1.26,,0.07,F9,Transit,2013.0,82.0,HotJupiter
WASP-126 b,WASP-126,3.2888,0.0449,0.18,0.28,0.96,0.41,1480.0,,5800.0,1.12,1.27,,0.17,G2,Transit,2016.0,87.9,HotJupiter
WASP-95 b,WASP-95,2.184673,0.03416,0.0,1.13,1.21,1.13,1570.0,,5630.0,1.11,1.13,,0.14,G2,Transit,2014.0,88.4,HotJupiter
TOI-2141 b,TOI-2141,18.26157,0.133,0.21,0.075,0.278,4.6,722.0,,5659.0,0.94,0.98,-0.05,-0.12,,Transit,2023.0,89.0,MiniNeptune
HD 137496 b,HD 137496,1.62116,0.02732,0.0,0.01271126,0.11687057,10.49,2130.0,,5799.0,1.04,1.59,,-0.03,G,Transit,2021.0,85.8,LavaWorld
Kepler-39 b,Kepler-39,21.08721,0.164,0.112,20.1,1.24,13.0,897.0,,6350.0,1.29,1.4,,0.1,F7 V,Transit,2011.0,89.07,GasGiant
Kepler-20 d,Kepler-20,77.61184,0.3453,0.6,0.063,0.245,4.07,369.0,,5455.0,0.912,0.944,-0.14874,0.01,,Transit,2011.0,89.57,MiniNeptune
WASP-88 b,WASP-88,4.954,0.06431,0.0,0.56,1.7,0.146,1772.0,,6431.0,1.45,2.08,,-0.08,F6,Transit,2014.0,88.0,HotJupiter
Kepler-37 d,Kepler-37,39.7922622,0.2109,0.1,0.0062927,0.18110478,1.3,499.0,10.39,5357.0,0.79,0.789,,-0.36,,Transit,2013.0,89.335,SuperEarth
TOI-2120 b,TOI-2120,5.7998164,0.0377,0.32,0.02139519,0.18931249,,384.0,3.61,3131.0,0.211,0.245,-2.28651,0.39,,Transit,2024.0,88.67,SuperEarth
KELT-14 b,KELT-14,1.7100566,0.03005,0.0,1.284,1.743,0.322,1970.0,,5720.0,1.239,1.52,,0.32,G4,Transit,2016.0,78.3,HotJupiter
WASP-94 A b,WASP-94 A,3.9501907,0.055,0.13,0.452,1.72,0.118,1604.0,,6153.0,1.45,1.62,,0.26,F8,Transit,2014.0,88.7,HotJupiter
LHS 1903 c,LHS 1903,6.226185,0.05387,0.089,0.0143159,0.18253221,2.91,559.0,16.2,3664.0,0.538,0.539,,-0.11,M,Transit,2026.0,,SuperEarth
TOI-2328 b,TOI-2328,17.10197,0.127,0.057,0.16,0.89,0.29,842.0,,5525.0,0.95,0.9,-0.17005,0.09,,Transit,2025.0,88.66,GasGiant
HAT-P-53 b,HAT-P-53,1.9616241,0.03159,0.134,1.484,1.318,0.8,1778.0,,5956.0,1.093,1.209,0.21748,0.0,,Transit,2015.0,86.2,HotJupiter
TOI-1408 c,TOI-1408,2.1664,0.03587,0.1353,0.02391227,0.19805548,3.8,,,6117.0,1.312,1.53,0.47129,0.25,F8 V,Transit Timing Variations,2024.0,82.6,SuperEarth
HAT-P-44 b,HAT-P-44,4.301219,0.0507,0.044,0.352,1.242,0.23,1108.0,,5295.0,0.942,0.949,-0.194,0.33,,Transit,2014.0,89.1,HotJupiter
HD 73344 b,HD 73344,15.611,0.131,0.03,0.03297377,0.25729369,2.451,911.0,,6252.6,1.2,1.22,,0.143,F6 V,Transit,2024.0,88.082,MiniNeptune
TIC 46432937 b,TIC 46432937,1.44044527,0.02065,0.009,3.2,1.188,2.37,872.0,,3572.0,0.563,0.5299,-1.3851,0.323,,Transit,2024.0,84.35,GasGiant
TOI-1836 b,TOI-1836,20.380799,0.1597,0.0,0.121,0.714,0.41,966.0,,6380.0,1.307,1.577,0.5682,-0.101,,Transit,2024.0,88.74,GasGiant
HAT-P-45 b,HAT-P-45,3.128992,0.0452,0.049,0.892,1.426,0.38,1652.0,,6330.0,1.259,1.319,0.4,0.07,,Transit,2014.0,87.8,HotJupiter
HAT-P-46 b,HAT-P-46,4.463129,0.0577,0.123,0.493,1.284,0.28,1458.0,,6120.0,1.284,1.396,0.391,0.3,,Transit,2014.0,85.5,HotJupiter
CoRoT-36 b,CoRoT-36,5.616531,0.066,0.0,0.68,1.41,0.25,1567.0,,6730.0,1.32,1.52,,-0.1,F3 V,Transit,2022.0,85.83,HotJupiter
TOI-2154 b,TOI-2154,3.8240801,0.0513,0.117,0.92,1.453,0.37,1580.0,,6280.0,1.233,1.396,0.43457,0.011,,Transit,2023.0,83.37,HotJupiter
CoRoT-35 b,CoRoT-35,3.22748,0.0429,0.0,1.1,1.68,0.29,1747.0,,6390.0,1.01,1.65,,-0.5,F6 V,Transit,2022.0,84.1,HotJupiter
WASP-65 b,WASP-65,2.3114243,0.0334,0.0,1.55,1.112,1.5,1480.0,,5600.0,0.93,1.01,,-0.07,G6,Transit,2013.0,88.8,HotJupiter
WASP-133 b,WASP-133,2.176423,0.0345,0.17,1.16,1.21,0.88,1790.0,,5700.0,1.16,1.44,,0.29,G4,Transit,2016.0,87.0,HotJupiter
TOI-2537 b,TOI-2537,94.1022,0.3715,0.364,1.307,1.004,1.6,338.0,,4870.0,0.771,0.771,-0.52143,0.08,,Transit,2024.0,89.592,GasGiant
TOI-1855 b,TOI-1855,1.36414864,0.02398,0.033,1.133,1.65,0.31,1701.0,,5359.0,0.987,1.041,-0.09474,0.399,,Transit,2024.0,78.1,HotJupiter
WASP-104 b,WASP-104,1.7554137,0.02918,0.0,1.272,1.137,1.074,1516.0,,5475.0,1.076,0.963,,0.32,G8,Transit,2014.0,83.63,HotJupiter
Kepler-43 b,Kepler-43,3.02409309,0.0444,0.017,3.13,1.16,2.49,1628.0,,6050.0,1.27,1.38,,0.4,F8 V,Transit,2011.0,84.57,HotJupiter
Kepler-19 b,Kepler-19,9.28699,0.0846,0.41,0.01919275,0.19707412,3.1,851.0,87.6,5541.0,0.936,0.859,,-0.13,,Transit,2011.0,89.94,DesertWorld
TOI-2145 b,TOI-2145,10.26075,0.1108,0.208,5.26,1.069,5.34,1484.0,,6177.0,1.72,2.749,0.99651,0.247,,Transit,2023.0,88.1,HotJupiter
WASP-129 b,WASP-129,5.748145,0.0628,0.096,1.0,0.93,1.6,1100.0,,5900.0,1.0,0.9,,0.15,G1,Transit,2016.0,87.7,HotJupiter
TOI-1736 b,TOI-1736,7.073088,0.074,0.21,0.04,0.223,4.9,1076.0,,5807.0,1.08,1.15,0.25,0.138,,Transit,2023.0,87.3,MiniNeptune
TOI-2525 c,TOI-2525,49.2519,0.249,0.157,0.657,0.904,1.11,,,5096.0,0.849,0.785,-0.44009,0.14,K8 V,Transit,2023.0,89.97,GasGiant
TOI-1246 e,TOI-1246,37.9216,0.211,,0.04656601,0.33722959,1.51,462.0,11.0,5151.0,0.87,0.86,,0.17,K V,Transit,2022.0,89.3,MiniNeptune
CoRoT-24 b,CoRoT-24,5.1134,0.056,0.0,0.018,0.33,0.9,1070.0,,4950.0,0.91,0.86,,0.3,K1 V,Transit,2014.0,86.5,MiniNeptune
TOI-2379 b,TOI-2379,5.4693827,0.05263,0.342,5.76,1.046,6.21,624.0,25.3,3707.0,0.645,0.622,,0.501,,Transit,2024.0,88.85,GasGiant
TOI-2384 b,TOI-2384,2.13570304,0.02793,0.0,1.966,1.025,2.26,889.7,104.3,3943.0,0.635,0.6113,,0.332,,Transit,2024.0,88.37,GasGiant
TOI-2025 b,TOI-2025,8.8720982,0.0892,0.394,3.6,1.061,3.74,1166.0,,5977.0,1.199,1.459,0.38739,0.15,,Transit,2022.0,88.65,HotJupiter
HAT-P-57 b,HAT-P-57,2.465295,0.0406,0.0,1.85,1.413,,2200.0,,7500.0,1.47,1.5,0.80618,-0.25,A8 V,Transit,2015.0,88.26,HotJupiter
HD 21520 b,HD 21520,25.1292,0.1726,0.0,0.05569043,0.24061064,1.35,637.0,,5871.0,1.09,1.044,0.06595,0.049,,Transit,2024.0,89.23,MiniNeptune
WASP-117 b,WASP-117,10.02165,0.09459,0.302,0.2755,1.021,0.3445,1001.0,,6038.0,1.129,1.17,,-0.11,F9,Transit,2014.0,89.14,HotJupiter
WASP-103 b,WASP-103,0.925542,0.01985,,1.49,1.528,0.55,2508.0,,6110.0,1.22,1.436,0.413,0.06,F8 V,Transit,2014.0,86.3,HotJupiter
CoRoT-27 b,CoRoT-27,3.57532,0.0476,0.065,10.39,1.007,12.6,1500.0,,5900.0,1.05,1.08,,-0.1,G2,Transit,2014.0,86.7,HotJupiter
TOI-2525 b,TOI-2525,23.2856,0.1511,0.17,0.084,0.774,0.225,,,5096.0,0.849,0.785,-0.44009,0.14,K8 V,Transit,2023.0,89.5,GasGiant
Kepler-8 b,Kepler-8,3.52254,0.0483,0.0,0.603,1.419,0.261,1764.0,,6213.0,1.213,1.486,0.605,-0.055,,Transit,2010.0,84.07,HotJupiter
TOI-2416 b,TOI-2416,8.275479,0.0831,0.32,3.0,0.88,5.4,1080.0,,5808.0,1.118,1.236,0.197,0.32,,Transit,2023.0,90.0,HotJupiter
HD 80653 b,HD 80653,0.719573,0.01661,0.0,0.01799713,0.14390247,7.47,2463.0,6130.0,5959.0,1.18,1.22,,0.255,,Transit,2020.0,82.1,LavaWorld
CoRoT-22 b,CoRoT-22,9.75598,0.092,0.077,0.038,0.435,0.249,885.0,,5939.0,1.099,1.136,,0.17,G3 V,Transit,2014.0,89.749,MiniNeptune
TOI-620 b,TOI-620,5.0988179,0.04825,0.22,,0.33544531,,603.6,20.8,3708.0,0.577,0.55,-1.28819,0.35,M2.5 V,Transit,2022.0,87.47,MiniNeptune
WASP-69 b,WASP-69,3.86813881,0.0453,0.0,0.26,1.0,,971.0,,4792.0,0.83,0.801,-0.48149,0.35,K,Transit,2014.0,86.79,GasGiant
Kepler-21 b,Kepler-21,2.7858212,0.0434,0.0,0.02359764,0.14622204,9.3,2015.0,2749.0,6305.0,1.408,1.902,,-0.03,,Transit,2012.0,83.2,LavaWorld
TOI-1246 b,TOI-1246,4.30744,0.049,,0.02548545,0.26853468,1.63,955.0,196.0,5151.0,0.87,0.86,,0.17,K V,Transit,2022.0,87.9,MiniNeptune
TOI-1670 c,TOI-1670,40.74976,0.249,0.09,0.63,0.987,0.81,684.0,,6170.0,1.21,1.316,,0.09,F7 V,Transit,2022.0,88.84,GasGiant
TOI-2373 b,TOI-2373,13.33668,0.112,0.112,9.3,0.93,14.4,860.0,,5651.0,1.041,1.102,0.05115,0.3,,Transit,2023.0,89.2,GasGiant
CoRoT-24 c,CoRoT-24,11.759,0.098,0.0,0.088,0.44,1.3,850.0,,4950.0,0.91,0.86,,0.3,K1 V,Transit,2014.0,89.0,MiniNeptune
KELT-15 b,KELT-15,3.329441,0.04613,0.0,0.91,1.443,0.36,1642.0,,6003.0,1.181,1.481,0.41162,0.047,,Transit,2016.0,88.3,HotJupiter
TOI-2524 b,TOI-2524,7.18585,0.073,0.0,0.64,1.0,0.79,1100.0,,5831.0,1.007,1.119,0.11628,0.06,,Transit,2023.0,89.4,HotJupiter
TOI-2107 b,TOI-2107,2.4545467,0.03515,0.033,0.83,1.211,0.577,1397.0,,5627.0,0.961,0.932,-0.10458,0.07,,Transit,2024.0,89.44,HotJupiter
WASP-124 b,WASP-124,3.37265,0.0449,0.017,0.6,1.24,0.43,1400.0,,6050.0,1.07,1.02,,-0.02,F9,Transit,2016.0,86.3,HotJupiter
HAT-P-42 b,HAT-P-42,4.641878,0.0575,0.0,1.044,1.28,0.61,1428.0,,5743.0,1.178,1.53,0.356,0.27,,Transit,2012.0,85.9,HotJupiter
Kepler-167 b,Kepler-167,4.3931632,0.0483,0.0,,0.14408065,,914.0,115.8,4890.0,0.77,0.726,-0.57,-0.03,K4,Transit,2014.0,89.33,DesertWorld
WASP-119 b,WASP-119,2.49979,0.0363,0.058,1.23,1.4,0.7,1600.0,,5650.0,1.02,1.2,,0.14,G5,Transit,2016.0,85.0,HotJupiter
TOI-2096 c,TOI-2096,6.38784,0.04,0.1,,0.17075594,,349.0,3.7,3300.0,0.231,0.235,-2.22768,-0.03,M4,Transit,2023.0,89.56,SuperEarth
TOI-2096 b,TOI-2096,3.1190633,0.025,0.15,,0.11089322,,445.0,9.4,3300.0,0.231,0.235,-2.22768,-0.03,M4,Transit,2023.0,89.24,EarthLike
TOI-1246 d,TOI-1246,18.6559,0.131,,0.01667566,0.31314176,0.7,586.0,28.0,5151.0,0.87,0.86,,0.17,K V,Transit,2022.0,89.5,MiniNeptune
TOI-2497 b,TOI-2497,10.655669,0.1166,0.195,4.82,0.994,6.1,1595.0,,7360.0,1.859,2.36,1.16732,0.094,,Transit,2023.0,88.16,HotJupiter
WTS-2 b,WTS-2,1.0187068,0.01855,0.0,1.12,1.363,0.54,2000.0,,5000.0,0.82,0.752,,0.2,K2 V,Transit,2014.0,83.55,HotJupiter
Kepler-433 b,Kepler-433,5.33408384,0.0679,0.119,2.82,1.45,1.13,1776.0,,6360.0,1.46,2.26,0.88,-0.01,,Transit,2015.0,89.21,HotJupiter
TOI-1246 c,TOI-1246,5.904144,0.061,,0.0276879,0.22392759,3.21,860.0,129.0,5151.0,0.87,0.86,,0.17,K V,Transit,2022.0,89.3,MiniNeptune
HAT-P-43 b,HAT-P-43,3.332687,0.0443,0.0,0.662,1.281,0.39,1361.0,,5645.0,1.048,1.103,0.045,0.23,,Transit,2012.0,88.7,HotJupiter
TOI-2368 b,TOI-2368,5.1750073,0.05649,0.061,0.65,0.967,0.88,1000.0,,5360.0,0.897,0.846,-0.27491,0.1,,Transit,2024.0,86.61,GasGiant
TOI-1670 b,TOI-1670,10.98462,0.103,0.59,0.13,0.18378121,8.6,1062.0,,6170.0,1.21,1.316,,0.09,F7 V,Transit,2022.0,86.87,MiniNeptune
WASP-96 b,WASP-96,3.4252602,0.0453,0.0,0.48,1.2,0.37,1285.0,,5540.0,1.06,1.05,,0.14,G8,Transit,2014.0,85.6,HotJupiter
HAT-P-52 b,HAT-P-52,2.7535953,0.03694,0.047,0.818,1.009,0.98,1218.0,,5131.0,0.887,0.893,-0.30452,0.28,,Transit,2015.0,87.02,HotJupiter
HD 93963 A c,HD 93963 A,3.6451398,0.04813,,0.06040996,0.28798337,,1344.0,543.8,5987.0,1.109,1.043,0.0983,0.1,G0 V,Transit,2022.0,86.31,MiniNeptune
WASP-99 b,WASP-99,5.75251,0.0717,0.0,2.78,1.1,2.79,1480.0,,6180.0,1.48,1.76,,0.21,F8,Transit,2014.0,88.8,HotJupiter
WASP-97 b,WASP-97,2.07276,0.03303,0.0,1.32,1.13,1.21,1555.0,,5640.0,1.12,1.06,,0.23,G5,Transit,2014.0,88.0,HotJupiter
WASP-84 b,WASP-84,8.5234865,0.0771,0.0,0.694,0.942,1.104,797.0,,5314.0,0.842,0.748,,0.0,K0,Transit,2014.0,88.368,GasGiant
HD 93963 A b,HD 93963 A,1.0391353,0.02085,,0.02454154,0.12043914,,2042.0,2898.0,5987.0,1.109,1.043,0.0983,0.1,G0 V,Transit,2022.0,86.21,LavaWorld
WASP-106 b,WASP-106,9.289715,0.0917,0.0,1.925,1.085,1.86,1140.0,,6055.0,1.192,1.393,,-0.09,F9,Transit,2014.0,89.49,HotJupiter
HD 28109 b,HD 28109,22.891054,,0.0071,0.01950738,0.23998614,1.8,867.0,,6189.0,1.227,1.425,0.43297,0.1,F8,Transit,2022.0,87.94,MiniNeptune
LTT 1445 A c,LTT 1445 A,3.1239035,0.02661,0.223,0.00484538,0.10232866,5.57,508.0,10.9,3340.0,0.257,0.265,,-0.34,,Transit,2022.0,87.43,EarthLike
WASP-70 A b,WASP-70 A,3.7130203,0.04853,0.0,0.59,1.164,0.499,1387.0,,5763.0,1.106,1.215,,-0.006,G4,Transit,2014.0,87.12,HotJupiter
TOI-1811 b,TOI-1811,3.7130765,0.04389,0.052,0.972,0.994,1.23,962.2,,4766.0,0.817,0.769,-0.56019,0.306,,Transit,2023.0,86.48,GasGiant
Kepler-539 b,Kepler-539,125.63243,0.4988,0.39,0.97,0.747,2.9,387.6,,5820.0,1.048,0.952,,-0.01,G2 V,Transit,2016.0,89.845,GasGiant
CoRoT-26 b,CoRoT-26,4.20474,0.0526,0.0,0.52,1.26,0.28,1600.0,,5590.0,1.09,1.79,,0.01,G5,Transit,2013.0,86.8,HotJupiter
TOI-1801 b,TOI-1801,10.64387,,0.0,0.01805377,0.186,3.701,493.7,,3863.0,0.556,0.547,-1.23003,-0.19,M0.5+/-0.5 V,Transit,2023.0,89.507,SuperEarth
WASP-98 b,WASP-98,2.96264,0.036,0.0,0.83,1.1,0.84,1180.0,,5525.0,0.69,0.7,,-0.6,G7,Transit,2014.0,86.3,HotJupiter
Kepler-423 b,Kepler-423,2.6843285,0.03585,0.019,0.595,1.192,0.459,1605.0,,5560.0,0.85,0.95,,-0.1,G4 V,Transit,2014.0,87.828,HotJupiter
TOI-7166 b,TOI-7166,12.92063621,0.06191,0.0,,0.1793205,,249.0,1.07,3099.0,0.19,0.222,-2.3869,-0.2,M4.5+/-0.5,Transit,2025.0,89.8,SuperEarth
HD 28109 c,HD 28109,55.99712,,0.0039,0.02894644,0.36845456,0.7,643.0,,6189.0,1.227,1.425,0.43297,0.1,F8,Transit,2022.0,89.61,MiniNeptune
WASP-90 b,WASP-90,3.916243,0.0562,0.0,0.63,1.63,0.193,1840.0,,6430.0,1.55,1.98,,0.11,F6,Transit,2016.0,82.1,HotJupiter
TOI-1268 b,TOI-1268,8.1577094,0.0711,0.105,0.30330832,0.81184902,0.71,918.9,,5300.0,0.96,0.92,,0.36,K1-K2,Transit,2022.0,88.63,GasGiant
LHS 1678 c,LHS 1678,3.694247,0.0331,0.22,0.00440489,0.08760832,10.6,,13.5,3490.0,0.345,0.329,-1.83863,,M2.0 V,Transit,2021.0,89.09,EarthLike
HD 88986 b,HD 88986,146.05,0.58,0.24,0.05411725,0.2221433,6.1,460.0,,5861.0,1.25,1.543,,0.06,G2 V,Radial Velocity,2023.0,89.9,MiniNeptune
CoRoT-25 b,CoRoT-25,4.86069,0.0578,0.0,0.27,1.08,0.15,1330.0,,6040.0,1.09,1.19,,-0.01,F9,Transit,2013.0,84.5,HotJupiter
HD 28109 d,HD 28109,84.2899,,0.0054,0.01824884,0.27745609,1.1,561.0,,6189.0,1.227,1.425,0.43297,0.1,F8,Transit,2022.0,89.77,MiniNeptune
WASP-101 b,WASP-101,3.585722,0.0506,0.0,0.5,1.41,0.24,1560.0,,6400.0,1.34,1.29,,0.2,F6,Transit,2014.0,85.0,HotJupiter
HATS-13 b,HATS-13,3.0440499,0.04057,0.181,0.543,1.212,0.377,1244.0,,5523.0,0.962,0.887,,0.05,,Transit,2015.0,88.55,HotJupiter
KELT-1 b,KELT-1,1.217514,0.02466,0.0099,27.23,1.11,24.7,,,6516.0,1.335,1.471,0.545,0.052,,Transit,2012.0,87.8,GasGiant
HD 2685 b,HD 2685,4.12688,0.0568,0.091,1.17,1.44,,2061.0,,6801.0,1.43,1.56,0.66839,0.02,,Transit,2019.0,89.252,HotJupiter
HD 191939 e,HD 191939,101.5,0.397,0.0,0.339806,,,397.0,,5348.0,0.81,0.94,-0.18709,-0.15,G9 V,Radial Velocity,2022.0,88.7,GasGiant
TOI-1117 d,TOI-1117,8.665,0.0817,0.0,0.03369743,,,978.0,152.0,5635.0,0.97,1.05,-0.4437,0.136,G5 V,Radial Velocity,2025.0,,MiniNeptune
K2-32 b,K2-32,8.992,0.0795,0.03,0.04719528,0.47274593,0.55,837.0,,5271.0,0.83,0.86,,-0.06,,Transit,2016.0,89.0,MiniNeptune
TOI-1136 c,TOI-1136,6.2569,0.067,0.0,0.02391227,0.24707713,1.93,965.39,,5805.0,1.0404,0.9573,-0.02687,0.075,,Transit,2022.0,,MiniNeptune
HD 77946 b,HD 77946,6.527282,0.072,0.233,0.02636643,0.24132435,2.481127,,,6046.0,1.17,1.31,,0.18,F5,Transit,2024.0,87.79,MiniNeptune
HAT-P-34 b,HAT-P-34,5.452654,0.0677,0.441,3.328,1.197,2.4,1520.0,,6442.0,1.392,1.535,0.56,,,Transit,2011.0,87.1,HotJupiter
Kepler-69 c,Kepler-69,242.4613,0.64,0.14,,0.153,,299.0,,5638.0,0.81,0.93,-0.097,-0.29,G4 V,Transit,2013.0,89.85,EarthLike
TOI-237 b,TOI-237,5.436098,0.0341,0.0,,0.1284682,,388.0,3.7,3212.0,0.179,0.211,-2.38722,,M4.5 V,Transit,2020.0,89.5,EarthLike
TOI-122 b,TOI-122,5.07803,0.0392,0.0,,0.24266215,,471.0,8.8,3403.0,0.312,0.334,-1.85387,,M3 V,Transit,2020.0,88.4,MiniNeptune
TOI-1680 b,TOI-1680,4.8026345,0.03144,,,0.13078799,,404.0,4.41,3225.0,0.1798,0.2106,-2.36251,0.04,M4.5+/-0.5,Transit,2023.0,89.58,EarthLike
HAT-P-33 b,HAT-P-33,3.474474,0.0499,0.0,0.762,1.686,0.2,1782.0,,6446.0,1.375,1.637,0.618,,,Transit,2011.0,87.2,HotJupiter
TOI-1410.01,TOI-1410,1.21687,0.0207,0.0,0.0393294,0.27663801,2.3,1236.7,,4635.0,0.7941,0.7558,-0.6216,0.328,,Transit,2024.0,,MiniNeptune
TOI-2088 b,TOI-2088,124.72997,0.472,0.0,0.11641502,0.32858634,2.0,300.33,,5081.0,0.9027,0.8481,-0.36151,0.339,,Transit,2024.0,,MiniNeptune
HAT-P-31 b,HAT-P-31,5.005425,0.055,0.245,2.171,1.07,2.18,1450.0,,6065.0,1.218,1.36,0.348,,,Transit,2011.0,87.1,HotJupiter
TOI-1136 f,TOI-1136,26.317822,0.175,0.0,0.10068326,0.33329657,3.0,598.11,,5805.0,1.0404,0.9573,-0.02687,0.075,,Transit,2022.0,,MiniNeptune
K2-32 d,K2-32,31.7154,0.1862,0.0,0.03240726,0.3060041,1.38,537.0,14.5,5275.0,0.856,0.845,,-0.02,,Transit,2016.0,,MiniNeptune
TOI-4364 b,TOI-4364,5.424019,0.04753,0.29,,0.1793205,,488.0,,3528.0,0.487,0.4684,-1.51215,0.148,M4 V,Transit,2025.0,88.68,SuperEarth
TOI-942 c,TOI-942,10.1605,0.088,0.175,0.11641444,0.42760282,,,,4969.0,0.88,0.893,-0.35853,0.0,K2.5 V,Transit,2020.0,89.2,MiniNeptune
TOI-942 b,TOI-942,4.3263,0.0498,0.285,0.05034138,0.37844589,,,,4969.0,0.88,0.893,-0.35853,0.0,K2.5 V,Transit,2020.0,88.6,MiniNeptune
WASP-79 b,WASP-79,3.662392,0.0519,0.0,0.85,1.53,0.318,1716.2,,6600.0,1.39,1.51,,0.03,,Transit,2012.0,86.1,HotJupiter
YZ Cet b,YZ Cet,2.02087,0.01634,0.06,0.00220245,,,471.2,8.21,3151.0,0.142,0.157,-2.65857,-0.18,M4.5 V,Radial Velocity,2017.0,,EarthLike
TOI-1691 b,TOI-1691,16.7369,0.126,0.0,0.04593674,0.31805307,1.76,703.49,,5642.0,0.9581,1.009,-0.03058,0.052,,Transit,2024.0,,MiniNeptune
TOI-1184 b,TOI-1184,5.748432,0.056,0.0,0.02139519,0.21498325,2.63,715.47,,4617.0,0.7271,0.6972,-0.70115,0.017,,Transit,2024.0,,SuperEarth
TOI-5678 b,TOI-5678,47.73022,0.249,0.14,0.06292704,0.43804161,,513.0,,5485.0,0.905,0.938,,0.0,G7 V,Transit,2023.0,89.83,MiniNeptune
HD 219134 d,HD 219134,46.859,0.237,0.138,0.05087625,0.14363458,,410.5,4.72,4699.0,0.81,0.778,-0.57741,0.11,,Radial Velocity,2015.0,,MiniNeptune
TOI-669 b,TOI-669,3.945152,0.048,0.0,0.03146352,0.23071365,3.17,1124.85,,5597.0,0.9245,0.9882,-0.06248,0.001,,Transit,2023.0,,MiniNeptune
HD 114082 b,HD 114082,109.75,0.5109,0.395,8.0,1.0,,,,6651.0,1.47,1.49,0.5832,0.0,F3 V,Radial Velocity,2022.0,90.0,GasGiant
WASP-78 b,WASP-78,2.175173,0.0367,0.0,0.86,2.06,0.131,2469.7,,6100.0,1.39,2.35,,-0.35,,Transit,2012.0,81.3,HotJupiter
TOI-1775 b,TOI-1775,10.2405549,0.08,0.0,0.30204978,0.71793227,1.01,707.89,,5284.0,0.9218,0.8288,-0.31605,0.162,,Transit,2024.0,,GasGiant
TOI-329 b,TOI-329,5.70439,0.0638,0.39,0.12711262,0.44076962,1.84,1213.02,,5614.0,1.0678,1.5326,0.3251,0.205,,Transit,2024.0,,MiniNeptune
TOI-5153 b,TOI-5153,20.33003,0.158,0.091,3.26,1.06,,906.0,,6300.0,1.24,1.4,,0.12,F8 V,Transit,2022.0,88.27,GasGiant
TOI-1136 d,TOI-1136,12.51861,0.107,0.0,0.03870013,0.41227248,0.68,766.21,,5805.0,1.0404,0.9573,-0.02687,0.075,,Transit,2022.0,,MiniNeptune
TOI-1694 b,TOI-1694,3.770107,0.045,0.0,0.09848081,0.47660235,1.13,943.19,,5058.0,0.853,0.8036,-0.41794,0.131,,Transit,2023.0,,MiniNeptune
K2-280 b,K2-280,19.89526,0.1461,0.35,0.11672965,0.66910634,0.48,787.0,,5500.0,1.03,1.28,,0.33,,Transit,2018.0,89.53,GasGiant
WASP-3 b,WASP-3,1.846835,0.03151,0.0,1.76,1.29,1.037,,,6352.0,1.261,1.36116,0.43416,-0.04,,Transit,2007.0,84.93,GasGiant
EPIC 248847494 b,EPIC 248847494,3650.0,4.5,0.0,13.0,1.11,,183.0,0.19,4898.0,0.9,2.7,,-0.23,,Transit,2018.0,89.87,GasGiant
HAT-P-6 b,HAT-P-6,3.852985,0.05235,0.0,1.057,1.33,0.558,,,6570.0,1.29,1.46,0.55267,-0.13,,Transit,2007.0,85.51,GasGiant
HAT-P-35 b,HAT-P-35,3.646706,0.0498,0.025,1.054,1.332,0.55,1581.0,,6096.0,1.236,1.435,0.407,,,Transit,2011.0,87.3,HotJupiter
KOI-3680 b,KOI-3680,141.241671,0.534,0.496,1.93,0.99,2.46,347.0,,5830.0,1.01,0.96,,0.16,,Transit,2018.0,89.892,GasGiant
TOI-1776 b,TOI-1776,2.799868,0.0378,0.0,0.00440489,0.10849581,4.13,1269.21,,5785.0,0.9196,0.9356,-0.05306,-0.193,,Transit,2024.0,,DesertWorld
TOI-2374 b,TOI-2374,4.31361,0.0471,0.13,0.17820937,0.60754855,0.98,885.0,,4802.0,0.75,0.69,,0.15,,Transit,2024.0,87.5,GasGiant
TOI-1199 b,TOI-1199,3.671463,0.04988,0.03,0.239,0.938,0.358,1486.0,,5710.0,1.23,1.45,0.30428,0.44,,Transit,2024.0,,HotJupiter
TOI-1266 d,TOI-1266,32.34,0.15,0.12,0.01444176,,,297.0,1.3,3618.0,0.431,0.436,-1.5376,-0.195,M3 V,Transit Timing Variations,2025.0,,EarthLike
Kepler-80 b,Kepler-80,7.05246,0.0648,,0.02180411,0.23820145,1.38,,,4540.0,0.73,0.678,-0.76955,0.04,K5,Transit,2012.0,89.34,MiniNeptune
TOI-2084 b,TOI-2084,6.0784247,0.05006,,,0.22035902,,527.0,12.8,3551.0,0.453,0.475,-1.49214,-0.13,M2+/-0.5,Transit,2023.0,89.15,SuperEarth
TOI-4940 b,TOI-4940,25.867811,0.165,,0.28002532,0.58970572,,643.0,,5504.0,1.012,1.163,0.04766,0.326,G8 V,Transit,2025.0,88.47,GasGiant
TOI-1443 b,TOI-1443,23.540678,0.147,0.0,0.09439056,0.20553252,14.0,520.66,,5224.0,0.7663,0.7511,-0.42022,-0.294,,Transit,2024.0,,MiniNeptune
TrES-1 b,TrES-1,3.030065,0.03925,,0.752,1.067,0.769,1140.0,,5230.0,0.878,0.807,-0.359,0.02,,Transit,2004.0,90.0,HotJupiter
TOI-756 c,TOI-756,149.4,0.439,0.445,4.05,,,194.0,0.24,3657.0,0.505,0.505,-1.38722,0.196,M1 V,Radial Velocity,2025.0,,GasGiant
TOI-2420 b,TOI-2420,5.842641,0.0684,0.055,0.927,1.34,0.477,1571.6,1017.0,,1.158,2.369,0.68664,,,Transit,2024.0,82.07,HotJupiter
TrES-2 b,TrES-2,2.47061892,0.03563,0.018,1.202,1.187,0.891,,,5850.0,0.99,0.952,-0.02319,-0.15,,Transit,2006.0,84.07,GasGiant
TOI-1439 b,TOI-1439,27.644,0.192,0.157,0.12113455,0.37851667,2.76,748.4,,5841.0,1.2313,1.6184,0.44091,0.226,,Transit,2024.0,,MiniNeptune
HD 164922 b,HD 164922,1201.1,2.115,0.126,0.33854576,,,159.4,0.1578,5293.0,0.874,0.999,-0.15304,0.16,G9 V,Radial Velocity,2005.0,,GasGiant
TOI-813 b,TOI-813,83.8911,0.423,0.0,,0.5986261,,610.0,23.1,5907.0,1.32,1.94,,0.1,G0 IV,Transit,2020.0,89.64,GasGiant
WASP-37 b,WASP-37,3.577469,0.0446,0.0,1.8,1.16,1.53,,,5800.0,0.925,1.003,-0.021,-0.4,,Transit,2010.0,88.82,GasGiant
K2-33 b,K2-33,5.42513,0.0409,0.0,3.6,0.51387278,,850.0,,3410.0,0.31,1.1,-0.83,,M3,Transit,2016.0,86.9,GasGiant
HAT-P-41 b,HAT-P-41,2.694047,0.0426,0.0,0.8,1.685,0.2,1941.0,,6390.0,1.418,1.683,0.628,,,Transit,2012.0,87.7,HotJupiter
TrES-3 b,TrES-3,1.30618581,0.02282,0.0,1.91,1.336,0.994,,,5650.0,0.928,0.829,-0.20412,-0.19,,Transit,2007.0,81.85,GasGiant
HAT-P-40 b,HAT-P-40,4.457243,0.0608,0.0,0.615,1.73,0.15,1770.0,,6080.0,1.512,2.206,0.778,,,Transit,2012.0,88.3,HotJupiter
HATS-14 b,HATS-14,2.7667641,0.03815,0.142,1.071,1.039,1.191,1276.0,,5346.0,0.967,0.933,,0.33,,Transit,2015.0,88.83,HotJupiter
WASP-100 b,WASP-100,2.849375,0.0457,0.0,2.03,1.69,0.53,2190.0,,6900.0,1.57,,,-0.03,F2,Transit,2014.0,82.6,HotJupiter
Kepler-15 b,Kepler-15,4.942782,0.05714,0.06,0.66,0.96,0.93,,,5515.0,1.018,0.992,-0.087,0.36,,Transit,2011.0,87.44,GasGiant
TOI-1669 c,TOI-1669,2.6800535,0.0376,0.0,0.04090257,0.20487123,6.0,1285.16,,5497.0,0.9867,1.0561,-0.03574,0.274,,Transit,2024.0,,MiniNeptune
Qatar-2 b,Qatar-2,1.33711647,0.02153,0.0,2.494,1.254,1.573,1344.0,,4645.0,0.743,0.776,,0.02,,Transit,2011.0,86.12,HotJupiter
rho CrB b,rho CrB,39.8458,0.2196,0.0373,1.04489822,,,614.0,34.7,5627.0,0.889,1.3617,0.23198,-0.31,G0 V,Radial Velocity,1997.0,,GasGiant
HAT-P-1 b,HAT-P-1,4.46543,0.0553,,0.532,1.242,0.345,1306.0,,5975.0,1.133,1.135,0.17026,0.13,,Transit,2006.0,86.11,HotJupiter
HD 191939 g,HD 191939,284.0,0.812,0.03,0.04247575,,,278.0,0.99,5348.0,0.81,0.94,-0.18709,-0.15,G9 V,Radial Velocity,2022.0,,MiniNeptune
GJ 514 b,GJ 514,140.43,0.422,0.45,0.01636103,,,202.0,0.28,3728.0,0.51,0.5,-1.36653,-0.14,M0.5-1.0 V,Radial Velocity,2022.0,,EarthLike
TOI-1174 b,TOI-1174,8.953458,0.08,0.0,0.10068326,0.22361225,11.0,713.83,,5158.0,0.8425,0.7847,-0.4034,-0.002,,Transit,2024.0,,MiniNeptune
Kepler-412 b,Kepler-412,1.720861232,0.02959,0.0038,0.939,1.325,0.501,,,5750.0,1.167,1.287,,0.27,G3 V,Transit,2014.0,80.89,GasGiant
NGTS-4 b,NGTS-4,1.3373508,0.019,0.0,0.06481452,0.2837006,3.45,1650.0,,5143.0,0.75,0.84,,-0.28,,Transit,2019.0,82.5,MiniNeptune
K2-32 e,K2-32,4.34934,0.04899,0.043,0.00660734,0.10812758,6.3,1066.0,,5271.0,0.83,0.86,,-0.06,,Transit,2019.0,89.0,DesertWorld
WASP-135 b,WASP-135,1.4013794,0.0243,0.0,1.9,1.3,1.16,,,5675.0,0.98,0.96,,0.02,G5 V,Transit,2015.0,82.0,GasGiant
K2-132 b,K2-132,9.1708,0.0916,0.29,0.495,1.089,,1586.0,,4878.0,1.19,4.11,0.94349,-0.11,,Transit,2017.0,77.46,HotJupiter
Kepler-69 b,Kepler-69,13.722341,0.094,0.16,,0.2,,779.0,,5638.0,0.81,0.93,-0.097,-0.29,G4 V,Transit,2013.0,89.62,SuperEarth
TrES-4 b,TrES-4,3.553945,0.05092,,0.92,1.751,0.213,1785.0,,6200.0,1.394,1.816,0.64246,0.14,,Transit,2007.0,82.81,HotJupiter
TOI-1136 e,TOI-1136,18.80693,0.14,0.0,0.07551244,0.22710987,8.0,669.11,,5805.0,1.0404,0.9573,-0.02687,0.075,,Transit,2022.0,,MiniNeptune
Kepler-62 b,Kepler-62,5.714932,0.0553,,0.03,0.117,,750.0,,4925.0,0.69,0.64,-0.678,-0.37,K2 V,Transit,2013.0,89.2,EarthLike
TOI-1180 b,TOI-1180,9.686753,0.082,0.0,0.03146352,0.27086979,1.93,638.18,,4804.0,0.7795,0.7425,-0.57675,0.067,,Transit,2024.0,,MiniNeptune
YZ Cet d,YZ Cet,4.65626,0.02851,0.07,0.00342952,,,356.7,2.7,3151.0,0.142,0.157,-2.65857,-0.18,M4.5 V,Radial Velocity,2017.0,,EarthLike
YZ Cet c,YZ Cet,3.05989,0.02156,0.0,0.00358684,,,410.3,4.72,3151.0,0.142,0.157,-2.65857,-0.18,M4.5 V,Radial Velocity,2017.0,,EarthLike
TOI-1347 c,TOI-1347,4.841962,,0.0,0.02013665,0.14274268,4.1,1000.0,,5464.0,0.913,0.83,-0.25964,0.04,,Transit,2024.0,87.5,DesertWorld
TOI-1437 b,TOI-1437,18.84078,0.139,0.0,0.03272206,0.21721069,3.91,794.23,,5986.0,1.012,1.2589,0.26435,-0.159,,Transit,2024.0,,MiniNeptune
TOI-4377 b,TOI-4377,4.378081,0.0579,0.045,0.957,1.348,0.881,,,4974.0,1.36,3.52,0.82217,0.205,,Transit,2023.0,80.3,GasGiant
Kepler-18 b,Kepler-18,3.504725,0.0447,0.0,0.022,0.178,4.9,,,5345.0,0.972,1.108,-0.031,0.19,,Transit,2011.0,84.92,SuperEarth
Kepler-87 b,Kepler-87,114.73635,0.481,0.036,1.02,1.204,0.729,478.0,,5600.0,1.1,1.82,,-0.17,,Transit,2013.0,89.274,GasGiant
Barnard b,Barnard's star,3.1533,0.02294,0.16,0.00116415,,,400.0,6.76,3195.0,0.162,0.185,-2.44977,-0.56,M3.5-4 V,Radial Velocity,2024.0,,EarthLike
K2-32 c,K2-32,20.66093,0.13843,0.049,0.02548545,0.27959723,1.43,634.0,,5271.0,0.83,0.86,,-0.06,,Transit,2016.0,89.4,MiniNeptune
HAT-P-27 b,HAT-P-27,3.039586,0.0403,0.078,0.66,1.038,,,,5300.0,0.945,0.898,-0.244,0.29,G8,Transit,2011.0,84.7,GasGiant
TOI-2407 b,TOI-2407,2.702969,0.033,0.08,,0.3800524,,705.0,41.0,3530.0,0.548,0.567,-1.34872,0.21,,Transit,2025.0,88.83,MiniNeptune
GJ 3090 c,GJ 3090,15.9407,0.0997,0.0,0.03146352,,,407.2,4.58,3707.0,0.519,0.516,-1.34199,0.12,M2 V,Radial Velocity,2026.0,,EarthLike
TOI-540 b,TOI-540,1.2391491,0.01223,0.0,,0.08056026,,611.0,23.4,3216.0,0.159,0.1895,-2.46092,,M V,Transit,2020.0,86.8,EarthLike
TOI-1117 c,TOI-1117,4.579,0.0534,0.0,0.02762497,,,1210.0,355.0,5635.0,0.97,1.05,-0.4437,0.136,G5 V,Radial Velocity,2025.0,,DesertWorld
NGTS-20 b,NGTS-20,54.18915,0.313,0.432,2.98,1.07,,688.0,,5980.0,1.47,1.78,,0.15,G1 IV,Transit,2022.0,88.4,GasGiant
HD 149026 b,HD 149026,2.87598,0.04313,,0.359,0.654,1.59,1634.0,,6160.0,1.294,1.368,0.38561,0.36,,Radial Velocity,2005.0,90.0,HotJupiter
AU Mic b,AU Mic,8.46308,0.0649,0.00577,,0.353,,600.0,21.2,3678.0,0.51,0.744,-1.0381,0.23,,Transit,2020.0,89.57917,MiniNeptune
Kepler-79 b,Kepler-79,13.4845,0.117,0.015,0.0343,0.31,1.43,,,6174.0,1.165,1.302,0.342,-0.0731,,Transit,2012.0,88.78,MiniNeptune
HD 62364 b,HD 62364,5138.0,6.15,0.607,18.77,,,,0.072,6255.0,1.157,1.401,0.43297,-0.11,F7 V,Radial Velocity,2022.0,137.3,GasGiant
TOI-4184 b,TOI-4184,4.9019804,0.0336,,,0.21679045,,412.0,4.8,3238.0,0.2109,0.2347,-2.2644,-0.27,M5.5+/-0.5,Transit,2023.0,89.43,SuperEarth
Kepler-62 f,Kepler-62,267.291,0.718,,0.11,0.126,,208.0,,4925.0,0.69,0.64,-0.678,-0.37,K2 V,Transit,2013.0,89.9,MiniNeptune
TOI-6695 c,TOI-6695,242.4,0.838,0.022,1.45,,,415.0,,6400.0,1.338,1.517,0.54033,0.2,F5V-G0V,Radial Velocity,2025.0,90.0,GasGiant
NGTS-10 b,NGTS-10,0.7668944,0.0143,0.0,2.162,1.205,1.43,1332.0,,4600.0,0.696,0.697,,-0.02,K5 V,Transit,2020.0,,HotJupiter
WASP-6 b,WASP-6,3.36100208,0.0414,0.054,0.485,1.23,0.325,1184.0,,5375.0,0.836,0.864,,-0.15,,Transit,2009.0,88.38,HotJupiter
TOI-7384 b,TOI-7384,6.2340258,0.0439,0.4,,0.318,,378.0,4.9,3185.0,0.318,0.319,,0.0,M4,Transit,2026.0,88.79,MiniNeptune
CoRoT-29 b,CoRoT-29,2.85057,0.0386,0.082,0.85,0.9,1.45,,,5260.0,0.97,0.9,,0.2,K0 V,Transit,2015.0,87.3,GasGiant
K2-26 b,K2-26,14.5665,0.0962,,,0.23820145,,430.0,5.8,3785.0,0.56,0.52,-1.3098,-0.13,M1.0 V,Transit,2016.0,88.4,MiniNeptune
TIC 139270665 c,TIC 139270665,1010.0,2.0,0.566,4.89,,,200.0,0.21,5844.0,1.035,1.016,0.03222,0.156,G2,Radial Velocity,2024.0,,GasGiant
TOI-1472 c,TOI-1472,15.5381747,0.116,0.172,0.067,0.298,3.14,662.0,,5100.0,0.87,0.84,,0.27,,Radial Velocity,2025.0,88.906,MiniNeptune
Kepler-80 g,Kepler-80,14.651,,0.1303,0.00020451,0.09367489,0.31,,,4540.0,0.73,0.678,-0.76955,0.04,K5,Transit,2017.0,88.26,EarthLike
TOI-2109 b,TOI-2109,0.67247414,0.01791,,5.02,1.347,,3646.0,,6540.0,1.453,1.698,0.67302,0.068,F,Transit,2021.0,70.74,HotJupiter
TOI-771 c,TOI-771,7.61,0.046,0.065,0.00903003,,,365.0,3.0,3370.0,0.22,0.232,-2.20343,-0.13,M3,Radial Velocity,2025.0,,EarthLike
Kepler-553 b,Kepler-553,4.030467,0.04766,,0.365,0.423,,1089.0,235.0,5191.0,0.889,0.902,-0.27084,0.152,,Transit,2016.0,88.94,HotJupiter
HD 118203 c,HD 118203,5070.0,6.2,0.257,11.1,,,146.0,,5788.0,1.22,2.03,0.69984,0.22,K0 IV,Radial Velocity,2024.0,95.0,GasGiant
TOI-849 b,TOI-849,0.76552414,0.01598,0.0,0.12299028,0.3072531,5.2,,,5373.8,0.929,0.919,,0.19,G,Transit,2020.0,86.8,MiniNeptune
TOI-6086 b,TOI-6086,1.3888725,0.01541,,,0.10527273,,634.0,26.8,3200.0,0.254,0.259,-2.19791,0.11,M3.0,Transit,2024.0,87.3,EarthLike
GJ 887 c,GJ 887,21.784,0.121,0.17,0.02045129,,,320.0,2.5,3688.0,0.495,0.468,-1.43415,-0.06,M1 V,Radial Velocity,2020.0,,EarthLike
NGTS-34 b,NGTS-34,43.12655,0.257,,0.06009532,0.32563175,,624.0,,6134.0,1.266,1.367,0.37658,0.228,F8 V,Transit,2025.0,88.874,MiniNeptune
GJ 887 b,GJ 887,9.2619,0.0683,0.14,0.01227077,,,426.0,7.8,3688.0,0.495,0.468,-1.43415,-0.06,M1 V,Radial Velocity,2020.0,,EarthLike
TOI-4504 c,TOI-4504,82.97213,0.3569,0.032,3.7672,0.99,,,,5315.0,0.89,0.92,-0.20761,0.16,K1 V,Transit,2024.0,89.69,GasGiant
TOI-1279 b,TOI-1279,9.61419,0.085,0.0,0.03335133,0.23744044,3.05,759.0,,5457.0,0.8784,0.8426,-0.24336,-0.079,,Transit,2024.0,,MiniNeptune
TOI-6041 c,TOI-6041,88.0,0.3721,,0.24510081,,,403.5,4.42,5445.0,0.885,0.879,-0.21254,0.104,G7,Radial Velocity,2025.0,90.0,GasGiant
WASP-85 A b,WASP-85 A,2.6556777,0.039,0.0,1.265,1.24,0.88,1452.0,,6112.0,1.09,0.935,,,G5 V,Transit,2016.0,89.69,HotJupiter
TOI-1758 b,TOI-1758,20.705127,0.138,0.0,0.02170983,0.3173677,0.83,551.44,,5151.0,0.8253,0.8155,-0.37263,-0.02,,Transit,2024.0,,MiniNeptune
Kepler-9 c,Kepler-9,38.9853,0.227,0.06691,0.09407545,0.72084932,0.31,,,5774.0,1.022,0.958,-0.038,0.05,,Transit,2010.0,89.188,GasGiant
K2-108 b,K2-108,4.73401,0.0573,0.18,0.18689236,0.47105005,2.22,1446.0,762.0,5474.0,1.121,1.75,,0.33,,Transit,2017.0,,HotJupiter
TOI-1742 b,TOI-1742,21.269084,0.154,0.3,0.03051961,0.21099831,4.0,694.09,,5815.0,1.0861,1.131,0.12123,0.193,,Transit,2024.0,,SuperEarth
Wendelstein-1 b,Wendelstein-1,2.663416,0.0282,0.012,0.592,1.0314,0.72,2198.0,,4251.0,0.65,0.61,,,K7 V,Transit,2020.0,86.12,HotJupiter
CoRoT-30 b,CoRoT-30,9.06005,0.0844,0.007,2.9,1.009,3.45,,,5650.0,0.98,0.91,,0.02,G3 V,Transit,2020.0,90.0,GasGiant
Kepler-138 e,Kepler-138,38.23,0.1803,0.112,0.00135293,,,292.0,1.73,3841.0,0.535,0.535,-1.25181,-0.18,,Transit Timing Variations,2022.0,88.53,EarthLike
CoRoT-28 b,CoRoT-28,5.20851,0.0603,0.047,0.484,0.955,0.69,,,5150.0,1.01,1.78,,0.15,G8/9 IV,Transit,2015.0,88.1,GasGiant
TOI-677 b,TOI-677,11.2366,0.1038,0.435,1.236,1.17,,1252.0,,6295.0,1.181,1.28,,0.0,F8,Transit,2020.0,87.63,HotJupiter
WASP-4 b,WASP-4,1.33823187,0.02312,0.0,1.237,1.413,0.774,,,5504.0,0.97,0.894974,-0.17897,-0.01,,Transit,2007.0,88.8,GasGiant
CoRoT-31 b,CoRoT-31,4.62941,0.0586,0.02,0.84,1.46,0.33,,,5700.0,1.25,2.15,,0.0,G2 IV,Transit,2020.0,83.2,GasGiant
TOI-2158 b,TOI-2158,8.60077,0.075,0.07,0.82,0.96,1.14,1188.0,,5673.0,1.12,1.41,,0.47,,Transit,2022.0,85.7,HotJupiter
WASP-48 b,WASP-48,2.14363544,0.0332,0.0,0.907,1.396,0.415,1956.0,,6000.0,1.062,1.519,,-0.12,,Transit,2011.0,81.99,HotJupiter
TOI-4551 b,TOI-4551,9.95581,0.0994,0.101,1.49,1.058,1.74,,,4896.0,1.31,3.55,0.80277,0.23,,Transit,2023.0,86.9,GasGiant
TOI-480 b,TOI-480,6.866196,0.077,0.0,0.06544412,0.2545923,4.91,1198.94,,6174.0,1.2793,1.4877,0.46195,0.164,,Transit,2024.0,,MiniNeptune
SPECULOOS-3 b,SPECULOOS-3,0.71912603,0.00733,,,0.08716225,,553.0,15.54,2800.0,0.1009,0.123,-3.07831,0.07,M6.5+/-0.5,Transit,2024.0,89.44,EarthLike
HD 135694 b,HD 135694,15.92346,0.12,0.0,0.01919275,0.22589148,2.05,750.83,,5698.0,0.913,1.0726,0.03941,-0.121,,Transit,2023.0,,MiniNeptune
TOI-1273 b,TOI-1273,4.631296,0.0549,0.055,0.222,0.99,0.28,1211.0,,5690.0,1.06,1.06,0.02938,0.07,,Transit,2024.0,,HotJupiter
TOI-1269 b,TOI-1269,4.2529913,0.0496,0.0,0.02013665,0.21424275,2.53,1004.9,,5499.0,0.9027,0.8521,-0.21968,-0.049,,Transit,2024.0,,DesertWorld
HAT-P-7 b,HAT-P-7,2.2047372,0.03676,0.0016,1.682,1.491,0.629,2700.0,,6441.0,1.47,1.84,,0.15,,Transit,2008.0,82.2,HotJupiter
TOI-1249 b,TOI-1249,13.079151,0.109,0.0,0.03744159,0.29182226,1.84,726.89,,5497.0,1.0062,0.9785,-0.10127,0.297,,Transit,2024.0,,MiniNeptune
TOI-1248 b,TOI-1248,4.3601561,0.051,0.0,0.08621004,0.60741347,0.47,952.09,,5205.0,0.9042,0.8686,-0.30016,0.223,,Transit,2024.0,,GasGiant
TOI-1221 b,TOI-1221,91.68278,0.387,0.21,3.5,0.25961326,,440.0,6.06,5592.0,0.93,1.031,,0.06,,Transit,2023.0,89.75,GasGiant
TOI-1842 b,TOI-1842,9.5739181,0.1,0.276,0.28128386,1.10166148,0.26,1199.55,,6039.0,1.4643,2.032,0.69504,0.332,,Transit,2021.0,,HotJupiter
WASP-46 b,WASP-46,1.43036763,0.02335,,1.91,1.174,1.467,1636.0,,5600.0,0.828,0.858,,-0.3,G6 V,Transit,2011.0,82.8,HotJupiter
Ross 128 b,Ross 128,9.8658,0.0496,0.116,0.00440487,,,301.0,1.38,3192.0,0.168,0.1967,-2.44129,-0.02,M4,Radial Velocity,2017.0,,EarthLike
K2-137 b,K2-137,0.179715,0.0058,0.0,0.5,0.07940048,,1471.0,,3492.0,0.463,0.442,,0.08,M3 V,Transit,2017.0,89.6,HotJupiter
TOI-1244 b,TOI-1244,6.4003,0.061,0.0,0.02076592,0.21198309,2.66,714.86,,4722.0,0.7528,0.7231,-0.62893,0.034,,Transit,2024.0,,SuperEarth
TOI-1243 b,TOI-1243,4.6594779,,,0.02422691,0.20786903,3.3,450.0,,3515.0,0.515,0.511,-1.44551,-0.2,M2.0 V,Transit,2026.0,88.24,SuperEarth
TOI-4529 b,TOI-4529,5.879577,,,0.01541712,0.1579091,4.8,511.0,,3697.0,0.482,0.48,-1.41263,-0.24,M1.5 V,Transit,2026.0,88.7,EarthLike
TOI-1411 b,TOI-1411,1.4520527,0.02122,0.0,0.0062927,0.10695049,6.36,976.4,,4115.0,0.6045,0.614,-1.01323,0.012,,Transit,2022.0,,DesertWorld
Wendelstein-2 b,Wendelstein-2,1.7522239,0.0234,0.057,0.731,1.1592,0.62,2470.0,,4591.0,0.73,0.66,,,K6 V,Transit,2020.0,87.87,HotJupiter
Kepler-87 c,Kepler-87,191.2318,0.676,0.039,0.02,0.548,0.152,403.0,,5600.0,1.1,1.82,,-0.17,,Transit,2013.0,89.588,GasGiant
HD 25463 c,HD 25463,3.04405,0.0443,0.0,0.01352931,0.12164795,9.09,1585.57,,6353.0,1.251,1.4182,0.47276,-0.018,,Transit,2023.0,,DesertWorld
WASP-43 b,WASP-43,0.813473978,0.01504,0.0,1.998,1.006,2.43,1426.7,,4500.0,0.688,0.6506,,-0.01,,Transit,2011.0,82.109,HotJupiter
WD 1856+534 b,WD 1856+534,1.4079405,0.0204,0.0,13.8,0.92782585,,163.0,0.181,4710.0,0.518,0.0131,,,DC,Transit,2020.0,88.778,GasGiant
TOI-333 b,TOI-333,3.7852503,0.049,0.0,0.06324167,0.3800524,1.42,1445.0,,6241.0,1.2,1.1,,0.01,,Transit,2025.0,89.26,MiniNeptune
HD 63433 b,HD 63433,7.1079384,0.072,0.0,0.11735892,0.1930163,20.15,886.44,,5634.0,0.9883,0.9169,-0.11748,0.079,,Transit,2020.0,,MiniNeptune
TOI-1723 b,TOI-1723,13.72641,0.114,0.0,0.03272206,0.29369844,1.6,782.98,,5743.0,1.0378,1.0855,0.06446,0.159,,Transit,2024.0,,MiniNeptune
TOI-2338 b,TOI-2338,22.65398,0.158,0.676,5.98,1.0,,799.0,,5581.0,0.99,1.05,-0.01323,0.22,,Transit,2023.0,89.52,GasGiant
TOI-4495 c,TOI-4495,5.18553,0.06323,0.023,0.07299536,0.35953314,1.9,1365.0,,6210.0,1.247,1.309,,0.18,,Transit,2024.0,86.8,MiniNeptune
HD 209458 b,HD 209458,3.524746,0.04707,,0.685,1.359,0.338,1449.0,,6065.0,1.119,1.155,0.21,0.0,,Radial Velocity,1999.0,86.71,HotJupiter
TOI-4495 b,TOI-4495,2.56699,0.03957,0.078,0.02422691,0.2215188,2.71,1735.0,,6210.0,1.247,1.309,,0.18,,Transit,2026.0,87.8,DesertWorld
TOI-763 b,TOI-763,5.6057,0.06,0.04,0.03080263,0.20340798,4.51,1038.0,,5450.0,0.917,0.897,,0.01,G,Transit,2020.0,,DesertWorld
TOI-1347 b,TOI-1347,0.84742346,,0.0,0.03492451,0.16058552,9.9,1400.0,,5464.0,0.913,0.83,-0.25964,0.04,,Transit,2024.0,79.5,MiniNeptune
HAT-P-8 b,HAT-P-8,3.0763776,0.0487,0.0,1.52,1.5,0.568,1700.0,,6200.0,1.28,1.58,0.519,,,Transit,2008.0,87.5,HotJupiter
TOI-763 c,TOI-763,12.2737,0.1011,0.04,0.02932385,0.23463288,2.82,800.0,,5450.0,0.917,0.897,,0.01,G,Transit,2020.0,,MiniNeptune
WASP-189 b,WASP-189,2.724033,0.05053,0.0,1.99,1.619,0.621987,3353.0,,8000.0,2.03,2.36,,0.29,,Transit,2020.0,84.03,HotJupiter
TOI-1751 b,TOI-1751,37.46852,0.215,0.327,0.06135386,0.26325181,4.13,651.64,,5970.0,0.9382,1.3137,0.29732,-0.373,,Transit,2024.0,,MiniNeptune
Kepler-1514 c,Kepler-1514,10.514181,0.0997,0.32,,0.1049,,1066.0,193.0,6145.0,1.196,1.289,0.32838,0.119,,Transit,2020.0,87.98,DesertWorld
WASP-41 b,WASP-41,3.052404,0.04,0.026,0.94,1.18,0.74,1244.0,,5545.0,0.93,0.87,,0.06,,Transit,2012.0,89.4,HotJupiter
HD 63433 c,HD 63433,20.5438281,,,0.04889116,0.24,4.63,678.92,,5553.0,0.956,0.934,-0.1261,-0.07,G5 V,Transit,2020.0,89.07,MiniNeptune
Kepler-62 c,Kepler-62,12.4417,0.0929,,0.013,0.048,,578.0,,4925.0,0.69,0.64,-0.678,-0.37,K2 V,Transit,2013.0,89.7,EarthLike
WASP-17 b,WASP-17,3.735438,0.0515,0.028,0.486,1.991,0.0817,1771.0,,6650.0,1.306,1.572,,-0.19,,Transit,2009.0,86.83,HotJupiter
HATS-53 b,HATS-53,3.8537768,0.04753,0.33,0.595,1.34,0.303,1312.0,,5644.0,0.964,1.101,0.04532,,,Transit,2017.0,88.78,HotJupiter
TOI-1136 g,TOI-1136,39.5387,0.23,0.0,0.03838549,0.22571187,4.11,574.0,,5805.0,1.0404,0.9573,-0.02687,0.075,,Transit,2022.0,,MiniNeptune
TOI-700 d,TOI-700,37.42396,0.1633,0.042,,0.09572681,,,0.85,3459.0,0.415,0.421,-1.64016,-0.07,M2.5 V,Transit,2020.0,89.8,EarthLike
TOI-700 c,TOI-700,16.051137,0.0929,0.068,,0.23195686,,,2.64,3459.0,0.415,0.421,-1.64016,-0.07,M2.5 V,Transit,2020.0,88.903,MiniNeptune
TOI-700 b,TOI-700,9.97702,0.0677,0.081,,0.09251494,,417.0,5.0,3461.0,0.415,0.424,-1.63451,-0.07,,Transit,2020.0,89.66,EarthLike
HATS-58 A b,HATS-58 A,4.2180896,0.05798,0.168,1.03,1.095,0.96,1721.0,,7175.0,1.461,1.433,0.68931,,,Transit,2019.0,85.69,HotJupiter
KOI-4777.01,KOI-4777,0.412,0.008,0.0,0.3121181,0.04549923,,1180.0,320.0,3515.0,0.41,0.4,,0.1,,Transit,2022.0,87.0,HotJupiter
TOI-1294 b,TOI-1294,3.915292,0.051,0.0,0.20105188,0.90317747,0.34,1392.74,,5718.0,1.1578,1.5566,0.36847,0.283,,Transit,2024.0,,HotJupiter
TOI-1136 b,TOI-1136,4.17278,0.0514,0.0,0.09753691,0.16950694,25.0,1216.0,,5805.0,1.0404,0.9573,-0.02687,0.075,,Transit,2022.0,,MiniNeptune
HD 25463 b,HD 25463,7.0491423,0.076,0.0,0.02737326,0.22708203,2.87,1198.46,,6353.0,1.251,1.4182,0.47276,-0.018,,Transit,2023.0,,MiniNeptune
TOI-2449 b,TOI-2449,106.14468,0.45,0.098,0.7,1.002,,400.0,,6021.0,1.079,1.065,,-0.03,G,Transit,2025.0,89.55,GasGiant
HATS-52 b,HATS-52,1.36665436,0.02498,0.246,2.24,1.382,1.06,1834.0,,6010.0,1.111,1.046,0.06819,,,Transit,2017.0,84.7,HotJupiter
K2-27 b,K2-27,6.771315,0.06702,0.251,0.09722179,0.39967883,1.87,902.0,116.0,5248.0,0.866,0.885,,0.13,,Transit,2016.0,,MiniNeptune
CoRoT-16 b,CoRoT-16,5.35227,0.0618,0.33,0.535,1.17,0.44,,,5650.0,1.098,1.19,,0.19,G5 V,Transit,2011.0,85.01,GasGiant
TOI-1753 b,TOI-1753,5.3846104,0.059,0.0,0.05222944,0.2211196,5.95,1005.43,,5621.0,0.9483,0.9715,-0.06956,0.026,,Transit,2024.0,,MiniNeptune
HAT-P-56 b,HAT-P-56,2.7908327,0.0423,0.246,2.18,1.466,0.86,1840.0,,6566.0,1.296,1.428,,-0.077,,Transit,2015.0,82.13,HotJupiter
HATS-51 b,HATS-51,3.3488702,0.04639,0.33,0.768,1.41,0.34,1553.0,,5758.0,1.187,1.44,0.30963,,,Transit,2017.0,87.1,HotJupiter
TOI-2128 b,TOI-2128,16.34136,0.127,0.0,0.01415858,0.18634597,2.68,780.53,,5968.0,1.0251,1.1174,0.15625,-0.07,,Transit,2024.0,,SuperEarth
XO-5 b,XO-5,4.1877558,0.0515,0.0,1.19,1.14,1.06,1230.0,,5430.0,1.04,1.13,,0.05,,Transit,2008.0,86.8,HotJupiter
Kepler-34 b,Kepler-34,288.822,1.0896,0.182,0.22,0.764,0.613,,,5913.0,1.0479,1.1618,0.173,-0.07,,Transit,2011.0,90.355,GasGiant
TOI-4406 b,TOI-4406,30.08364,0.201,0.15,0.3,1.0,,904.0,,6219.0,1.19,1.29,0.36173,0.1,,Transit,2023.0,88.48,GasGiant
TOI-1386 c,TOI-1386,227.6,0.739,0.27,0.309,,,327.4,1.771,5793.0,1.038,1.015,0.01662,0.164,G5V,Radial Velocity,2024.0,,GasGiant
TOI-6692 b,TOI-6692,131.125,0.512,0.537,0.62,1.042,,467.0,,5890.0,1.047,1.385,0.31806,-0.008,,Transit,2026.0,89.483,GasGiant
K2-21 b,K2-21,9.32414,0.0731,,,0.1418503,2.7,500.0,11.0,4043.0,0.64,0.6,,-0.11,M0.0,Transit,2015.0,88.3,EarthLike
HD 219134 f,HD 219134,22.717,0.1463,0.148,0.02296825,0.11687037,,522.6,12.38,4699.0,0.81,0.778,-0.57741,0.11,,Radial Velocity,2015.0,,EarthLike
Kepler-62 e,Kepler-62,122.3874,0.427,,0.113,0.144,,270.0,,4925.0,0.69,0.64,-0.678,-0.37,K2 V,Transit,2013.0,89.98,MiniNeptune
HD 221416 b,HD 221416,14.2767,0.1228,0.115,0.19,0.836,0.431,,,5080.0,1.212,2.943,0.71181,-0.08,,Transit,2019.0,85.75,GasGiant
OGLE-TR-132 b,OGLE-TR-132,1.689868,0.03035,,1.18,1.2,0.85,2013.0,,6210.0,1.305,1.32,0.371,0.37,,Transit,2004.0,83.4,HotJupiter
TOI-1898 b,TOI-1898,45.52234,0.269,0.485,0.40587939,0.83821469,0.85,674.54,,6241.0,1.2484,1.6131,0.55121,-0.095,,Transit,2024.0,,GasGiant
TIC 172900988 b,TIC 172900988 Aa,190.375,0.87235,0.0631,2.66086977,0.99473809,3.36,,,6050.0,1.2388,1.3841,,0.34,F9,Transit,2021.0,88.18,GasGiant
TOI-2485 b,TOI-2485,11.23479,0.1093,0.0341,2.412,1.083,2.36,1134.0,275.6,,1.163,1.72,0.51983,,,Transit,2024.0,89.49,HotJupiter
HATS-8 b,HATS-8,3.583893,0.04667,0.376,0.138,0.873,0.259,1324.0,,5679.0,1.056,1.086,,0.21,,Transit,2015.0,87.8,HotJupiter
K2-229 c,K2-229,8.32834,0.07577,0.0,0.06701696,0.18913373,12.8,800.0,,5185.0,0.837,0.793,,-0.06,,Transit,2018.0,87.94,MiniNeptune
TOI-1444 b,TOI-1444,0.4702743,0.0116,0.0,0.01126394,0.12649879,6.84,2130.02,,5460.0,0.9513,0.9105,-0.17587,0.146,,Transit,2021.0,,LavaWorld
Kepler-80 c,Kepler-80,9.52355,0.0792,,0.02120631,0.24444643,1.22,,,4540.0,0.73,0.678,-0.76955,0.04,K5,Transit,2012.0,89.33,MiniNeptune
HIP 9618 b,HIP 9618,20.772858,0.145,0.0,0.02611472,0.34154589,0.81,640.88,,5649.0,0.942,0.9593,-0.0716,-0.018,,Transit,2023.0,,MiniNeptune
TOI-1181 b,TOI-1181,2.10319365,0.0364,0.0,1.18617465,1.44496987,0.49,1942.12,,6046.0,1.4577,1.9322,0.65312,0.395,,Transit,2022.0,,HotJupiter
TOI-1820 b,TOI-1820,4.860674,0.061,0.043,2.3,1.14,2.0,1375.0,,5734.0,1.04,1.51,,0.14,,Transit,2022.0,84.4,HotJupiter
WASP-177 b,WASP-177,3.071722,0.03957,,0.508,1.58,0.172,1142.0,,5017.0,0.876,0.885,,0.25,K2,Transit,2019.0,84.14,HotJupiter
TOI-1259 A b,TOI-1259 A,3.477978,0.0407,0.0,0.441,1.022,0.513,963.0,,4775.0,0.744,0.711,,-0.5,,Transit,2021.0,89.7,GasGiant
Kepler-79 c,Kepler-79,27.4029,0.187,0.03,0.019,0.332,0.62,,,6174.0,1.165,1.302,0.342,-0.0731,,Transit,2012.0,89.48,MiniNeptune
TOI-1453 b,TOI-1453,4.3135225,,0.0,0.00729954,0.10464823,8.215288,944.2,132.6,4975.0,0.715,0.72,,-0.31,,Transit,2025.0,87.65,DesertWorld
Kepler-80 e,Kepler-80,4.6447,,0.0035,0.00934467,0.11865486,6.9,,,4540.0,0.73,0.678,-0.76955,0.04,K5,Transit,2014.0,88.59,EarthLike
HIP 8152 b,HIP 8152,10.75101,0.092,0.14,0.02454154,0.2283883,2.5,855.0,88.9,5530.0,0.91,0.95,,-0.09,,Transit,2023.0,,MiniNeptune
TOI-700 e,TOI-700,27.80978,0.134,0.059,,0.08502111,,,1.27,3459.0,0.415,0.421,-1.64016,-0.07,M2.5 V,Transit,2023.0,89.6,EarthLike
TOI-1807 b,TOI-1807,0.54937097,0.0122,0.0,0.0076771,0.13353719,3.98,1694.1,,4914.0,0.8048,0.746,-0.53313,0.044,,Transit,2021.0,,DesertWorld
KOBE-1 b,KOBE-1,8.5399,0.07006,0.0,0.0276879,,,594.4,20.56,4135.0,0.629,0.619,-0.99576,-0.01,K7 V,Radial Velocity,2025.0,,EarthLike
WASP-61 b,WASP-61,3.855898,0.0521,0.0,2.06,1.21,1.55,1624.4,,6250.0,1.27,1.39,,-0.1,,Transit,2012.0,89.3,HotJupiter
CoRoT-7 b,CoRoT-7,0.85359159,0.017016,0.0,0.018,0.141,7.5,1756.0,,5259.0,0.913,0.82,,0.138,,Transit,2009.0,80.78,DesertWorld
WASP-181 b,WASP-181,4.5195064,0.05427,,0.299,1.184,0.237,1186.0,,5839.0,1.04,0.965,,0.09,G2,Transit,2019.0,88.38,HotJupiter
Kepler-18 d,Kepler-18,14.85888,0.1172,0.0,0.052,0.623,0.27,,,5345.0,0.972,1.108,-0.031,0.19,,Transit,2011.0,88.07,GasGiant
WASP-62 b,WASP-62,4.41194,0.0571,0.0,0.58,1.34,0.32,1475.3,,6230.0,1.28,1.29,,0.04,,Transit,2012.0,88.5,HotJupiter
Kepler-38 b,Kepler-38,105.599,0.4632,0.032,0.384,0.384,,475.0,,5623.0,0.941,1.752,,-0.11,G4 V,Transit,2012.0,89.442,GasGiant
KOBE-1 c,KOBE-1,29.671,0.16071,0.0,0.03901476,,,392.5,3.91,4135.0,0.629,0.619,-0.99576,-0.01,K7 V,Radial Velocity,2025.0,,MiniNeptune
K2-266 b,K2-266,0.658524,0.01306,,0.03545236,0.29440628,,1515.0,879.5,4285.0,0.686,0.703,-0.82333,-0.12,,Transit,2018.0,75.32,MiniNeptune
WASP-183 b,WASP-183,4.1117771,0.04632,,0.502,1.47,0.21,1111.0,,5313.0,0.784,0.871,,-0.31,G9,Transit,2019.0,85.37,HotJupiter
TOI-1749 d,TOI-1749,9.0497,0.0707,0.062,0.04719528,0.22481973,,533.0,,3985.0,0.58,0.55,,-0.26,M0 V,Transit,2021.0,88.53,MiniNeptune
TOI-199 b,TOI-199,104.854,0.4254,0.09,0.17,0.81,,,,5255.0,0.936,0.82,-0.33819,0.22,G9 V,Transit,2023.0,90.0,GasGiant
TOI-1467 b,TOI-1467,5.97199,0.0495,0.0,0.02831717,0.14952256,11.0,506.07,,3776.0,0.4518,0.4565,-1.42022,-0.062,,Transit,2024.0,,EarthLike
CoRoT-21 b,CoRoT-21,2.72474,0.0417,0.0,2.26,1.3,1.36,,,6200.0,1.29,1.95,,0.0,F8 IV,Transit,2012.0,86.8,GasGiant
Kepler-421 b,Kepler-421,704.1984,1.219,0.041,,0.371,,185.0,,5308.0,0.794,0.757,-0.398,-0.25,G9/K0,Transit,2014.0,89.965,MiniNeptune
CoRoT-12 b,CoRoT-12,2.828042,0.04016,0.07,0.917,1.44,0.411,1442.0,,5675.0,1.078,1.116,,0.16,,Transit,2010.0,85.48,HotJupiter
TOI-784 b,HD 307842,2.7970365,0.038,0.0,0.03042522,0.17218336,7.4,,,5558.0,0.91,0.907,,-0.13,G,Transit,2023.0,88.6,SuperEarth
K2-229 b,K2-229,0.584249,0.012888,0.0,0.00814901,0.10384512,8.9,1960.0,,5185.0,0.837,0.793,,-0.06,,Transit,2018.0,83.9,LavaWorld
TOI-2498 b,TOI-2498,3.738252,0.0491,0.089,0.1089267,0.54063792,0.86,1443.0,,5905.0,1.12,1.26,,0.167,,Transit,2023.0,87.12,HotJupiter
KOI-13 b,KOI-13,1.763588,0.03641,0.00064,9.28,1.512,3.6,2550.0,,7650.0,1.72,1.74,,0.2,,Transit,2011.0,86.77,HotJupiter
TOI-431 b,TOI-431,0.490047,0.0113,0.0,0.0096593,0.11419415,8.0,1862.0,,4850.0,0.78,0.731,,0.2,,Transit,2021.0,84.3,LavaWorld
Kepler-79 d,Kepler-79,52.0902,0.287,0.025,0.019,0.639,0.09,,,6174.0,1.165,1.302,0.342,-0.0731,,Transit,2014.0,89.93,GasGiant
TOI-2019 b,TOI-2019,15.3444,0.128,0.0,0.1082345,0.47575721,1.25,917.46,,5626.0,1.1832,1.7457,0.44075,0.409,,Transit,2024.0,,MiniNeptune
TOI-1836 c,TOI-1836,1.7727471,0.03089,0.0,0.02517081,0.23194578,3.0,2007.6,,6237.0,1.2518,1.6454,0.56984,-0.136,,Transit,2024.0,,MiniNeptune
WASP-190 b,WASP-190,5.367753,0.0663,0.0,1.0,1.15,,1500.0,,6400.0,1.35,1.6,,-0.02,F6 IV-V,Transit,2019.0,87.1,HotJupiter
K2-21 c,K2-21,15.5012,0.1026,,,0.17129093,5.4,420.0,5.6,4043.0,0.64,0.6,,-0.11,M0.0,Transit,2015.0,89.08,SuperEarth
HIP 97166 b,HIP 97166,10.288914,0.091,0.29,0.06009532,0.2212631,6.86,701.66,,5216.0,0.9342,0.8418,-0.32514,0.248,,Transit,2021.0,,MiniNeptune
GJ 411 b,GJ 411,12.946,0.0789,0.12,0.00846364,,,370.1,3.13,3601.0,0.39,0.392,-1.70997,-0.09,M1.5 V,Radial Velocity,2019.0,,EarthLike
Kepler-79 e,Kepler-79,81.0659,0.386,0.012,0.013,0.311,0.53,,,6174.0,1.165,1.302,0.342,-0.0731,,Transit,2014.0,89.13,MiniNeptune
TOI-1272 b,TOI-1272,3.31599,0.0417,0.35,0.0849515,0.36863736,2.09,975.0,,5065.0,0.8772,0.7934,-0.42597,0.182,,Transit,2022.0,,MiniNeptune
CoRoT-1 b,CoRoT-1,1.5089557,,0.0,1.03,1.49,0.38,1898.0,,5950.0,0.95,1.11,,-0.3,G0 V,Transit,2008.0,85.1,HotJupiter
AU Mic c,AU Mic,18.85969,0.1108,0.00338,,0.225,,459.0,7.3,3678.0,0.51,0.744,-1.0381,0.23,,Transit,2021.0,89.22655,MiniNeptune
HD 219666 b,HD 219666,6.03607,0.06356,0.0,0.05222918,0.42019806,0.87,1073.0,,5527.0,0.92,1.03,,0.04,,Transit,2018.0,86.38,MiniNeptune
TOI-1824 b,TOI-1824,22.808533,0.151,0.0,0.05034163,0.24478826,4.24,528.67,,5165.0,0.8801,0.8123,-0.37263,0.124,,Transit,2024.0,,MiniNeptune
HD 63433 d,HD 63433,4.209075,0.0503,0.16,,0.09572681,,1040.0,,5688.0,0.99,0.912,-0.12494,0.03,G5 V,Transit,2023.0,88.73,DesertWorld
TOI-2202 b,TOI-2202,11.9101,0.09564,0.042,0.978,1.01,,,,5144.0,0.823,0.794,-0.40121,0.04,K8 V,Transit,2021.0,88.4,GasGiant
GJ 3988 b,GJ 3988,6.9442,0.0405,0.0,0.01161004,,,348.0,2.45,3273.0,0.1842,0.19734,-2.39513,-0.12,M4.5 V,Radial Velocity,2023.0,,EarthLike
TOI-3071 b,TOI-3071,1.266938,0.0249,0.09,0.2145812,0.63877351,1.02,2155.0,,6177.0,1.29,1.31,,0.35,,Transit,2024.0,82.1,HotJupiter
GJ 724 b,GJ 724,5.101284,0.04685,0.577,0.03382328,,,611.0,23.32,3799.0,0.5271,0.52226,-1.2909,-0.02,M1.0 V,Radial Velocity,2023.0,,MiniNeptune
HN Lib b,HN Lib,36.116,0.1417,0.079,0.01717908,,,234.4,0.503,3347.0,0.291,0.299,-1.99542,-0.18,M4.0 V,Radial Velocity,2023.0,,EarthLike
K2-39 b,K2-39,4.60497,0.0574,0.152,0.12522418,0.50941208,1.17,1670.0,1356.0,4912.0,1.192,2.93,,0.43,,Transit,2016.0,,MiniNeptune
Kepler-80 d,Kepler-80,3.07222,0.0372,,0.02123777,0.13649746,7.04,,,4540.0,0.73,0.678,-0.76955,0.04,K5,Transit,2014.0,88.35,EarthLike
HD 152843 c,HD 152843,19.502104,0.1482,0.074,0.03042522,0.52993222,0.253,,133.1,6310.0,1.15,1.43,,-0.16,,Transit,2021.0,89.21,MiniNeptune
GJ 436 b,GJ 436,2.64385,0.02872,,0.0729,0.3767,1.69,649.0,,3350.0,0.452,0.464,-1.585,-0.03,,Radial Velocity,2004.0,86.36,MiniNeptune
WASP-80 b,WASP-80,3.0678504,0.0346,0.07,0.554,0.952,0.737,,,4145.0,0.57,0.571,,-0.14,K7 V,Transit,2012.0,89.92,GasGiant
TOI-6716 b,TOI-6716,4.7185898,0.0319,0.88,,0.0876,,369.0,4.4,3110.0,0.223,0.231,,0.0,M4,Transit,2026.0,89.45,EarthLike
TOI-431 d,TOI-431,12.46103,0.098,0.0,0.03114888,0.29351465,1.36,633.0,,4850.0,0.78,0.731,,0.2,,Transit,2021.0,89.7,MiniNeptune
TOI-1823 b,TOI-1823,38.8,0.212,0.0,0.21206412,0.67273058,0.86,423.63,,4927.0,0.8414,0.8049,-0.46092,0.243,,Transit,2024.0,,GasGiant
Kepler-18 c,Kepler-18,7.64159,0.0752,0.0,0.054,0.49,0.59,,,5345.0,0.972,1.108,-0.031,0.19,,Transit,2011.0,87.68,MiniNeptune
TOI-1799 b,TOI-1799,7.085738,0.071,0.0,0.01258541,0.12689725,7.51,922.72,,5698.0,0.9406,0.9536,-0.06198,-0.064,,Transit,2024.0,,DesertWorld
HIP 9618 c,HIP 9618,52.56363,0.269,0.0,0.02202446,0.3058761,1.0,470.31,,5649.0,0.942,0.9593,-0.0716,-0.018,,Transit,2023.0,,MiniNeptune
Kepler-35 b,Kepler-35,131.458,0.60347,0.042,0.127,0.728,0.41,,,5606.0,0.8877,1.0284,-0.027,-0.34,,Transit,2011.0,90.76,GasGiant
WASP-49 b,WASP-49,2.7817362,0.03873,0.0,0.399,1.198,0.288,1400.0,,5600.0,1.003,1.038,,,G6 V,Transit,2012.0,84.48,HotJupiter
GJ 251 b,GJ 251,14.238,0.0818,0.1,0.01258534,,,351.0,2.53,3451.0,0.36,0.364,-1.77211,-0.03,M3.0 V,Radial Velocity,2020.0,,EarthLike
NGTS-5 b,NGTS-5,3.3569866,0.0382,0.0,0.229,1.136,,952.0,,4987.0,0.661,0.739,,0.12,K2 V,Transit,2019.0,86.6,GasGiant
HD 238090 b,HD 238090,13.671,0.0932,0.3,0.02167826,,,469.6,8.1,3933.0,0.578,0.57,-1.15366,-0.03,M0.0 V,Radial Velocity,2020.0,,EarthLike
HIP 8152 c,HIP 8152,19.60562,0.139,0.2,0.03366596,0.22521451,3.63,650.68,,5618.0,0.9373,0.9603,-0.0804,0.007,,Transit,2023.0,,MiniNeptune
55 Cnc e,55 Cnc,0.7365437,0.01544,0.061,0.02457288,0.18556517,4.78,1958.0,,5234.0,0.905,0.943,,0.31,,Radial Velocity,2004.0,87.3,LavaWorld
TOI-5388.01,TOI-5388,2.5946748,,,0.00692197,0.08832204,11.9,488.0,,3440.0,0.292,0.3,-1.94539,-0.36,M3.0 V,Transit,2024.0,88.8,EarthLike
GJ 414 A b,GJ 414 A,50.8,0.2324,0.45,0.02391215,0.23463288,,308.6,,4120.0,0.65,0.68,-0.92445,0.24,K7 V,Radial Velocity,2021.0,,MiniNeptune
GJ 414 A c,GJ 414 A,749.83,1.4,0.105,0.16936727,0.74939781,,124.7,,4120.0,0.65,0.68,-0.92445,0.24,K7 V,Radial Velocity,2021.0,,GasGiant
GJ 740 b,GJ 740,2.37756,0.029,0.24,0.00931315,,,829.0,79.0,3913.0,0.58,0.56,-1.206,0.08,M1.0 V,Radial Velocity,2021.0,,DesertWorld
TOI-201 b,TOI-201,52.97818,0.3,0.28,0.42,1.008,,759.0,,6394.0,1.316,1.317,0.41497,0.24,F6 V,Transit,2021.0,,GasGiant
K2-99 b,K2-99,18.24783,0.153,0.22,0.87,1.06,,1184.0,,6069.0,1.44,2.55,0.89927,0.2,,Transit,2016.0,88.6,HotJupiter
K2-9 b,K2-9,18.4498,0.091,,,0.20073156,,314.0,1.36,3390.0,0.3,0.31,-1.92082,-0.25,M2.5 V,Transit,2015.0,87.983,SuperEarth
Kepler-9 b,Kepler-9,19.23891,0.143,0.0609,0.13655099,0.73958426,0.42,,,5774.0,1.022,0.958,-0.038,0.05,,Transit,2010.0,88.982,GasGiant
K2-290 c,K2-290,48.36685,0.305,0.0,0.774,1.006,1.01,676.0,,6302.0,1.194,1.511,,-0.06,,Transit,2019.0,89.37,GasGiant
CoRoT-9 b,CoRoT-9,95.272656,0.4021,0.133,0.84,1.066,0.86,420.0,,5625.0,0.96,0.96,,-0.01,,Transit,2009.0,89.9,GasGiant
HD 6061 b,HD 6061,5.2549,0.06,0.0,0.03146352,0.21657951,3.82,1075.31,,5934.0,1.0269,1.0072,0.05538,-0.05,,Transit,2023.0,,DesertWorld
CD Cet b,CD Cet,2.2907,0.0185,,0.01242809,,,464.0,8.6,3130.0,0.161,0.175,-2.53254,0.13,M5.0 V,Radial Velocity,2020.0,87.48,EarthLike
Kepler-447 b,Kepler-447,7.79430132,0.0769,0.123,1.37,1.65,0.4,,,5493.0,1.0,1.05,,0.07,G8 V,Transit,2015.0,86.55,GasGiant
rho CrB c,rho CrB,102.54,0.4123,0.052,0.0786584,,,448.1,9.85,5627.0,0.889,1.3617,0.23198,-0.31,G0 V,Radial Velocity,2016.0,,MiniNeptune
Kepler-62 d,Kepler-62,18.16406,0.12,,0.044,0.174,,510.0,,4925.0,0.69,0.64,-0.678,-0.37,K2 V,Transit,2013.0,89.7,MiniNeptune
TOI-1472 b,TOI-1472,6.36338574,0.064,0.041,0.057,0.362,1.49,891.0,,5100.0,0.87,0.84,,0.27,,Transit,2024.0,89.954,MiniNeptune
TOI-2076 d,TOI-2076,35.125686,0.199,0.0,0.0912442,0.30608292,4.0,457.68,,5192.0,0.8557,0.796,-0.37779,0.02,,Transit,2021.0,,MiniNeptune
TOI-2589 b,TOI-2589,61.6277,0.3,0.522,3.5,1.08,,592.0,,5579.0,0.93,1.07,-0.00436,0.12,,Transit,2023.0,89.17,GasGiant
HIP 94235 b,HIP 94235,7.713057,0.0787,0.32,1.19246736,0.26764253,,1060.0,,5991.0,1.094,1.08,,0.0,G V,Transit,2022.0,87.14,HotJupiter
Kepler-63 b,Kepler-63,9.4341505,0.08,0.45,0.378,0.545,3.0,,,5576.0,0.984,0.901,-0.157,0.05,,Transit,2013.0,87.806,GasGiant
Kepler-1656 b,Kepler-1656,31.578659,0.197,0.836,0.15291193,0.4478544,2.13,651.0,,5731.0,1.03,1.1,,0.19,,Transit,2018.0,89.31,MiniNeptune
K2-290 b,K2-290,9.21165,0.0923,0.0,0.03429506,0.27299491,4.1,1230.0,,6302.0,1.194,1.511,,-0.06,,Transit,2019.0,88.14,MiniNeptune
CoRoT-8 b,CoRoT-8,6.21229,0.063,0.0,0.22,0.57,1.6,,,5080.0,0.88,0.77,,0.3,K1 V,Transit,2010.0,88.4,GasGiant
HD 164922 c,HD 164922,75.765,0.3351,0.22,0.04058774,,,400.5,6.29,5293.0,0.874,0.999,-0.15304,0.16,G9 V,Radial Velocity,2016.0,,MiniNeptune
HD 42618 b,HD 42618,149.61,0.554,0.19,0.04530724,,,337.0,3.16,5727.0,1.015,0.999,-0.00877,-0.09,G4 V,Radial Velocity,2016.0,,MiniNeptune
K2-284 b,K2-284,4.795069,0.04771,0.078,,0.24801499,,653.0,42.6,4140.0,0.63,0.607,-1.01323,0.0,,Transit,2018.0,89.0,MiniNeptune
PH1 b,PH1,138.317,0.652,0.0702,0.531,0.551,,481.0,,6407.0,1.528,1.734,,0.21,F,Transit,2012.0,90.05,GasGiant
TOI-1749 b,TOI-1749,2.38839,0.0291,0.14,0.17934206,0.12400771,,831.0,,3985.0,0.58,0.55,,-0.26,M0 V,Transit,2021.0,86.4,GasGiant
TOI-2076 c,TOI-2076,21.015327,0.142,0.0,0.17304935,0.32959428,6.0,543.16,,5192.0,0.8557,0.796,-0.37779,0.02,,Transit,2021.0,,GasGiant
TOI-1794 b,TOI-1794,8.765528,0.082,0.0,0.02737326,0.29414028,1.31,992.91,,5631.0,0.9698,1.3162,0.19728,0.035,,Transit,2024.0,,MiniNeptune
TOI-1749 c,TOI-1749,4.4929,0.0443,0.019,0.04404893,0.18913406,,673.0,,3985.0,0.58,0.55,,-0.26,M0 V,Transit,2021.0,88.8,MiniNeptune
TOI-1798.01,TOI-1798,8.02154,0.074,0.0,0.02045129,0.21278168,2.61,734.31,,5106.0,0.8543,0.7911,-0.41567,0.073,,Transit,2024.0,,SuperEarth
TOI-2081 b,TOI-2081,10.50534,0.0752,,,0.18199692,,488.0,8.1,3800.0,0.54,0.534,-1.33847,-0.5,M1.0,Transit,2022.0,89.34,SuperEarth
TOI-1798.02,TOI-1798,0.4378146,0.0107,0.0,0.01761957,0.12484546,11.17,1935.83,,5106.0,0.8543,0.7911,-0.41567,0.073,,Transit,2024.0,,LavaWorld
TOI-2076 b,TOI-2076,10.355096,0.088,0.0,0.05065626,0.24717908,4.1,687.68,,5192.0,0.8557,0.796,-0.37779,0.02,,Transit,2021.0,,MiniNeptune
TOI-4479 b,TOI-4479,1.1589,0.0164,,,0.25158398,,861.0,92.5,3400.0,0.452,0.451,-1.60432,0.0,M3.0,Transit,2022.0,86.36,MiniNeptune
TOI-1451 b,TOI-1451,16.537944,0.127,0.0,0.04782455,0.23297739,4.67,723.33,,5801.0,1.0022,1.0162,0.02449,0.019,,Transit,2024.0,,MiniNeptune
TOI-1453 c,TOI-1453,6.5886982,,0.0,0.00928174,0.19841233,1.472135,819.8,75.3,4975.0,0.715,0.72,,-0.31,,Transit,2025.0,87.61,DesertWorld
TOI-3493 b,TOI-3493,8.1594667,,,0.02822278,0.28726965,1.47,1102.0,245.0,5844.0,1.023,1.228,,0.03,G1/2 V,Transit,2025.0,89.25,MiniNeptune
TOI-1648 b,TOI-1648,7.331602,0.0694,0.178,0.0233,0.227,2.49,799.0,,4850.0,0.83,0.81,,0.2,,Transit,2025.0,88.29,MiniNeptune
WASP-132 d,WASP-132,1816.6,2.71,0.12,5.16,,,107.0,0.0363,4686.0,0.789,0.758,-0.57512,0.15,K4 V,Radial Velocity,2024.0,,GasGiant
Kepler-686 b,Kepler-686,1.594745463,0.0258,0.0,,1.05005088,,1540.0,1329.42,5934.0,0.901,0.893,,-0.38,,Transit,2016.0,85.94,HotJupiter
Kepler-348 b,Kepler-348,7.05675145,0.0778,0.0,,0.14987982,,1196.0,483.95,6388.0,1.259,1.402,,0.1,,Transit,2014.0,88.28,DesertWorld
Kepler-1586 b,Kepler-1586,15.6049212,0.13,0.0,,0.17396765,,1109.0,357.25,6245.0,1.201,2.106,,-0.28,,Transit,2016.0,87.66,DesertWorld
Kepler-82 e,Kepler-82,5.902245782,0.0621,0.0,,0.21679045,,926.0,173.74,5427.0,0.915,0.929,,0.16,,Transit,2014.0,89.23,DesertWorld
Kepler-1859 c,Kepler-1859,3.5964055,0.0464,0.0,,0.11776272,,1310.0,696.11,6190.0,1.025,1.068,,-0.16,,Transit,2023.0,87.66,DesertWorld
Kepler-1588 b,Kepler-1588,7.84931739,0.0726,0.0,,0.06958706,,925.0,172.98,5678.0,0.828,0.99,,-0.28,,Transit,2016.0,89.95,DesertWorld
Kepler-1587 b,Kepler-1587,9.4060467,0.0878,0.0,,0.11776272,,981.0,219.36,5855.0,1.02,1.268,,0.04,,Transit,2016.0,83.65,DesertWorld
Kepler-605 c,Kepler-605,2.358952404,0.033,0.0,,0.08564561,,1278.0,630.43,5300.0,0.861,0.986,,0.18,,Transit,2016.0,87.91,DesertWorld
Kepler-1591 b,Kepler-1591,8.18504949,0.0794,0.0,,0.08475347,,892.0,149.41,5984.0,0.993,0.906,,-0.2,,Transit,2016.0,89.38,DesertWorld
Kepler-343 b,Kepler-343,8.96848108,0.0853,0.0,,0.15969338,,946.0,189.4,6122.0,1.022,1.047,,-0.14,,Transit,2014.0,85.94,DesertWorld
Kepler-916 b,Kepler-916,32.2968798,0.1949,0.0,,0.16415409,,496.0,14.36,5412.0,0.945,0.843,,0.14,,Transit,2016.0,89.95,SuperEarth
Kepler-50 b,Kepler-50,7.8128584,0.0832,0.0,,0.13738983,,1198.0,487.11,6225.0,1.259,1.584,,0.0,,Transit,2012.0,88.81,DesertWorld
Kepler-1590 b,Kepler-1590,7.61760804,0.0772,0.0,,0.09724345,,1019.0,255.32,6202.0,1.05,1.072,,-0.12,,Transit,2016.0,89.38,DesertWorld
Kepler-217 c,Kepler-217,8.58598202,0.0924,0.0,,0.13203698,,1178.0,454.63,6765.0,1.426,1.439,,0.21,,Transit,2014.0,89.95,DesertWorld
Kepler-244 c,Kepler-244,9.76734365,0.0857,0.0,,0.17842836,,751.0,75.17,5565.0,0.879,0.802,,-0.2,,Transit,2014.0,89.38,SuperEarth
Kepler-171 d,Kepler-171,39.6027551,0.2202,0.0,,0.16415409,,483.0,12.91,5641.0,0.908,0.831,,-0.16,,Transit,2014.0,89.38,SuperEarth
Kepler-238 c,Kepler-238,6.15555756,0.067,0.0,,0.16772265,,980.0,217.72,5858.0,1.056,0.963,,0.1,,Transit,2014.0,81.93,DesertWorld
Kepler-1585 b,Kepler-1585,3.5827463,0.0445,0.0,,0.15344839,,1064.0,302.74,5448.0,0.912,0.872,,0.07,,Transit,2016.0,89.38,DesertWorld
Kepler-915 b,Kepler-915,4.59489816,0.0566,0.0,,0.16504623,,1319.0,716.65,6056.0,1.148,1.381,,0.1,,Transit,2016.0,76.0,DesertWorld
Kepler-1606 b,Kepler-1606,196.435224,0.6375,0.0,,0.17664407,,276.0,1.38,5536.0,0.895,0.816,,-0.12,,Transit,2016.0,89.95,SuperEarth
Kepler-169 f,Kepler-169,87.0905994,0.3644,0.0,,0.27834824,,366.0,4.26,5173.0,0.85,0.939,,0.26,,Transit,2014.0,89.95,MiniNeptune
Kepler-688 b,Kepler-688,3.895936844,0.0459,0.0,,0.70657629,,1011.0,247.08,5557.0,0.845,0.781,,-0.3,,Transit,2016.0,87.66,HotJupiter
Kepler-1951 b,Kepler-1951,20.6577602,0.1359,0.0,,0.07850848,,624.0,35.84,5497.0,0.782,0.9,,-0.28,,Transit,2021.0,88.81,EarthLike
Kepler-183 c,Kepler-183,11.6370303,0.0987,0.0,,0.25872112,,857.0,127.46,5576.0,0.945,1.198,,0.14,,Transit,2014.0,89.86,MiniNeptune
GJ 238 b,GJ 238,1.7446999,0.02123,,,0.05049522,,758.0,,3485.0,0.4193,0.4314,-1.61618,0.15,M2.5 V,Transit,2024.0,89.99,EarthLike
Kepler-217 d,Kepler-217,3.88689525,0.0545,0.0,,0.10170416,,1533.0,1306.8,6765.0,1.426,1.439,,0.21,,Transit,2016.0,86.52,DesertWorld
Kepler-196 d,Kepler-196,122.0799221,0.4698,0.0,,0.52814793,,419.0,7.28,5313.0,0.926,1.501,,0.12,,Transit,2021.0,89.38,MiniNeptune
Kepler-1950 b,Kepler-1950,10.7770462,0.0871,0.0,,0.09456703,,753.0,75.83,5455.0,0.759,0.852,,-0.34,,Transit,2021.0,89.95,EarthLike
Kepler-988 b,Kepler-988,17.76076524,0.1085,0.0,,0.17218336,,368.0,4.34,3826.0,0.54,0.516,,-0.06,,Transit,2016.0,89.46,SuperEarth
Kepler-1589 b,Kepler-1589,0.991659646,0.0205,0.0,,0.10616487,,2102.0,4614.18,6117.0,1.17,1.244,,0.14,,Transit,2016.0,71.48,LavaWorld
GJ 536 c,GJ 536,32.761,0.1617,0.0,0.01853201,,,290.5,1.692,3641.0,0.528,0.529,-1.35291,-0.08,,Radial Velocity,2025.0,,EarthLike
Kepler-154 c,Kepler-154,62.3027873,0.2987,0.0,,0.24355471,,437.0,8.63,5937.0,0.916,0.832,,-0.4,,Transit,2014.0,88.81,MiniNeptune
Kepler-653 c,Kepler-653,0.900376476,0.0187,0.0,,0.06244992,,1912.0,3160.48,5665.0,1.076,1.095,,0.48,,Transit,2016.0,85.94,LavaWorld
TIC 434398831 b,TIC 434398831,3.685504,0.04641,0.04,,0.31314176,,1250.0,,5638.0,0.992,0.909,,-0.081,G4 V,Transit,2025.0,88.2,MiniNeptune
Kepler-253 b,Kepler-253,3.78403393,0.0455,0.0,,0.15077196,,959.0,199.71,5216.0,0.874,0.79,,0.06,,Transit,2014.0,89.38,DesertWorld
Kepler-76 b,Kepler-76,1.5449298,0.0274,,2.01,1.36,1.1,2140.0,,6409.0,1.2,1.32,,-0.1,,Orbital Brightness Modulation,2013.0,77.55,HotJupiter
Kepler-1582 b,Kepler-1582,4.83809469,0.0316,0.0,,0.0704792,,354.0,3.7,3187.0,0.18,0.2,,0.1,,Transit,2016.0,89.98,EarthLike
Kepler-228 b,Kepler-228,2.56659092,0.0374,0.0,,0.13917412,,1360.0,807.74,6046.0,1.053,0.972,,-0.08,,Transit,2014.0,88.24,DesertWorld
Kepler-11 d,Kepler-11,22.68714105,0.1528,0.0,,0.29083822,,653.0,42.95,5657.0,0.921,1.046,,0.0,,Transit,2010.0,89.95,MiniNeptune
Kepler-149 b,Kepler-149,29.1989838,0.1757,0.0,,0.33633745,,531.0,18.75,5529.0,0.848,0.832,,-0.2,,Transit,2014.0,89.95,MiniNeptune
Kepler-191 b,Kepler-191,9.93962361,0.0844,0.0,,0.17218336,,722.0,64.29,5105.0,0.81,0.868,,0.14,,Transit,2014.0,84.14,SuperEarth
Kepler-1541 b,Kepler-1541,8.40691199,0.0781,0.0,,0.19181048,,1048.0,285.67,5365.0,0.899,1.533,,-0.06,,Transit,2016.0,89.38,DesertWorld
Kepler-1048 b,Kepler-1048,6.92101021,0.059,0.0,,0.12133128,,620.0,34.85,4461.0,0.571,0.585,,-0.6,,Transit,2016.0,89.95,EarthLike
Kepler-436 b,Kepler-436,64.001151,0.2502,0.0,,0.16950694,,271.0,1.28,4299.0,0.508,0.511,,-0.96,,Transit,2015.0,89.38,SuperEarth
Kepler-1959 b,Kepler-1959,6.3867289,0.0617,0.0,,0.10705701,,811.0,102.25,5071.0,0.768,0.811,,-0.02,,Transit,2021.0,89.95,DesertWorld
Kepler-1583 b,Kepler-1583,9.32807355,0.0866,0.0,,0.05174422,,825.0,109.6,5806.0,0.996,0.899,,-0.04,,Transit,2016.0,89.38,DesertWorld
Kepler-1958 b,Kepler-1958,9.32867332,0.0853,0.0,,0.14720339,,801.0,97.13,5733.0,0.947,0.855,,-0.12,,Transit,2021.0,89.95,DesertWorld
TOI-5799 b,TOI-5799,4.164753,0.0352,,,0.14497304,,518.01,11.91,3514.0,0.337,0.328,-1.82974,-0.08,,Transit,2024.0,88.67,EarthLike
Kepler-235 e,Kepler-235,46.18415,0.2014,0.0,,0.17307551,,265.0,1.16,3887.0,0.51,0.48,,-0.36,,Transit,2014.0,89.95,SuperEarth
Kepler-1762 b,Kepler-1762,29.5391328,0.2048,0.0,,0.24444685,,735.0,68.88,6616.0,1.31,1.298,,0.07,,Transit,2021.0,89.95,MiniNeptune
Kepler-1581 b,Kepler-1581,6.28385491,0.0682,0.0,,0.06691063,,1117.0,367.84,5989.0,1.07,1.219,,0.06,,Transit,2016.0,88.81,DesertWorld
Kepler-1580 b,Kepler-1580,56.6449279,0.2875,0.0,,0.10616487,,550.0,21.65,6102.0,0.985,1.201,,-0.24,,Transit,2016.0,89.38,EarthLike
Kepler-1712 b,Kepler-1712,13.81504449,0.0903,0.0,,0.17039908,,391.0,5.52,3732.0,0.515,0.509,,0.02,,Transit,2021.0,88.06,SuperEarth
Kepler-1960 b,Kepler-1960,2.29794819,0.0354,0.0,,0.08742989,,1547.0,1352.14,6371.0,1.117,1.072,,-0.18,,Transit,2021.0,89.01,DesertWorld
Kepler-444 c,Kepler-444,4.545878442,0.0458,0.0,,0.03479353,,799.0,96.19,5032.0,0.618,0.593,,-0.96,,Transit,2015.0,88.81,EarthLike
Kepler-923 b,Kepler-923,6.93366476,0.0759,0.0,,0.11419415,,1054.0,291.47,6194.0,1.208,1.129,,0.21,,Transit,2016.0,89.38,DesertWorld
Kepler-224 b,Kepler-224,3.132951625,0.0383,0.0,,0.13382127,,979.0,217.12,5195.0,0.768,0.699,,-0.36,,Transit,2014.0,89.38,DesertWorld
Kepler-952 b,Kepler-952,130.3546919,0.5183,0.0,,0.70568415,,369.0,4.36,5970.0,1.089,1.015,,0.1,,Transit,2016.0,89.95,GasGiant
TOI-969 c,TOI-969,1700.0,2.52,0.628,11.3,,,96.4,0.0208,4435.0,0.734,0.671,,0.175,K V,Radial Velocity,2022.0,,GasGiant
Kepler-328 c,Kepler-328,71.3116583,0.3526,0.0,,0.46212944,,473.0,11.79,6167.0,1.149,1.064,,0.07,,Transit,2013.0,89.95,MiniNeptune
Kepler-610 c,Kepler-610,151.86392,0.5594,0.0,,0.23463329,,318.0,2.43,5713.0,1.01,0.893,,0.07,,Transit,2016.0,89.95,MiniNeptune
K2-157 d,K2-157,66.5,0.309,0.5,0.0732,,,429.1,6.46,5334.0,0.89,0.86,,0.02,G9 V,Radial Velocity,2025.0,,MiniNeptune
K2-157 c,K2-157,25.942,0.165,0.2,0.0967,,,587.0,22.65,5334.0,0.89,0.86,,0.02,G9 V,Radial Velocity,2025.0,,MiniNeptune
Kepler-408 b,Kepler-408,2.465026158,0.0366,0.0,,0.06244992,,1558.0,1391.8,6104.0,1.079,1.225,,-0.2,,Transit,2014.0,88.24,DesertWorld
Kepler-1607 b,Kepler-1607,13.6473676,0.1075,0.0,,0.09724345,,913.0,164.06,5771.0,0.89,1.382,,-0.3,,Transit,2016.0,89.95,DesertWorld
Kepler-368 c,Kepler-368,72.381301,0.3115,0.0,,0.12668413,,376.0,4.71,5501.0,0.77,0.747,,-0.48,,Transit,2014.0,89.95,EarthLike
Kepler-1017 b,Kepler-1017,7.23400381,0.0702,0.0,,0.15880124,,831.0,112.48,5411.0,0.879,0.85,,0.0,,Transit,2016.0,89.93,DesertWorld
Kepler-1584 b,Kepler-1584,13.3997555,0.1168,0.0,,0.13471341,,886.0,145.65,6401.0,1.183,1.15,,-0.04,,Transit,2016.0,89.21,DesertWorld
TIC 241249530 b,TIC 241249530,165.7719,0.641,0.9412,4.98,1.186,,,,6166.0,1.271,1.397,0.40824,0.09,,Transit,2024.0,85.17,GasGiant
Kepler-556 b,Kepler-556,11.72291212,0.0973,0.0,,0.18556549,,766.0,81.46,5550.0,0.894,0.953,,0.0,,Transit,2016.0,89.97,SuperEarth
TOI-5786 b,TOI-5786,12.779107,0.114,,0.22968369,0.76188908,0.64,1040.0,,6235.0,1.23,1.36,,0.08,,Transit,2025.0,88.9,HotJupiter
Kepler-444 b,Kepler-444,3.60011712,0.0407,0.0,,0.04460709,,938.0,182.81,5051.0,0.692,0.721,,-0.36,,Transit,2015.0,89.88,DesertWorld
Kepler-1608 b,Kepler-1608,16.4735686,0.1126,0.0,,0.16058552,,612.0,33.22,5364.0,0.702,0.754,,-0.54,,Transit,2016.0,89.95,EarthLike
HD 48948 d,HD 48948,151.92,0.4894,0.055,0.03331987,,,349.0,2.46,4593.0,0.686,0.679,,-0.21,K3 V,Radial Velocity,2024.0,,MiniNeptune
Kepler-53 c,Kepler-53,38.5575914,0.2248,0.0,,0.31849462,,550.0,21.6,6079.0,1.019,0.945,,-0.2,,Transit,2012.0,88.24,MiniNeptune
HD 48948 c,HD 48948,38.06,0.1951,0.55,0.02287398,,,553.0,15.5,4593.0,0.686,0.679,,-0.21,K3 V,Radial Velocity,2024.0,,EarthLike
HD 48948 b,HD 48948,7.34013,0.0652,0.055,0.0153542,,,957.0,138.85,4593.0,0.686,0.679,,-0.21,K3 V,Radial Velocity,2024.0,,DesertWorld
Kepler-42 d,Kepler-42,1.865114193,0.0151,0.0,,0.05888136,,455.0,10.1,3292.0,0.132,0.148,,-0.42,,Transit,2011.0,88.02,EarthLike
KOI-134 c,KOI-134,33.95,0.2305,0.24,0.22,,,,,6160.0,1.407,1.667,0.62325,0.427,F9V,Transit Timing Variations,2025.0,75.0,GasGiant
Kepler-446 c,Kepler-446,3.03621679,0.032,0.0,,0.18734977,,583.0,27.4,3485.0,0.472,0.461,,0.3,,Transit,2015.0,89.38,SuperEarth
TIC 88785435 b,TIC 88785435,10.508843,0.08432,0.131,,0.44874732,,635.0,,3998.0,0.724,0.911,,-0.08,K7 V,Transit,2025.0,88.97,MiniNeptune
Kepler-32 d,Kepler-32,22.78078241,0.1256,0.0,,0.19359477,,328.0,2.73,3731.0,0.509,0.498,,-0.02,,Transit,2012.0,89.99,SuperEarth
Kepler-403 d,Kepler-403,13.61159129,0.1153,0.0,,0.09724345,,833.0,114.0,6086.0,1.102,1.111,,0.06,,Transit,2016.0,89.95,DesertWorld
Kepler-1601 b,Kepler-1601,2.20921951,0.0336,0.0,,0.07850848,,1507.0,1217.79,5991.0,1.032,1.092,,-0.02,,Transit,2016.0,83.65,DesertWorld
KOI-351 d,KOI-351,59.7370348,0.296,0.0,,0.22749615,,519.0,17.18,6238.0,0.967,1.054,,-0.4,,Transit,2013.0,89.95,MiniNeptune
Kepler-340 c,Kepler-340,22.8245485,0.2001,0.0,,0.50762867,,1448.0,1040.56,8241.0,2.046,3.177,,-0.1,,Transit,2014.0,89.95,MiniNeptune
Kepler-955 b,Kepler-955,14.53244172,0.1083,0.0,,0.28459323,,664.0,46.06,5345.0,0.802,0.86,,-0.12,,Transit,2016.0,89.95,MiniNeptune
Kepler-235 b,Kepler-235,3.3402178,0.03482,,,0.19350522,,731.0,44.0,3996.0,0.507,0.495,-1.253,-0.51,,Transit,2014.0,89.47,SuperEarth
Kepler-174 d,Kepler-174,247.354265,0.6448,0.0,,0.18734977,,194.0,0.34,4590.0,0.583,0.595,,-0.64,,Transit,2014.0,89.95,SuperEarth
Kepler-286 d,Kepler-286,5.91428767,0.064,0.0,,0.13203698,,992.0,228.83,5970.0,0.996,0.908,,-0.18,,Transit,2014.0,88.81,DesertWorld
HD 135344 A b,HD 135344 A,,16.5,0.5,10.0,1.45,,1585.0,,9540.0,,1.5,1.22,0.05,A0 V,Imaging,2025.0,73.6,HotJupiter
Kepler-220 d,Kepler-220,28.1224655,0.1631,0.0,,0.0918906,,426.0,7.76,4709.0,0.731,0.685,,-0.08,,Transit,2014.0,88.81,EarthLike
Kepler-656 c,Kepler-656,5.25448795,0.06,0.0,,0.11687057,,977.0,214.95,5546.0,1.042,0.956,,0.44,,Transit,2023.0,88.81,DesertWorld
TOI-201 c,TOI-201,2800.0,4.28,0.643,14.2,0.993,19.2,,,,1.316,1.339,,0.24,F6 V,Transit Timing Variations,2025.0,89.896,GasGiant
Kepler-577 b,Kepler-577,25.69578251,0.1353,0.0,,0.14987982,,315.0,2.32,3789.0,0.5,0.48,,-0.21,,Transit,2016.0,89.38,EarthLike
Kepler-589 c,Kepler-589,3.52468054,0.0426,0.0,,0.0981356,,1099.0,344.61,5372.0,0.832,0.916,,-0.02,,Transit,2021.0,89.95,DesertWorld
Kepler-1596 b,Kepler-1596,66.373379,0.322,0.0,,0.18021264,,471.0,11.68,6139.0,1.006,0.976,,-0.22,,Transit,2016.0,89.95,SuperEarth
Kepler-31 d,Kepler-31,87.6475334,0.409,0.0,,0.36220956,,484.0,12.96,6505.0,1.185,1.163,,-0.12,,Transit,2014.0,89.38,MiniNeptune
Kepler-1955 b,Kepler-1955,14.2652558,0.1176,0.0,,0.08832204,,833.0,113.9,5826.0,1.066,1.236,,0.16,,Transit,2021.0,89.95,DesertWorld
Kepler-908 b,Kepler-908,1.340597468,0.0248,0.0,,0.09545917,,1692.0,1939.72,5977.0,1.133,1.022,,0.21,,Transit,2016.0,89.38,DesertWorld
Kepler-1602 b,Kepler-1602,11.17931605,0.1008,0.0,,0.08653775,,883.0,143.6,6258.0,1.087,1.031,,-0.16,,Transit,2016.0,89.95,DesertWorld
Kepler-254 d,Kepler-254,18.74653971,0.137,0.0,,0.23195686,,666.0,46.53,5941.0,0.975,0.885,,-0.22,,Transit,2014.0,89.38,MiniNeptune
Kepler-1954 b,Kepler-1954,5.88350251,0.0625,0.0,,0.11330201,,949.0,192.09,5840.0,0.942,0.849,,-0.24,,Transit,2021.0,88.75,DesertWorld
Kepler-251 b,Kepler-251,4.79091735,0.0546,0.0,,0.16058552,,1151.0,414.79,5883.0,0.941,1.074,,-0.16,,Transit,2014.0,89.95,DesertWorld
Kepler-911 b,Kepler-911,20.310501,0.1586,0.0,,0.22571187,,942.0,185.76,6081.0,1.294,1.954,,-0.03,,Transit,2016.0,89.95,MiniNeptune
Kepler-16 b,Kepler-16,228.776,0.7048,0.0069,0.333,0.7538,0.964,,,4450.0,0.6897,0.6489,,-0.3,,Transit,2011.0,90.0322,GasGiant
Kepler-1781 b,Kepler-1781,4.88753526,0.0572,0.0,,0.22303545,,995.0,231.29,5553.0,1.043,0.943,,0.4,,Transit,2021.0,89.95,DesertWorld
Kepler-1598 b,Kepler-1598,4.34195123,0.0527,0.0,,0.08564561,,1237.0,552.7,6164.0,1.032,1.09,,-0.12,,Transit,2016.0,89.95,DesertWorld
KOI-351 g,KOI-351,210.6031105,0.6856,0.0,,0.61200926,,341.0,3.2,6238.0,0.967,1.054,,-0.4,,Transit,2013.0,89.95,GasGiant
Kepler-947 b,Kepler-947,26.9644317,0.1773,0.0,,0.21411403,,573.0,25.56,5754.0,1.021,0.905,,0.07,,Transit,2016.0,89.38,SuperEarth
Kepler-1599 b,Kepler-1599,122.363553,0.4826,0.0,,0.16326195,,408.0,6.53,6003.0,1.0,1.144,,-0.12,,Transit,2016.0,89.95,SuperEarth
Kepler-11 b,Kepler-11,10.30400497,0.0903,0.0,,0.16504623,,849.0,122.98,5657.0,0.921,1.046,,0.0,,Transit,2010.0,89.95,DesertWorld
Kepler-220 b,Kepler-220,4.159817122,0.0456,0.0,,0.07404777,,805.0,99.31,4709.0,0.731,0.685,,-0.08,,Transit,2014.0,89.95,DesertWorld
Kepler-220 e,Kepler-220,45.9027566,0.2261,0.0,,0.11776272,,362.0,4.04,4709.0,0.731,0.685,,-0.08,,Transit,2014.0,89.95,EarthLike
Kepler-1702 b,Kepler-1702,18.5010197,0.1281,0.0,,0.13917412,,557.0,22.81,5243.0,0.829,0.744,,-0.2,,Transit,2020.0,89.95,EarthLike
Kepler-687 b,Kepler-687,20.50586978,0.1326,0.0,,0.32295532,,518.0,17.06,4905.0,0.739,0.761,,-0.04,,Transit,2016.0,89.38,MiniNeptune
Kepler-1672 b,Kepler-1672,150.8783198,0.5726,0.0,,0.38986596,,423.0,7.56,5504.0,1.099,1.737,,0.3,,Transit,2020.0,89.99,MiniNeptune
Kepler-1600 c,Kepler-1600,7.2981458,0.0719,0.0,,0.15612481,,794.0,93.86,5303.0,0.929,0.828,,0.18,,Transit,2021.0,87.66,EarthLike
Kepler-603 c,Kepler-603,127.9075774,0.4942,0.0,,0.51744223,,356.0,3.8,5960.0,0.983,0.906,,-0.2,,Transit,2016.0,89.38,MiniNeptune
Kepler-296 b,Kepler-296,10.86443187,0.0696,0.0,,3.15639762,,358.0,3.87,3517.0,0.38,0.37,,-0.07,,Transit,2014.0,79.64,GasGiant
Kepler-1731 b,Kepler-1731,21.76129394,0.1369,0.0,,0.22125116,,498.0,14.49,4919.0,0.723,0.72,,-0.18,,Transit,2021.0,89.95,SuperEarth
Kepler-964 b,Kepler-964,13.5225106,0.114,0.0,,0.37023884,,943.0,186.72,5659.0,1.08,1.626,,0.2,,Transit,2016.0,89.95,MiniNeptune
Kepler-1953 b,Kepler-1953,6.24563503,0.0606,0.0,,0.09902774,,739.0,70.42,4859.0,0.761,0.72,,-0.04,,Transit,2021.0,89.38,EarthLike
Kepler-1597 b,Kepler-1597,2.94648935,0.0427,0.0,,0.07940062,,1497.0,1187.5,6481.0,1.194,1.171,,-0.08,,Transit,2016.0,89.92,DesertWorld
Kepler-312 c,Kepler-312,19.74732846,0.1521,0.0,,0.21679045,,735.0,68.96,6173.0,1.202,1.108,,0.21,,Transit,2014.0,89.95,SuperEarth
Kepler-603 d,Kepler-603,6.2171292,0.0658,0.0,,0.1088413,,976.0,214.09,5960.0,0.983,0.906,,-0.2,,Transit,2016.0,89.95,DesertWorld
Kepler-910 b,Kepler-910,2.364369015,0.0376,0.0,,0.07226348,,1723.0,2084.81,6173.0,1.27,1.506,,0.17,,Transit,2016.0,88.81,DesertWorld
Kepler-914 b,Kepler-914,4.40966548,0.0546,0.0,,0.11776272,,1186.0,468.0,5862.0,1.116,1.149,,0.32,,Transit,2016.0,89.95,DesertWorld
Kepler-1605 b,Kepler-1605,85.7565495,0.4506,0.0,,0.46212944,,716.0,62.11,5447.0,1.658,4.001,,-0.22,,Transit,2016.0,89.95,MiniNeptune
Kepler-2000 b,Kepler-2000,6.383163462,0.0565,0.0,,0.23106472,,523.0,17.74,3769.0,0.59,0.56,,0.4,,Transit,2023.0,89.95,MiniNeptune
TIC 4672985 b,TIC 4672985,69.048,0.33,0.018,12.74,1.026,,517.2,,5757.0,1.01,1.15,0.11394,0.14,,Transit,2024.0,,GasGiant
Kepler-913 b,Kepler-913,10.29672521,0.0878,0.0,,0.23374115,,707.0,58.9,5412.0,0.856,0.769,,-0.2,,Transit,2016.0,89.38,MiniNeptune
Kepler-1956 b,Kepler-1956,5.94375659,0.0563,0.0,,0.1025963,,674.0,48.82,4391.0,0.671,0.682,,0.04,,Transit,2021.0,89.95,EarthLike
Kepler-83 c,Kepler-83,20.09017037,0.1154,0.0,,0.2007319,,362.0,4.05,3906.0,0.508,0.509,,-0.32,,Transit,2012.0,87.49,SuperEarth
Kepler-392 c,Kepler-392,10.42312041,0.0967,0.0,,0.11687057,,1088.0,330.95,6474.0,1.104,1.403,,-0.3,,Transit,2014.0,89.38,DesertWorld
Kepler-909 b,Kepler-909,13.93290318,0.1188,0.0,,0.1088413,,789.0,91.78,6028.0,1.149,1.047,,0.21,,Transit,2016.0,89.38,EarthLike
Kepler-974 b,Kepler-974,4.194496514,0.0395,0.0,,0.12846842,,534.0,19.17,3584.0,0.464,0.45,,0.0,,Transit,2016.0,85.37,EarthLike
Kepler-1957 b,Kepler-1957,2.18659922,0.0299,0.0,,0.07315563,,1099.0,345.07,4904.0,0.745,0.772,,0.0,,Transit,2021.0,88.24,DesertWorld
Kepler-247 b,Kepler-247,3.336125104,0.042,0.0,,0.14720339,,975.0,213.75,5094.0,0.884,0.791,,0.21,,Transit,2014.0,89.95,DesertWorld
Kepler-1952 b,Kepler-1952,27.2111385,0.1724,0.0,,0.11508629,,725.0,65.27,5973.0,0.922,1.305,,-0.34,,Transit,2021.0,89.95,EarthLike
TIC 434398831 c,TIC 434398831,6.210291,0.06572,0.013,,0.50227582,,1050.0,,5638.0,0.992,0.909,,-0.081,G4 V,Transit,2025.0,87.79,MiniNeptune
Kepler-544 b,Kepler-544,21.41624083,0.1553,0.0,,0.18645763,,748.0,74.2,6156.0,1.085,1.18,,0.0,,Transit,2016.0,89.8,SuperEarth
LHS 1678 d,LHS 1678,4.9652229,0.04,0.036,,0.08751911,,,9.1,3490.0,0.345,0.329,-1.83863,,M2.0 V,Transit,2024.0,88.31,EarthLike
Kepler-597 b,Kepler-597,13.02363236,0.1056,0.0,,0.20519261,,743.0,71.85,5627.0,0.925,0.945,,0.0,,Transit,2016.0,89.93,SuperEarth
Kepler-1593 b,Kepler-1593,174.510276,0.4836,0.0,,0.15523267,,186.0,0.28,4367.0,0.496,0.452,,-1.46,,Transit,2016.0,89.99,EarthLike
Kepler-977 b,Kepler-977,26.85323647,0.162,0.0,,0.23641757,,544.0,20.77,5329.0,0.786,0.869,,-0.14,,Transit,2016.0,89.99,MiniNeptune
Kepler-1603 b,Kepler-1603,2.27163926,0.0347,0.0,,0.09367489,,1563.0,1410.56,6276.0,1.078,1.106,,-0.1,,Transit,2016.0,85.94,DesertWorld
Kepler-1594 b,Kepler-1594,2.71603809,0.0391,0.0,,0.09278275,,1388.0,877.28,6191.0,1.074,1.01,,-0.14,,Transit,2016.0,89.38,DesertWorld
Kepler-907 b,Kepler-907,15.86624787,0.1225,0.0,,0.11687057,,879.0,141.18,6099.0,0.974,1.308,,-0.3,,Transit,2016.0,86.77,DesertWorld
Kepler-1595 b,Kepler-1595,4.56380468,0.051,0.0,,0.11419415,,980.0,218.18,5408.0,0.848,0.861,,-0.06,,Transit,2016.0,88.81,DesertWorld
Kepler-147 c,Kepler-147,33.4160034,0.2098,0.0,,0.23463329,,650.0,42.11,6010.0,1.1,1.26,,0.08,,Transit,2014.0,85.94,MiniNeptune
Kepler-172 e,Kepler-172,35.1185226,0.203,0.0,,0.21500617,,549.0,21.4,5583.0,0.903,1.007,,0.02,,Transit,2014.0,89.95,SuperEarth
Kepler-1604 b,Kepler-1604,0.683684256,0.0142,0.0,,0.12400771,,1612.0,1594.4,5017.0,0.811,0.753,,0.02,,Transit,2016.0,81.36,DesertWorld
Kepler-249 d,Kepler-249,15.36843606,0.0921,0.0,,0.10794916,,336.0,3.02,3568.0,0.44,0.42,,0.02,,Transit,2014.0,89.95,EarthLike
Kepler-1592 b,Kepler-1592,3.0570982,0.04,0.0,,0.08832204,,1202.0,493.09,6021.0,0.922,0.819,,-0.5,,Transit,2016.0,89.1,DesertWorld
Kepler-1728 b,Kepler-1728,4.78300451,0.0535,0.0,,0.24623113,,886.0,145.48,5170.0,0.891,0.807,,0.18,,Transit,2021.0,87.09,MiniNeptune
Kepler-912 b,Kepler-912,2.534756273,0.0339,0.0,,0.17842836,,1218.0,519.95,5662.0,0.808,0.806,,-0.44,,Transit,2016.0,73.91,DesertWorld
HD 110067 d,HD 110067,20.519617,0.1362,,0.02680692,0.25443884,,602.0,,5266.0,0.798,0.788,,-0.2,K0.0 V,Transit,2023.0,89.248,MiniNeptune
Kepler-390 c,Kepler-390,13.0600422,0.1006,0.0,,0.07226348,,630.0,37.3,5168.0,0.793,0.769,,-0.12,,Transit,2014.0,89.38,EarthLike
Kepler-1759 b,Kepler-1759,3.72020177,0.0429,0.0,,0.0918906,,954.0,195.7,5017.0,0.76,0.797,,-0.02,,Transit,2021.0,89.38,DesertWorld
Kepler-971 b,Kepler-971,9.59068586,0.0827,0.0,,0.35061172,,1087.0,329.34,5476.0,0.819,1.673,,-0.56,,Transit,2016.0,88.99,MiniNeptune
Kepler-416 b,Kepler-416,6.31943553,0.0658,0.0,,0.24177042,,986.0,223.15,5670.0,0.949,1.022,,0.06,,Transit Timing Variations,2014.0,85.42,MiniNeptune
Kepler-105 c,Kepler-105,7.12594591,0.0746,0.0,,0.16772265,,1191.0,476.01,6391.0,1.085,1.332,,-0.22,,Transit,2014.0,89.38,DesertWorld
Kepler-208 d,Kepler-208,11.1317519,0.1015,0.0,,0.11508629,,992.0,229.32,6220.0,1.123,1.328,,0.02,,Transit,2014.0,89.38,DesertWorld
Kepler-198 d,Kepler-198,1.311842968,0.0229,0.0,,0.12757627,,1562.0,1410.6,5569.0,0.935,0.927,,0.07,,Transit,2016.0,88.78,DesertWorld
TOI-2018 b,TOI-2018,7.435583,,0.0,0.02894644,0.20233776,,,,4174.0,0.57,0.62,-1.0,-0.58,K V,Transit,2023.0,88.52,SuperEarth
Kepler-1555 b,Kepler-1555,8.10501635,0.081,0.0,,0.13828198,,966.0,206.27,6208.0,1.072,1.009,,-0.16,,Transit,2016.0,88.81,DesertWorld
Kepler-313 b,Kepler-313,14.9702081,0.1175,0.0,,0.17039908,,785.0,89.93,5900.0,0.964,1.07,,-0.12,,Transit,2014.0,88.24,SuperEarth
Kepler-1675 b,Kepler-1675,63.0381121,0.3235,0.0,,0.24355471,,493.0,13.93,6085.0,1.137,1.09,,0.12,,Transit,2020.0,89.95,MiniNeptune
Kepler-1556 b,Kepler-1556,8.82713457,0.082,0.0,,0.18378121,,900.0,154.93,5812.0,0.944,1.01,,-0.1,,Transit,2016.0,89.95,DesertWorld
HD 94771 b,HD 94771,2164.0,3.48,0.39,0.53,,,,0.271,5631.0,1.2,1.903,0.51587,0.22,G3/G5 V,Radial Velocity,2023.0,,GasGiant
Kepler-542 b,Kepler-542,13.14497566,0.1074,0.0,,0.16058552,,767.0,81.84,5696.0,0.954,1.001,,0.04,,Transit,2016.0,88.81,EarthLike
Kepler-331 b,Kepler-331,8.45746636,0.0661,0.0,,0.16683051,,540.0,20.08,4347.0,0.537,0.524,,-0.84,,Transit,2014.0,89.58,SuperEarth
Kepler-919 b,Kepler-919,11.04603384,0.0981,0.0,,0.17218336,,869.0,134.66,6093.0,1.025,1.025,,-0.12,,Transit,2016.0,89.95,DesertWorld
Kepler-372 b,Kepler-372,6.84976206,0.0747,0.0,,0.12757627,,1132.0,388.62,6517.0,1.181,1.159,,-0.14,,Transit,2014.0,89.38,DesertWorld
Kepler-197 e,Kepler-197,25.2099845,0.1638,0.0,,0.07940062,,693.0,54.37,6004.0,0.922,1.12,,-0.38,,Transit,2014.0,88.24,EarthLike
K2-416 b,K2-416,13.102,0.088,,5.2,0.23730971,,447.0,,3746.0,0.548,0.554,-1.27003,,M V,Transit,2023.0,89.25,GasGiant
HD 74698 c,HD 74698,3449.0,4.5,0.2,0.4,,,,0.088,5783.0,1.039,1.333,0.25285,0.07,G5 V,Radial Velocity,2023.0,,GasGiant
K2-417 b,K2-417,6.535,0.063,,2.2,0.29529893,,558.0,,3861.0,0.569,0.5776,-1.20204,,M V,Transit,2023.0,89.0,GasGiant
TOI-4010 e,TOI-4010,762.0,1.57,0.26,2.17727549,,,174.0,0.15,4960.0,0.88,0.83,,0.37,K V,Radial Velocity,2023.0,,GasGiant
HIP 54597 b,HIP 54597,3250.0,3.81,0.04,2.01,,,,0.0143,4799.0,0.69,0.66,-0.68194,-0.22,K5 V,Radial Velocity,2023.0,,GasGiant
BD-210397 b,BD-210397,1891.0,2.63,0.1,0.7,,,,0.02,4051.0,0.679,0.747,-0.86967,0.12,K7 V,Radial Velocity,2023.0,,GasGiant
BD-210397 c,BD-210397,6360.0,5.9,0.1,2.4,,,,0.0039,4051.0,0.679,0.747,-0.86967,0.12,K7 V,Radial Velocity,2023.0,,GasGiant
HD 74698 b,HD 74698,15.017,0.121,0.1,0.07,,,,123.0,5783.0,1.039,1.333,0.25285,0.07,G5 V,Radial Velocity,2023.0,,MiniNeptune
Kepler-541 b,Kepler-541,5.0800579,0.0641,0.0,,0.352396,,1673.0,1851.94,6049.0,1.359,2.52,,-0.04,,Transit,2016.0,83.85,MiniNeptune
Kepler-1553 b,Kepler-1553,4.24261881,0.0489,0.0,,0.09902774,,939.0,183.5,5328.0,0.875,0.78,,-0.1,,Transit,2016.0,88.24,DesertWorld
Kepler-921 b,Kepler-921,51.3011844,0.2716,0.0,,0.18467335,,492.0,13.86,6032.0,1.014,0.929,,-0.18,,Transit,2016.0,90.0,SuperEarth
HD 22946 d,HD 22946,47.42489,0.2958,,0.08359857,0.23258136,10.8,546.0,18.561,6169.0,1.098,1.117,,-0.08,,Transit,2023.0,,MiniNeptune
Kepler-111 b,Kepler-111,3.341802938,0.0452,0.0,,0.15612481,,1311.0,698.74,5906.0,1.098,1.145,,0.22,,Transit,2014.0,76.2,DesertWorld
Kepler-922 b,Kepler-922,0.938466959,0.0182,0.0,,0.1409584,,1876.0,2919.17,5499.0,0.906,1.087,,0.12,,Transit,2016.0,89.45,LavaWorld
Kepler-943 b,Kepler-943,49.7701438,0.2561,0.0,,0.47818799,,457.0,10.3,5782.0,0.902,0.822,,-0.3,,Transit,2016.0,88.81,MiniNeptune
Kepler-1554 b,Kepler-1554,198.088774,0.6259,0.0,,0.24444685,,266.0,1.19,5462.0,0.833,0.764,,-0.28,,Transit,2016.0,89.95,MiniNeptune
Kepler-920 b,Kepler-920,6.53192704,0.0686,0.0,,0.22928044,,902.0,156.69,5638.0,1.005,0.903,,0.14,,Transit,2016.0,89.38,MiniNeptune
Teegarden's Star d,Teegarden's Star,26.13,0.0791,0.07,0.00258001,,,159.0,0.12,3034.0,0.097,0.12,-3.14146,-0.11,,Radial Velocity,2024.0,,IceWorld
Kepler-1772 b,Kepler-1772,3.215106337,0.044,0.0,,0.23998614,,1779.0,2365.66,5779.0,1.098,2.142,,-0.32,,Transit,2021.0,89.38,MiniNeptune
Kepler-378 c,Kepler-378,28.9059687,0.1826,0.0,,0.16058552,,668.0,47.05,4799.0,0.971,1.818,,0.56,,Transit,2014.0,89.95,EarthLike
Kepler-1760 b,Kepler-1760,38.326218,0.2209,0.0,,0.16326195,,473.0,11.87,5448.0,0.977,0.857,,0.21,,Transit,2021.0,89.38,SuperEarth
Kepler-1761 b,Kepler-1761,4.04355245,0.0413,0.0,,0.15612481,,613.0,33.34,3871.0,0.573,0.532,,0.07,,Transit,2021.0,78.42,EarthLike
Kepler-939 b,Kepler-939,14.878296,0.115,0.0,,0.15612481,,699.0,56.31,5822.0,0.915,0.851,,-0.28,,Transit,2016.0,85.94,EarthLike
Kepler-938 b,Kepler-938,52.6298417,0.2663,0.0,,0.18556549,,436.0,8.57,5614.0,0.908,0.827,,-0.14,,Transit,2016.0,89.95,SuperEarth
Kepler-1181 c,Kepler-1181,8.93484887,0.0928,0.0,,0.16326195,,1124.0,377.25,6688.0,1.336,1.347,,0.07,,Transit,2023.0,86.05,DesertWorld
Kepler-487 d,Kepler-487,2.418406841,0.0337,0.0,,0.2007319,,1226.0,535.84,5422.0,0.874,0.887,,0.02,,Transit,2021.0,89.89,DesertWorld
Kepler-1701 b,Kepler-1701,169.133455,0.5689,0.0,,0.17753621,,278.0,1.41,5380.0,0.864,0.779,,-0.14,,Transit,2020.0,89.95,SuperEarth
Kepler-336 d,Kepler-336,20.67879355,0.1444,0.0,,0.14809554,,651.0,42.43,6029.0,0.938,0.865,,-0.4,,Transit,2014.0,88.81,EarthLike
Kepler-619 c,Kepler-619,1.208465026,0.0225,0.0,,0.13382127,,1768.0,2307.65,6122.0,1.041,0.964,,-0.18,,Transit,2016.0,89.95,DesertWorld
Kepler-1935 b,Kepler-1935,3.9513822,0.0463,0.0,,5.78910801,,1083.0,324.78,5570.0,0.845,0.899,,-0.18,,Transit,2021.0,77.35,HotJupiter
Kepler-1942 b,Kepler-1942,4.626027246,0.0516,0.0,,0.14274268,,1011.0,247.34,5834.0,0.852,0.797,,-0.5,,Transit,2021.0,89.95,DesertWorld
Kepler-215 e,Kepler-215,68.1609897,0.3171,0.0,,0.12936056,,405.0,6.34,5677.0,0.92,0.828,,-0.18,,Transit,2014.0,89.68,EarthLike
Kepler-1941 b,Kepler-1941,31.3351397,0.2092,0.0,,0.17753621,,670.0,47.58,6418.0,1.241,1.171,,0.07,,Transit,2021.0,88.81,SuperEarth
Kepler-950 b,Kepler-950,98.7180406,0.3993,0.0,,0.62182282,,363.0,4.1,5838.0,0.87,0.793,,-0.46,,Transit,2016.0,89.95,GasGiant
Kepler-937 b,Kepler-937,67.668827,0.3212,0.0,,0.29173036,,495.0,14.22,6126.0,0.963,1.079,,-0.3,,Transit,2016.0,89.95,MiniNeptune
Kepler-1943 b,Kepler-1943,4.85026423,0.0571,0.0,,0.07137134,,1098.0,344.04,6032.0,1.055,0.973,,-0.06,,Transit,2021.0,88.24,DesertWorld
Kepler-1060 b,Kepler-1060,46.8779367,0.238,0.0,,0.21322189,,517.0,16.85,5790.0,0.818,0.974,,-0.42,,Transit,2016.0,88.81,SuperEarth
Kepler-1783 b,Kepler-1783,8.27744313,0.077,0.0,,0.21232974,,1088.0,331.35,5129.0,0.887,1.781,,-0.16,,Transit,2021.0,89.38,DesertWorld
Kepler-338 b,Kepler-338,13.72710334,0.1154,0.0,,0.21232974,,1005.0,241.58,5951.0,1.086,1.693,,-0.08,,Transit,2014.0,89.9,DesertWorld
Barnard c,Barnard's star,4.1244,0.0274,0.08,0.00105403,,,400.0,,3195.0,0.162,0.185,-2.44977,-0.56,M3.5-4 V,Radial Velocity,2025.0,,EarthLike
Kepler-1767 b,Kepler-1767,59.6585348,0.2873,0.0,,0.3202789,,393.0,5.66,5243.0,0.887,0.831,,0.14,,Transit,2021.0,88.38,MiniNeptune
Kepler-940 b,Kepler-940,59.6225257,0.3059,0.0,,0.30689677,,486.0,13.23,6108.0,1.072,0.997,,-0.08,,Transit,2016.0,89.38,MiniNeptune
Kepler-1557 b,Kepler-1557,3.74032496,0.0486,0.0,,0.12043914,,1265.0,604.8,6225.0,1.091,1.031,,-0.12,,Transit,2016.0,89.38,DesertWorld
Kepler-1178 b,Kepler-1178,31.80634,0.1596,0.0,,0.06512635,,378.0,4.84,4729.0,0.534,0.525,,-1.42,,Transit,2016.0,89.95,EarthLike
Kepler-918 b,Kepler-918,4.85386933,0.0571,0.0,,0.12846842,,1102.0,348.54,6061.0,1.05,0.97,,-0.1,,Transit,2016.0,88.81,DesertWorld
Kepler-379 b,Kepler-379,20.0983676,0.1495,0.0,,0.1409584,,775.0,85.34,6053.0,1.098,1.26,,0.06,,Transit,2014.0,89.96,EarthLike
Kepler-1671 b,Kepler-1671,4.16787814,0.0491,0.0,,0.09545917,,962.0,202.48,5251.0,0.91,0.847,,0.22,,Transit,2020.0,89.33,DesertWorld
Kepler-941 b,Kepler-941,17.42395198,0.1311,0.0,,0.31135748,,722.0,64.13,6018.0,0.986,0.969,,-0.2,,Transit,2016.0,85.37,MiniNeptune
Kepler-1558 b,Kepler-1558,3.50470358,0.0419,0.0,,0.0704792,,1019.0,254.49,5115.0,0.798,0.854,,0.08,,Transit,2016.0,89.95,DesertWorld
TOI-4504 d,TOI-4504,40.5634,0.2219,0.0445,1.4166,,,,,5315.0,0.89,0.92,-0.20761,0.16,K1 V,Transit Timing Variations,2024.0,85.0,GasGiant
Kepler-917 b,Kepler-917,2.970414375,0.0378,0.0,,0.16504623,,999.0,235.08,5079.0,0.821,0.751,,-0.04,,Transit,2016.0,88.24,DesertWorld
Kepler-1165 b,Kepler-1165,9.478522,0.0905,0.0,,0.12757627,,950.0,192.33,6224.0,1.092,1.083,,-0.06,,Transit,2016.0,89.38,DesertWorld
Kepler-440 b,Kepler-440,101.1107014,0.3548,0.0,,0.14363483,,229.0,0.65,4133.0,0.578,0.561,,-0.3,,Transit,2015.0,89.97,EarthLike
Kepler-1990 c,Kepler-1990,4.06844957,0.0504,0.0,,0.08742989,,1170.0,442.08,5751.0,1.028,1.071,,0.21,,Transit,2023.0,86.61,DesertWorld
Kepler-1550 b,Kepler-1550,225.582809,0.7333,0.0,,0.23641757,,312.0,2.24,6184.0,1.031,0.959,,-0.26,,Transit,2016.0,89.95,MiniNeptune
Kepler-959 b,Kepler-959,14.80075082,0.1633,0.0,,1.55054241,,1912.0,3158.09,6327.0,2.646,7.663,,0.56,,Transit,2016.0,88.88,HotJupiter
Kepler-1938 b,Kepler-1938,13.06243545,0.0938,0.0,,0.12133128,,527.0,18.25,4522.0,0.646,0.655,,-0.22,,Transit,2021.0,89.76,EarthLike
Kepler-1773 b,Kepler-1773,40.80957343,0.2489,0.0,,0.30689677,,623.0,35.68,6183.0,1.241,1.3,,0.26,,Transit,2021.0,88.57,MiniNeptune
Kepler-1547 b,Kepler-1547,0.692979676,0.0152,0.0,,0.07315563,,2210.0,5635.0,6103.0,0.981,1.024,,-0.26,,Transit,2016.0,87.09,LavaWorld
Kepler-1024 b,Kepler-1024,66.4162133,0.3022,0.0,,0.33633745,,376.0,4.7,5387.0,0.84,0.755,,-0.24,,Transit,2016.0,89.95,MiniNeptune
Kepler-1154 c,Kepler-1154,8.45808312,0.0837,0.0,,0.14898768,,950.0,192.5,6163.0,1.09,1.022,,-0.08,,Transit,2016.0,89.38,DesertWorld
Kepler-1936 b,Kepler-1936,126.557522,0.5548,0.0,,0.4014638,,524.0,17.85,6501.0,1.419,1.854,,0.1,,Transit,2021.0,88.81,MiniNeptune
Kepler-951 b,Kepler-951,71.52543938,0.3091,0.0,,0.51387367,,340.0,3.15,4855.0,0.769,0.778,,0.12,,Transit,2016.0,89.96,MiniNeptune
Kepler-995 b,Kepler-995,28.26731672,0.1645,0.0,,0.24087828,,507.0,15.63,5239.0,0.744,0.792,,-0.26,,Transit,2016.0,89.95,MiniNeptune
Kepler-1978 b,Kepler-1978,10.84969477,0.0914,0.0,,0.23820186,,676.0,49.3,5251.0,0.869,0.778,,-0.04,,Transit,2023.0,88.49,MiniNeptune
Kepler-1551 b,Kepler-1551,24.4973698,0.1766,0.0,,0.2283883,,714.0,61.53,6362.0,1.221,1.144,,0.07,,Transit,2016.0,89.38,MiniNeptune
Kepler-1546 b,Kepler-1546,19.5974971,0.1366,0.0,,0.30332821,,671.0,47.9,5569.0,0.883,1.019,,-0.02,,Transit,2016.0,89.38,MiniNeptune
Kepler-1051 b,Kepler-1051,25.96190067,0.1891,0.0,,0.28994608,,850.0,123.11,6369.0,1.337,1.729,,0.06,,Transit,2016.0,89.96,MiniNeptune
Kepler-200 c,Kepler-200,10.22214214,0.0934,0.0,,0.17753621,,987.0,224.58,6053.0,1.038,1.277,,-0.1,,Transit,2014.0,89.95,DesertWorld
Kepler-970 b,Kepler-970,16.73652231,0.1139,0.0,,0.26228968,,510.0,15.95,4608.0,0.702,0.716,,0.02,,Transit,2016.0,88.81,MiniNeptune
Kepler-317 b,Kepler-317,5.52417517,0.0608,0.0,,0.18824192,,951.0,193.67,5497.0,0.978,0.936,,0.26,,Transit,2014.0,88.81,DesertWorld
Kepler-1775 b,Kepler-1775,85.6542476,0.3986,0.0,,0.31760247,,522.0,17.51,5818.0,1.149,1.647,,0.24,,Transit,2021.0,89.99,MiniNeptune
Kepler-49 c,Kepler-49,10.91274807,0.0784,0.0,,0.23463329,,429.0,8.03,3816.0,0.54,0.51,,-0.05,,Transit,2012.0,85.94,MiniNeptune
Kepler-975 b,Kepler-975,1.970340203,0.0303,0.0,,0.35418029,,1599.0,1540.07,4883.0,0.951,1.667,,0.56,,Transit,2016.0,79.56,MiniNeptune
Kepler-1548 b,Kepler-1548,124.828679,0.4786,0.0,,0.20608475,,342.0,3.25,5835.0,0.935,0.847,,-0.24,,Transit,2016.0,89.95,SuperEarth
HD 110067 g,HD 110067,54.76992,0.2621,,0.02642936,0.23258136,,440.0,,5266.0,0.798,0.788,,-0.2,K0.0 V,Transit,2023.0,89.729,MiniNeptune
HD 110067 f,HD 110067,41.05854,0.2163,,0.01585761,0.23204608,,489.0,,5266.0,0.798,0.788,,-0.2,K0.0 V,Transit,2023.0,89.673,MiniNeptune
TOI-1736 c,TOI-1736,570.1,1.381,0.362,8.7,,,249.0,,5807.0,1.08,1.15,0.25,0.138,,Radial Velocity,2023.0,69.0,GasGiant
HD 110067 e,HD 110067,30.793091,0.1785,,0.01227077,0.17307551,,533.0,,5266.0,0.798,0.788,,-0.2,K0.0 V,Transit,2023.0,89.867,SuperEarth
GJ 806 c,GJ 806,6.64064,0.0523,,0.01824884,,,490.0,9.5,3600.0,0.413,0.4144,-1.58528,-0.28,M1.5 V,Radial Velocity,2023.0,,EarthLike
HD 110067 b,HD 110067,9.113678,0.0793,,0.01790274,0.19627119,,800.0,,5266.0,0.798,0.788,,-0.2,K0.0 V,Transit,2023.0,89.061,SuperEarth
Kepler-482 b,Kepler-482,56.35418576,0.2498,0.0,,0.19627119,,333.0,2.91,4616.0,0.654,0.668,,-0.24,,Transit,2016.0,89.95,SuperEarth
HD 112570 b,HD 112570,2615.0,3.9,0.2,3.42,,,,,4750.0,1.15,9.85,1.6466,-0.4,K0 III,Radial Velocity,2023.0,54.0,GasGiant
Kepler-967 b,Kepler-967,13.22714056,0.1027,0.0,,0.19805548,,638.0,39.1,5180.0,0.825,0.8,,0.0,,Transit,2016.0,89.98,SuperEarth
Kepler-1549 b,Kepler-1549,214.886545,0.6961,0.0,,0.24177042,,266.0,1.18,5375.0,0.972,0.876,,0.3,,Transit,2016.0,89.95,MiniNeptune
K2-360 c,EPIC 201595106,9.79692,0.0883,0.11,0.04791894,,,912.0,115.0,5679.0,0.958,0.98,-0.04915,0.01,,Radial Velocity,2024.0,,MiniNeptune
HD 154391 b,HD 154391,5163.0,7.46,0.2,9.1,,,,,4909.0,2.07,8.56,1.58115,0.1,K1 III,Radial Velocity,2023.0,47.0,GasGiant
Kepler-1814 c,Kepler-1814,0.626281378,0.0133,0.0,,0.15255624,,1708.0,2011.27,4922.0,0.79,0.823,,0.2,,Transit,2023.0,89.38,DesertWorld
Kepler-625 c,Kepler-625,4.1653651,0.0533,0.0,,0.10527273,,1202.0,493.74,6077.0,1.165,1.072,,0.21,,Transit,2016.0,89.38,DesertWorld
Kepler-942 b,Kepler-942,44.96417488,0.2245,0.0,,0.18021264,,367.0,4.28,4684.0,0.743,0.708,,0.04,,Transit,2016.0,89.38,SuperEarth
Kepler-685 b,Kepler-685,1.625522174,0.0265,0.0,,0.86805395,,1579.0,1467.41,5539.0,0.935,1.106,,0.16,,Transit,2016.0,89.22,HotJupiter
Kepler-120 c,Kepler-120,12.79455062,0.0898,0.0,,0.14631125,,455.0,10.15,4096.0,0.59,0.57,,-0.17,,Transit,2014.0,89.95,EarthLike
Kepler-1162 c,Kepler-1162,59.2841571,0.2892,0.0,,0.15969338,,418.0,7.19,5575.0,0.917,0.834,,-0.08,,Transit,2023.0,89.95,EarthLike
Kepler-48 c,Kepler-48,9.673953474,0.0876,0.0,,0.232849,,729.0,66.6,5296.0,0.955,0.852,,0.3,,Transit,2012.0,89.95,MiniNeptune
Kepler-1937 b,Kepler-1937,9.6886646,0.0941,0.0,,0.28370109,,1025.0,261.22,6450.0,1.181,1.222,,-0.06,,Transit,2021.0,89.95,MiniNeptune
Kepler-1552 b,Kepler-1552,184.771853,0.568,0.0,,0.19359477,,251.0,0.94,5220.0,0.714,0.677,,-0.54,,Transit,2016.0,89.95,SuperEarth
Kepler-1053 b,Kepler-1053,2.41434868,0.0315,0.0,,0.08653775,,953.0,195.08,4507.0,0.715,0.724,,0.18,,Transit,2016.0,89.12,DesertWorld
Kepler-945 b,Kepler-945,31.0033814,0.2014,0.0,,0.24890756,,609.0,32.58,6108.0,1.132,1.03,,0.07,,Transit,2016.0,89.95,MiniNeptune
Kepler-154 f,Kepler-154,9.91935684,0.0878,0.0,,0.11240986,,806.0,99.85,5937.0,0.916,0.832,,-0.4,,Transit,2016.0,85.94,DesertWorld
Kepler-944 b,Kepler-944,43.3167427,0.2288,0.0,,0.21589831,,459.0,10.47,5654.0,0.865,0.774,,-0.38,,Transit,2016.0,89.97,SuperEarth
Kepler-1774 b,Kepler-1774,59.7711433,0.3096,0.0,,0.28280894,,522.0,17.53,6214.0,1.101,1.122,,-0.02,,Transit,2021.0,88.9,MiniNeptune
Kepler-1034 b,Kepler-1034,12.12401737,0.0965,0.0,,0.2114376,,675.0,48.98,5094.0,0.813,0.87,,0.16,,Transit,2016.0,89.94,SuperEarth
Kepler-1939 b,Kepler-1939,2.790649339,0.0335,0.0,,0.08207704,,827.0,110.57,4358.0,0.643,0.62,,-0.18,,Transit,2021.0,89.95,DesertWorld
Kepler-333 b,Kepler-333,12.55109333,0.0889,0.0,,0.1302527,,470.0,11.52,4159.0,0.589,0.583,,-0.24,,Transit,2014.0,88.24,EarthLike
Kepler-234 b,Kepler-234,2.711504086,0.0401,0.0,,0.27834824,,1420.0,960.79,6214.0,1.169,1.076,,0.07,,Transit,2014.0,89.81,MiniNeptune
Kepler-1940 b,Kepler-1940,4.95060632,0.0525,0.0,,0.11419415,,885.0,145.23,5431.0,0.802,0.717,,-0.44,,Transit,2021.0,88.69,DesertWorld
Kepler-1651 b,Kepler-1651,9.8851553,0.0619,0.0,,0.15701695,,353.0,3.68,3545.0,0.323,0.316,,-0.36,,Transit,2017.0,85.94,EarthLike
TOI-199 c,TOI-199,273.69,0.807,0.096,0.28,,,,,5255.0,0.936,0.82,-0.33819,0.22,G9 V,Transit Timing Variations,2023.0,90.0,GasGiant
GJ 341 b,GJ 341,7.57686,,0.0,0.01258541,0.07850848,,,13.8,3770.0,0.48,0.5066,,-0.16,M1,Transit,2025.0,89.24,EarthLike
Kepler-1777 b,Kepler-1777,12.18416331,0.1099,0.0,,0.38094454,,1139.0,397.48,6292.0,1.19,1.85,,-0.16,,Transit,2021.0,89.38,MiniNeptune
Kepler-1934 b,Kepler-1934,1.41975831,0.0245,0.0,,0.07583205,,1700.0,1968.38,5925.0,0.968,1.035,,-0.14,,Transit,2021.0,83.77,DesertWorld
Kepler-936 b,Kepler-936,10.56134221,0.0954,0.0,,0.17129122,,867.0,133.56,5610.0,1.034,1.171,,0.38,,Transit,2016.0,89.95,DesertWorld
Kepler-386 b,Kepler-386,12.3101351,0.0968,0.0,,0.13471341,,651.0,42.42,5009.0,0.797,0.84,,0.16,,Transit,2014.0,87.21,EarthLike
Kepler-1059 b,Kepler-1059,3.764191048,0.044,0.0,,0.15523267,,909.0,161.24,5065.0,0.814,0.728,,-0.14,,Transit,2016.0,89.38,DesertWorld
Kepler-1573 b,Kepler-1573,2.6157554,0.0364,0.0,,0.1025963,,1378.0,851.6,6088.0,0.934,0.958,,-0.4,,Transit,2016.0,89.38,DesertWorld
Kepler-1543 b,Kepler-1543,6.96710269,0.0804,0.0,,0.19805548,,1214.0,513.32,6602.0,1.425,1.397,,0.36,,Transit,2016.0,87.66,DesertWorld
Kepler-1764 b,Kepler-1764,70.468171,0.3512,0.0,,0.30868106,,511.0,16.17,6461.0,1.162,1.131,,-0.14,,Transit,2021.0,89.98,MiniNeptune
Kepler-1572 b,Kepler-1572,5.49548621,0.0614,0.0,,0.11865486,,1293.0,661.04,6157.0,1.02,1.392,,-0.26,,Transit,2016.0,89.38,DesertWorld
Kepler-1571 b,Kepler-1571,3.38555488,0.0432,0.0,,0.14363483,,1476.0,1122.9,5718.0,0.936,1.48,,-0.18,,Transit,2016.0,88.24,DesertWorld
Kepler-1574 b,Kepler-1574,6.94245216,0.0743,0.0,,0.119547,,1003.0,239.39,6108.0,1.132,1.03,,0.07,,Transit,2016.0,87.95,DesertWorld
Kepler-948 b,Kepler-948,7.76846622,0.0743,0.0,,0.15969338,,900.0,155.07,5798.0,0.906,0.92,,-0.22,,Transit,2016.0,78.5,DesertWorld
Kepler-1575 b,Kepler-1575,2.55314213,0.0366,0.0,,0.11865486,,1312.0,699.7,5970.0,0.996,0.908,,-0.18,,Transit,2016.0,87.66,DesertWorld
Kepler-1719 b,Kepler-1719,6.14955299,0.0674,0.0,,0.3095732,,1287.0,649.26,5687.0,1.08,1.775,,0.04,,Transit,2021.0,84.8,MiniNeptune
Kepler-1576 b,Kepler-1576,6.98472143,0.0726,0.0,,0.10616487,,1059.0,297.15,5839.0,1.044,1.227,,0.12,,Transit,2016.0,88.54,DesertWorld
Kepler-1245 c,Kepler-1245,2.936584681,0.0372,0.0,,0.14631125,,1189.0,473.18,5455.0,0.795,0.909,,-0.2,,Transit,2016.0,89.38,DesertWorld
HD 110067 c,HD 110067,13.673694,0.1039,,0.01982202,0.21304346,,699.0,,5266.0,0.798,0.788,,-0.2,K0.0 V,Transit,2023.0,89.687,SuperEarth
Kepler-157 c,Kepler-157,13.54057461,0.1081,0.0,,0.19359477,,779.0,87.1,5767.0,0.918,1.014,,-0.12,,Transit,2014.0,89.56,SuperEarth
Kepler-192 d,Kepler-192,6.47027706,0.0668,0.0,,0.1025963,,926.0,173.79,5475.0,0.947,0.982,,0.24,,Transit,2016.0,85.94,DesertWorld
Kepler-965 b,Kepler-965,134.2527298,0.4971,0.0,,0.21589831,,340.0,3.15,5973.0,0.907,0.826,,-0.46,,Transit,2016.0,89.95,SuperEarth
Kepler-385 d,Kepler-385,56.4148314,0.3024,0.0,,0.25872112,,535.0,19.37,6325.0,1.157,1.112,,-0.04,,Transit,2020.0,87.94,MiniNeptune
Kepler-929 b,Kepler-929,0.921032135,0.0169,0.0,,0.07672419,,1762.0,2278.48,5738.0,0.76,0.819,,-0.64,,Transit,2016.0,89.38,DesertWorld
Kepler-1568 b,Kepler-1568,20.9254083,0.1499,0.0,,0.11240986,,729.0,66.95,5821.0,1.025,1.21,,0.1,,Transit,2016.0,89.51,EarthLike
Wolf 1069 b,Wolf 1069,15.564,0.0672,,0.0039644,,,250.1,0.652,3158.0,0.167,0.1813,-2.53106,0.07,M5.0 V,Radial Velocity,2023.0,,EarthLike
Kepler-146 b,Kepler-146,31.15879749,0.1931,0.0,,0.2881618,,640.0,39.77,6197.0,0.986,1.06,,-0.3,,Transit,2014.0,89.38,MiniNeptune
Kepler-1026 b,Kepler-1026,36.5156053,0.1959,0.0,,0.20519261,,431.0,8.13,4915.0,0.749,0.773,,0.0,,Transit,2016.0,89.38,SuperEarth
Kepler-1057 b,Kepler-1057,14.08827448,0.1138,0.0,,0.24533899,,724.0,64.97,5853.0,0.99,0.895,,-0.1,,Transit,2016.0,89.38,MiniNeptune
TIC 279401253 b,TIC 279401253,76.8,0.369,0.448,6.14,1.0,,,,5951.0,1.13,1.06,0.09691,0.2,,Transit,2023.0,89.59,GasGiant
Kepler-1570 b,Kepler-1570,26.548955,0.1784,0.0,,0.22928044,,836.0,115.61,5456.0,1.074,2.154,,-0.24,,Transit,2016.0,89.95,MiniNeptune
Kepler-314 c,Kepler-314,5.960400011,0.0639,0.0,,0.25426041,,890.0,148.26,5418.0,0.978,0.886,,0.28,,Transit,2014.0,85.57,MiniNeptune
Kepler-1567 b,Kepler-1567,153.979578,0.552,0.0,,0.23820186,,330.0,2.82,5858.0,0.944,0.903,,-0.2,,Transit,2016.0,89.95,MiniNeptune
Kepler-543 b,Kepler-543,13.89961966,0.098,0.0,,0.21679045,,521.0,17.37,4538.0,0.65,0.663,,-0.2,,Transit,2016.0,88.24,SuperEarth
Kepler-186 f,Kepler-186,129.94577,0.3931,0.0,,0.09456703,,179.0,0.25,3761.0,0.48,0.46,,-0.21,,Transit,2014.0,89.95,EarthLike
Kepler-1569 b,Kepler-1569,5.79180156,0.064,0.0,,0.11151772,,1124.0,377.8,6185.0,1.038,1.087,,-0.12,,Transit,2016.0,89.38,DesertWorld
Kepler-928 b,Kepler-928,3.93246069,0.0444,0.0,,0.14720339,,894.0,151.31,4841.0,0.756,0.779,,0.1,,Transit,2016.0,88.15,DesertWorld
Kepler-927 b,Kepler-927,9.11500269,0.0866,0.0,,0.15880124,,906.0,159.34,5962.0,1.039,1.028,,0.0,,Transit,2016.0,86.67,DesertWorld
Kepler-1579 b,Kepler-1579,0.849907889,0.014,0.0,,0.05263637,,1136.0,394.33,4294.0,0.504,0.504,,-1.0,,Transit,2016.0,87.66,DesertWorld
Kepler-925 b,Kepler-925,33.8678531,0.1805,0.0,,0.20162404,,394.0,5.69,4564.0,0.683,0.691,,-0.06,,Transit,2016.0,89.38,SuperEarth
Kepler-1542 b,Kepler-1542,3.95116882,0.0466,0.0,,0.08475347,,1277.0,629.58,5731.0,0.866,1.19,,-0.24,,Transit,2016.0,87.66,DesertWorld
Kepler-1254 d,Kepler-1254,5.72716067,0.0575,0.0,,0.12489985,,794.0,93.96,4838.0,0.771,0.796,,0.18,,Transit,2016.0,88.57,EarthLike
Kepler-1949 b,Kepler-1949,2.20829412,0.0334,0.0,,0.08475347,,1472.0,1108.75,6131.0,1.009,0.989,,-0.2,,Transit,2021.0,86.52,DesertWorld
Kepler-555 b,Kepler-555,16.21774917,0.1201,0.0,,0.19805548,,664.0,45.87,5837.0,0.887,0.798,,-0.44,,Transit,2016.0,89.21,SuperEarth
Kepler-1032 b,Kepler-1032,3.290117953,0.0361,0.0,,0.13649769,,802.0,97.96,4484.0,0.58,0.594,,-0.56,,Transit,2016.0,89.38,DesertWorld
Kepler-924 b,Kepler-924,61.0370117,0.3101,0.0,,0.22303545,,509.0,15.81,6372.0,1.066,1.015,,-0.32,,Transit,2016.0,88.24,SuperEarth
Kepler-1993 b,Kepler-1993,26.6565574,0.1943,0.0,,0.36131742,,903.0,157.45,5159.0,1.373,3.062,,-0.04,,Transit,2023.0,89.95,MiniNeptune
Kepler-1763 b,Kepler-1763,1.480280588,0.0257,0.0,,0.08742989,,1821.0,2597.27,5897.0,1.026,1.259,,0.02,,Transit,2021.0,88.24,LavaWorld
Kepler-1948 b,Kepler-1948,15.5714121,0.1022,0.0,,0.06423421,,399.0,5.98,3872.0,0.585,0.557,,0.12,,Transit,2021.0,89.64,EarthLike
Kepler-1542 c,Kepler-1542,2.89223021,0.0379,0.0,,0.07404777,,1417.0,951.8,5731.0,0.866,1.19,,-0.24,,Transit,2016.0,89.38,DesertWorld
GJ 1002 c,GJ 1002,21.202,0.0738,,0.00427904,,,181.7,0.257,3024.0,0.12,0.137,-2.85201,-0.25,M5.5 V,Radial Velocity,2022.0,,EarthLike
Kepler-468 b,Kepler-468,38.478757067,0.2213,0.0,,1.19903855,,484.0,13.01,5510.0,0.973,0.879,,0.16,,Transit,2016.0,89.95,GasGiant
Kepler-1577 b,Kepler-1577,6.30560247,0.0657,0.0,,0.23641757,,1125.0,378.9,4934.0,0.952,1.756,,0.28,,Transit,2016.0,88.24,MiniNeptune
Kepler-1254 c,Kepler-1254,3.60084276,0.0425,0.0,,0.11776272,,954.0,196.13,5130.0,0.79,0.756,,-0.12,,Transit,2016.0,88.24,DesertWorld
Proxima Cen d,Proxima Cen,5.12338,0.02881,0.0,0.00081805,,,282.0,1.814,2900.0,0.1221,0.141,-2.82102,,M5.5 V,Radial Velocity,2025.0,,EarthLike
GJ 1002 b,GJ 1002,10.3465,0.0457,,0.00339806,,,230.9,0.67,3024.0,0.12,0.137,-2.85201,-0.25,M5.5 V,Radial Velocity,2022.0,,EarthLike
Kepler-1578 b,Kepler-1578,1.450886907,0.0252,0.0,,0.11062558,,1699.0,1970.75,6046.0,1.011,1.023,,-0.14,,Transit,2016.0,88.81,DesertWorld
Kepler-30 d,Kepler-30,143.2063518,0.5336,0.0,,0.83504471,,308.0,2.14,5485.0,0.986,0.867,,0.21,,Transit,2012.0,89.95,GasGiant
Kepler-926 b,Kepler-926,52.0688601,0.2616,0.0,,0.1623698,,440.0,8.84,5693.0,0.88,0.802,,-0.3,,Transit,2016.0,89.95,SuperEarth
Kepler-319 c,Kepler-319,6.941359624,0.0787,0.0,,0.46569801,,1240.0,558.39,5903.0,1.349,1.784,,0.48,,Transit,2014.0,89.95,MiniNeptune
Kepler-372 d,Kepler-372,30.0904877,0.2002,0.0,,0.21768259,,692.0,54.11,6517.0,1.181,1.159,,-0.14,,Transit,2014.0,84.22,SuperEarth
Kepler-195 c,Kepler-195,34.0962295,0.1971,0.0,,0.15701695,,470.0,11.58,5324.0,0.884,0.791,,-0.04,,Transit,2014.0,89.38,EarthLike
Kepler-104 c,Kepler-104,23.66834635,0.1566,0.0,,0.20697689,,668.0,47.11,5979.0,0.913,1.005,,-0.34,,Transit,2014.0,87.95,SuperEarth
Kepler-26 c,Kepler-26,17.25120011,0.1071,0.0,,0.25158398,,381.0,5.0,3887.0,0.55,0.53,,-0.08,,Transit,2011.0,88.81,MiniNeptune
Kepler-507 b,Kepler-507,3.568096926,0.0475,0.0,,0.1088413,,1345.0,774.71,6036.0,1.127,1.213,,0.12,,Transit,2016.0,88.81,DesertWorld
Kepler-466 b,Kepler-466,51.07926307,0.2643,0.0,,0.25782897,,516.0,16.73,5803.0,0.943,1.073,,-0.08,,Transit,2016.0,89.95,MiniNeptune
Kepler-315 b,Kepler-315,96.109323,0.3928,0.0,,0.35774885,,409.0,6.59,5792.0,0.875,1.005,,-0.26,,Transit,2014.0,88.26,MiniNeptune
Kepler-430 c,Kepler-430,110.97378,0.4573,0.0,,0.13203698,,423.0,7.58,5831.0,1.032,1.238,,0.1,,Transit,2015.0,89.95,EarthLike
Kepler-1561 b,Kepler-1561,1.005205893,0.0194,0.0,,0.07583205,,1682.0,1893.23,5718.0,0.96,0.863,,-0.08,,Transit,2016.0,88.34,DesertWorld
Kepler-933 b,Kepler-933,14.20443009,0.1039,0.0,,0.18021264,,610.0,32.63,5362.0,0.74,0.69,,-0.56,,Transit,2016.0,89.95,SuperEarth
Kepler-934 b,Kepler-934,55.6738309,0.2709,0.0,,0.22571187,,420.0,7.34,5123.0,0.853,0.935,,0.32,,Transit,2016.0,89.95,MiniNeptune
Kepler-935 b,Kepler-935,4.88083852,0.0527,0.0,,0.14185054,,879.0,141.0,4929.0,0.817,0.861,,0.36,,Transit,2016.0,89.38,DesertWorld
Kepler-1766 b,Kepler-1766,105.0141157,0.4237,0.0,,0.1686148,,410.0,6.7,5855.0,0.917,1.069,,-0.2,,Transit,2021.0,89.38,SuperEarth
Kepler-350 c,Kepler-350,17.84848082,0.1336,0.0,,0.21857474,,838.0,116.48,6217.0,0.997,1.247,,-0.32,,Transit,2013.0,89.95,DesertWorld
Kepler-198 b,Kepler-198,17.79002419,0.1311,0.0,,0.23374115,,646.0,41.12,5733.0,0.947,0.855,,-0.12,,Transit,2014.0,89.95,MiniNeptune
Kepler-1944 b,Kepler-1944,9.84261195,0.0919,0.0,,0.22125116,,803.0,98.09,5589.0,1.066,0.974,,0.48,,Transit,2021.0,89.95,DesertWorld
Kepler-1982 b,Kepler-1982,3.82316376,0.0523,0.0,,0.09278275,,1554.0,1377.67,6597.0,1.306,1.491,,0.0,,Transit,2023.0,88.81,DesertWorld
Kepler-1545 b,Kepler-1545,163.692336,0.5442,0.0,,0.24533899,,274.0,1.34,4999.0,0.8,0.843,,0.18,,Transit,2016.0,89.99,MiniNeptune
Kepler-1560 b,Kepler-1560,3.03195744,0.0397,0.0,,0.0811849,,1270.0,614.2,5755.0,0.909,0.993,,-0.14,,Transit,2016.0,88.81,DesertWorld
Kepler-1559 b,Kepler-1559,0.971915428,0.0187,0.0,,0.06244992,,1581.0,1476.97,5406.0,0.927,0.822,,0.07,,Transit,2016.0,85.37,DesertWorld
Barnard e,Barnard's star,6.7392,0.0381,0.04,0.00060725,,,340.0,,3195.0,0.162,0.185,-2.44977,-0.56,M3.5-4 V,Radial Velocity,2025.0,,EarthLike
Barnard d,Barnard's star,2.3402,0.0188,0.04,0.00082749,,,483.0,,3195.0,0.162,0.185,-2.44977,-0.56,M3.5-4 V,Radial Velocity,2025.0,,EarthLike
Kepler-316 c,Kepler-316,6.8277839,0.0582,0.0,,0.11776272,,562.0,23.64,4132.0,0.561,0.554,,-0.38,,Transit,2014.0,89.95,EarthLike
Kepler-1029 b,Kepler-1029,4.417696479,0.0468,0.0,,0.10705701,,852.0,124.59,4911.0,0.7,0.724,,-0.22,,Transit,2016.0,89.38,DesertWorld
Kepler-1563 b,Kepler-1563,3.43276598,0.0442,0.0,,0.06423421,,1134.0,390.57,5757.0,0.974,0.881,,-0.06,,Transit,2016.0,85.37,DesertWorld
Kepler-930 b,Kepler-930,71.4523167,0.3475,0.0,,0.19537905,,561.0,23.44,6148.0,1.094,1.488,,-0.1,,Transit,2016.0,89.99,SuperEarth
Kepler-1544 b,Kepler-1544,168.8116,0.5421,,,0.1596931,,269.0,0.82,4820.0,0.743,0.713,-0.606,-0.08,,Transit,2016.0,89.797,EarthLike
Kepler-1562 b,Kepler-1562,64.2737752,0.3337,0.0,,0.42109092,,570.0,25.0,6362.0,1.199,1.378,,-0.02,,Transit,2016.0,89.38,MiniNeptune
Kepler-616 d,Kepler-616,51.0674355,0.2749,0.0,,0.21768259,,499.0,14.69,6004.0,1.061,0.977,,-0.02,,Transit,2021.0,89.66,SuperEarth
Kepler-996 b,Kepler-996,3.770590584,0.0462,0.0,,0.13203698,,1132.0,387.85,6057.0,0.922,0.829,,-0.5,,Transit,2016.0,89.38,DesertWorld
Kepler-1042 b,Kepler-1042,10.13202575,0.0756,0.0,,0.15434053,,574.0,25.66,4777.0,0.561,0.561,,-1.08,,Transit,2016.0,89.95,EarthLike
Kepler-1947 b,Kepler-1947,6.96355103,0.0711,0.0,,0.12846842,,1297.0,669.78,6040.0,0.984,1.686,,-0.44,,Transit,2021.0,89.95,DesertWorld
Kepler-931 b,Kepler-931,8.03755877,0.0719,0.0,,0.12043914,,744.0,72.44,5044.0,0.764,0.804,,-0.02,,Transit,2016.0,89.95,EarthLike
Kepler-194 d,Kepler-194,52.8147284,0.2722,0.0,,0.21500617,,516.0,16.73,6085.0,0.962,1.005,,-0.3,,Transit,2014.0,89.95,SuperEarth
Kepler-1564 b,Kepler-1564,18.0541469,0.1327,0.0,,0.13471341,,635.0,38.57,5505.0,0.955,0.909,,0.16,,Transit,2016.0,89.67,EarthLike
Kepler-1566 b,Kepler-1566,0.539915238,0.0118,0.0,,0.06066564,,1727.0,2104.36,5166.0,0.752,0.678,,-0.42,,Transit,2016.0,88.81,DesertWorld
Kepler-1727 b,Kepler-1727,9.0293089,0.0796,0.0,,0.24266256,,757.0,77.75,5349.0,0.824,0.82,,-0.12,,Transit,2021.0,89.95,MiniNeptune
Kepler-1565 b,Kepler-1565,1.538188437,0.024,0.0,,0.10527273,,1240.0,559.27,5112.0,0.783,0.726,,-0.2,,Transit,2016.0,87.66,DesertWorld
Kepler-1670 b,Kepler-1670,20.4998373,0.151,0.0,,0.22303545,,734.0,68.59,6233.0,1.086,1.076,,-0.08,,Transit,2020.0,88.81,SuperEarth
Kepler-1765 b,Kepler-1765,10.4188915,0.0917,0.0,,0.28280894,,855.0,126.48,5692.0,0.946,1.064,,0.04,,Transit,2021.0,86.74,MiniNeptune
Kepler-371 c,Kepler-371,67.968656,0.3031,0.0,,0.15255624,,443.0,9.09,5670.0,0.802,0.95,,-0.36,,Transit,2014.0,89.71,EarthLike
Kepler-1945 b,Kepler-1945,6.08004821,0.0597,0.0,,0.09367489,,808.0,100.72,4991.0,0.767,0.804,,0.04,,Transit,2021.0,89.38,DesertWorld
Kepler-932 b,Kepler-932,1.921437396,0.0279,0.0,,0.12757627,,1276.0,626.79,5238.0,0.784,0.851,,-0.08,,Transit,2016.0,88.24,DesertWorld
Kepler-1946 b,Kepler-1946,3.035208688,0.0394,0.0,,282.23262085,,1143.0,403.53,5505.0,0.887,0.873,,-0.04,,Transit,2021.0,52.14,HotJupiter
Kepler-485 b,Kepler-485,3.243259796,0.0443,0.0,,1.21598925,,1299.0,672.53,6109.0,1.099,1.029,,0.0,,Transit,2016.0,89.95,HotJupiter
Kepler-576 b,Kepler-576,29.91136794,0.1892,0.0,,0.36220956,,626.0,36.19,5589.0,1.007,1.218,,0.3,,Transit,2016.0,88.24,MiniNeptune
Kepler-1650 b,Kepler-1650,1.538180949,0.0167,0.0,,0.08921418,,602.0,30.85,3364.0,0.26,0.274,,-0.06,,Transit,2017.0,77.38,EarthLike
Kepler-227 c,Kepler-227,54.418464,0.286,0.0,,0.27656395,,492.0,13.86,5850.0,1.051,1.04,,0.14,,Transit,2014.0,89.95,MiniNeptune
Kepler-223 e,Kepler-223,19.7243672,0.1455,0.0,,0.31849462,,751.0,75.23,5814.0,1.055,1.248,,0.16,,Transit,2014.0,85.06,MiniNeptune
Kepler-937 c,Kepler-937,153.343364,0.5542,0.0,,0.21411403,,377.0,4.78,6126.0,0.963,1.079,,-0.3,,Transit,2016.0,89.95,SuperEarth
Kepler-872 b,Kepler-872,2.578855068,0.0362,0.0,,0.14274268,,1232.0,544.85,5751.0,0.945,0.854,,-0.14,,Transit,2016.0,89.38,DesertWorld
Kepler-871 b,Kepler-871,22.0459018,0.1572,0.0,,0.28013252,,640.0,39.69,5900.0,1.065,0.951,,0.07,,Transit,2016.0,88.24,MiniNeptune
Kepler-1497 b,Kepler-1497,8.74199772,0.0832,0.0,,0.15077196,,898.0,153.72,5878.0,1.003,0.998,,-0.02,,Transit,2016.0,89.38,DesertWorld
Kepler-870 b,Kepler-870,21.3588236,0.1539,0.0,,0.22481973,,691.0,53.89,6170.0,1.063,0.992,,-0.16,,Transit,2016.0,89.81,MiniNeptune
Kepler-240 c,Kepler-240,7.95355717,0.0732,0.0,,0.20519261,,712.0,60.67,4988.0,0.823,0.766,,0.1,,Transit,2014.0,89.95,SuperEarth
Kepler-1496 b,Kepler-1496,64.6588017,0.3255,0.0,,0.15969338,,487.0,13.34,6197.0,1.096,1.035,,-0.08,,Transit,2016.0,89.95,EarthLike
Kepler-869 b,Kepler-869,40.4287755,0.2241,0.0,,0.28994608,,496.0,14.28,5812.0,0.917,0.838,,-0.28,,Transit,2016.0,87.09,MiniNeptune
Kepler-868 b,Kepler-868,5.03251791,0.0575,0.0,,0.18199692,,1046.0,283.49,5970.0,0.996,0.908,,-0.18,,Transit,2016.0,87.09,DesertWorld
Kepler-876 b,Kepler-876,5.14438011,0.0563,0.0,,0.12936056,,864.0,131.97,5192.0,0.896,0.802,,0.16,,Transit,2016.0,89.38,DesertWorld
Kepler-875 b,Kepler-875,27.5073799,0.1771,0.0,,0.20340833,,569.0,24.71,5783.0,0.977,0.88,,-0.08,,Transit,2016.0,88.81,SuperEarth
Kepler-1499 b,Kepler-1499,44.2008,0.2196,0.0,,0.10616487,,409.0,6.59,5002.0,0.723,0.753,,-0.18,,Transit,2016.0,89.38,EarthLike
Kepler-874 b,Kepler-874,40.0686727,0.2234,0.0,,0.30422035,,560.0,23.27,6026.0,0.924,0.992,,-0.36,,Transit,2016.0,88.81,MiniNeptune
Kepler-634 b,Kepler-634,5.16950177,0.0592,0.0,,0.14363483,,1222.0,526.76,6458.0,1.028,1.089,,-0.42,,Transit,2016.0,88.24,DesertWorld
Kepler-873 b,Kepler-873,20.5533844,0.1568,0.0,,0.29619107,,753.0,76.18,6343.0,1.213,1.137,,0.07,,Transit,2016.0,88.24,MiniNeptune
Kepler-303 b,Kepler-303,1.937032068,0.0245,0.0,,0.08475347,,794.0,93.83,3944.0,0.52,0.51,,-0.36,,Transit,2014.0,89.38,EarthLike
Kepler-1498 b,Kepler-1498,48.051405,0.2432,0.0,,0.1302527,,452.0,9.86,5359.0,0.828,0.889,,-0.04,,Transit,2016.0,89.95,EarthLike
Kepler-897 b,Kepler-897,8.04727721,0.077,0.0,,0.20786903,,855.0,126.56,5840.0,0.942,0.849,,-0.24,,Transit,2016.0,79.3,DesertWorld
Kepler-315 c,Kepler-315,265.467621,0.7584,0.0,,0.32473961,,269.0,1.24,5724.0,0.824,0.862,,-0.4,,Transit,2014.0,89.38,MiniNeptune
Kepler-864 b,Kepler-864,5.83376092,0.0686,0.0,,0.25069184,,1139.0,397.43,6198.0,1.264,1.19,,0.36,,Transit,2016.0,88.81,MiniNeptune
Kepler-1495 b,Kepler-1495,85.273256,0.3677,0.0,,0.26853468,,443.0,9.1,5922.0,0.911,1.057,,-0.28,,Transit,2016.0,89.95,MiniNeptune
Kepler-863 b,Kepler-863,15.59461874,0.122,0.0,,0.25604469,,718.0,62.88,5900.0,0.995,0.929,,-0.1,,Transit,2016.0,88.81,MiniNeptune
Kepler-1494 b,Kepler-1494,91.080482,0.3982,0.0,,0.29797535,,415.0,7.02,5915.0,1.014,1.008,,-0.02,,Transit,2016.0,88.81,MiniNeptune
Kepler-1754 b,Kepler-1754,8.19593235,0.0718,0.0,,0.19627119,,672.0,48.2,4723.0,0.734,0.747,,0.08,,Transit,2021.0,88.81,SuperEarth
Kepler-1493 b,Kepler-1493,15.0217983,0.1066,0.0,,0.07493991,,677.0,49.75,5619.0,0.713,0.796,,-0.7,,Transit,2016.0,89.95,EarthLike
Kepler-862 b,Kepler-862,3.148664534,0.039,0.0,,0.20251618,,1097.0,342.76,5258.0,0.797,0.873,,-0.04,,Transit,2016.0,86.52,DesertWorld
Kepler-1492 b,Kepler-1492,16.7525077,0.1262,0.0,,0.32563175,,801.0,97.43,4807.0,0.955,1.802,,0.48,,Transit,2016.0,88.39,MiniNeptune
Kepler-867 b,Kepler-867,150.242127,0.5154,0.0,,0.33812173,,291.0,1.7,5514.0,0.807,0.739,,-0.42,,Transit,2016.0,89.38,MiniNeptune
Kepler-1921 c,Kepler-1921,3.15721824,0.0454,0.0,,0.12846842,,1792.0,2436.47,6120.0,1.251,2.0,,0.02,,Transit,2023.0,89.38,DesertWorld
Kepler-1921 b,Kepler-1921,20.0349456,0.1557,0.0,,0.20519261,,968.0,207.16,6120.0,1.251,2.0,,0.02,,Transit,2021.0,89.38,DesertWorld
Kepler-1920 b,Kepler-1920,30.25420641,0.2048,0.0,,0.25069184,,663.0,45.75,6299.0,1.249,1.167,,0.21,,Transit,2021.0,89.95,MiniNeptune
Kepler-866 b,Kepler-866,2.617032536,0.0331,0.0,,0.14809554,,997.0,233.23,4831.0,0.706,0.724,,-0.14,,Transit,2016.0,88.24,DesertWorld
Kepler-865 b,Kepler-865,14.16400071,0.1057,0.0,,0.20965332,,694.0,54.95,5440.0,0.782,0.885,,-0.24,,Transit,2016.0,89.94,SuperEarth
Kepler-1508 b,Kepler-1508,20.7056504,0.138,0.0,,0.08742989,,655.0,43.45,5746.0,0.817,0.921,,-0.4,,Transit,2016.0,89.38,EarthLike
Kepler-852 b,Kepler-852,44.9309804,0.2492,0.0,,0.24801541,,628.0,36.7,6354.0,1.019,1.25,,-0.36,,Transit,2016.0,88.81,MiniNeptune
Kepler-1507 b,Kepler-1507,16.0506213,0.1155,0.0,,0.07761633,,674.0,48.87,5443.0,0.798,0.911,,-0.18,,Transit,2016.0,89.95,EarthLike
Kepler-26 b,Kepler-26,12.282998287,0.0847,0.0,,0.25247612,,431.0,8.14,3879.0,0.537,0.537,,-0.12,,Transit,2011.0,89.93,MiniNeptune
Kepler-1922 b,Kepler-1922,13.2226208,0.1077,0.0,,0.13114484,,740.0,70.87,5933.0,0.95,0.861,,-0.28,,Transit,2021.0,89.95,EarthLike
Kepler-1506 b,Kepler-1506,14.0328775,0.1168,0.0,,0.12936056,,783.0,88.83,6063.0,1.079,1.001,,-0.02,,Transit,2016.0,89.85,EarthLike
Kepler-884 b,Kepler-884,5.69919514,0.0625,0.0,,0.11776272,,1089.0,332.54,6070.0,1.001,1.034,,-0.18,,Transit,2016.0,89.95,DesertWorld
Kepler-883 b,Kepler-883,12.98495573,0.102,0.0,,0.13649769,,834.0,114.39,6212.0,0.838,0.945,,-0.82,,Transit,2016.0,89.38,DesertWorld
Kepler-1505 b,Kepler-1505,30.8609366,0.1908,0.0,,0.10081202,,625.0,36.13,6008.0,0.972,1.062,,-0.2,,Transit,2016.0,89.95,EarthLike
Kepler-59 c,Kepler-59,17.9776157,0.1375,0.0,,0.14452697,,754.0,76.46,6305.0,1.066,1.011,,-0.26,,Transit,2012.0,87.66,EarthLike
Kepler-853 b,Kepler-853,7.16892463,0.0777,0.0,,0.11151772,,1070.0,310.22,6343.0,1.213,1.137,,0.07,,Transit,2016.0,86.52,DesertWorld
Kepler-1500 b,Kepler-1500,15.0330105,0.1124,0.0,,0.09635131,,760.0,78.91,6033.0,0.837,0.917,,-0.64,,Transit,2016.0,89.38,EarthLike
Kepler-887 b,Kepler-887,20.42228798,0.1543,0.0,,0.14452697,,781.0,87.97,6422.0,1.175,1.173,,-0.06,,Transit,2016.0,89.95,EarthLike
Kepler-1923 b,Kepler-1923,52.6095103,0.2846,0.0,,0.16326195,,553.0,22.13,5881.0,1.109,1.294,,0.16,,Transit,2021.0,89.88,SuperEarth
Kepler-886 b,Kepler-886,6.24146367,0.0671,0.0,,0.12133128,,1098.0,344.06,6334.0,1.026,1.037,,-0.32,,Transit,2016.0,89.38,DesertWorld
Kepler-1509 b,Kepler-1509,25.4338197,0.1733,0.0,,0.17039908,,653.0,42.87,6077.0,1.068,1.027,,-0.02,,Transit,2016.0,89.95,SuperEarth
Kepler-411 d,Kepler-411,58.02035,0.279,0.128,0.04782431,0.29610135,2.3,410.0,,,0.87,0.82,,,K2 V,Transit,2018.0,89.43,MiniNeptune
Kepler-885 b,Kepler-885,18.11473813,0.1432,0.0,,0.2221433,,830.0,112.43,6109.0,1.194,1.36,,0.14,,Transit,2016.0,85.95,DesertWorld
Kepler-1980 b,Kepler-1980,33.0256807,0.1948,0.0,,0.17485979,,533.0,19.07,5853.0,0.902,0.83,,-0.36,,Transit,2023.0,89.95,SuperEarth
Kepler-879 b,Kepler-879,33.3855938,0.2012,0.0,,0.22660401,,580.0,26.73,5833.0,0.974,1.022,,-0.04,,Transit,2016.0,88.81,MiniNeptune
Kepler-1502 b,Kepler-1502,41.7083629,0.2482,0.0,,0.18824192,,613.0,33.46,6446.0,1.17,1.155,,-0.1,,Transit,2016.0,89.38,SuperEarth
Kepler-878 b,Kepler-878,25.9422033,0.154,0.0,,0.16683051,,502.0,15.07,5121.0,0.723,0.762,,-0.26,,Transit,2016.0,89.95,SuperEarth
Kepler-1501 b,Kepler-1501,14.5564533,0.124,0.0,,0.12311557,,876.0,139.52,6425.0,1.196,1.186,,-0.02,,Transit,2016.0,87.66,DesertWorld
Kepler-877 b,Kepler-877,18.45847097,0.1303,0.0,,0.20519261,,615.0,33.86,5413.0,0.865,0.865,,-0.02,,Transit,2016.0,88.24,SuperEarth
Kepler-1503 b,Kepler-1503,96.16987,0.3753,0.0,,0.19091834,,324.0,2.59,5334.0,0.761,0.71,,-0.44,,Transit,2016.0,89.95,SuperEarth
Kepler-881 b,Kepler-881,4.44448017,0.0546,0.0,,0.14720339,,1191.0,476.42,6210.0,1.093,1.033,,-0.1,,Transit,2016.0,80.21,DesertWorld
Kepler-1504 b,Kepler-1504,82.304003,0.3562,0.0,,0.20251618,,391.0,5.55,5751.0,0.888,0.848,,-0.28,,Transit,2016.0,89.95,SuperEarth
Kepler-882 b,Kepler-882,3.989539666,0.0451,0.0,,0.08564561,,901.0,155.46,5208.0,0.771,0.693,,-0.38,,Transit,2016.0,89.95,DesertWorld
Kepler-1710 b,Kepler-1710,14.91095177,0.1159,0.0,,0.23374115,,694.0,54.87,5650.0,0.932,0.899,,-0.04,,Transit,2021.0,89.98,MiniNeptune
TOI-2529 b,TOI-2529,64.5949,0.327,0.021,2.34,1.03,,636.0,,5802.0,1.11,1.7,0.46389,0.1,,Transit,2024.0,,GasGiant
Kepler-880 b,Kepler-880,7.71468975,0.0854,0.0,,0.19181048,,1256.0,588.3,6915.0,1.394,1.448,,0.02,,Transit,2016.0,89.95,DesertWorld
Kepler-1753 b,Kepler-1753,16.00460392,0.1179,0.0,,0.19983976,,583.0,27.41,5180.0,0.86,0.769,,0.0,,Transit,2021.0,89.0,SuperEarth
Kepler-1491 b,Kepler-1491,16.5860329,0.127,0.0,,0.18645763,,821.0,107.25,5626.0,0.991,1.389,,0.14,,Transit,2016.0,89.47,DesertWorld
Kepler-305 b,Kepler-305,5.48711441,0.0571,0.0,,0.28905394,,836.0,115.29,5103.0,0.823,0.787,,0.04,,Transit,2013.0,84.98,MiniNeptune
Kepler-1480 b,Kepler-1480,22.12679948,0.1525,0.0,,0.26496611,,721.0,63.98,5312.0,0.963,1.445,,0.34,,Transit,2016.0,89.95,MiniNeptune
Kepler-891 b,Kepler-891,53.44945593,0.2881,0.0,,0.53885364,,486.0,13.23,5919.0,1.114,1.0,,0.21,,Transit,2016.0,89.95,GasGiant
Kepler-306 c,Kepler-306,7.24022418,0.0672,0.0,,0.19091834,,716.0,62.1,4955.0,0.774,0.721,,-0.1,,Transit,2014.0,88.29,SuperEarth
Kepler-1479 b,Kepler-1479,14.53261362,0.1173,0.0,,0.15434053,,746.0,73.37,6003.0,1.019,0.932,,-0.14,,Transit,2016.0,89.95,EarthLike
Kepler-892 b,Kepler-892,13.7521072,0.1014,0.0,,0.24444685,,556.0,22.65,4797.0,0.733,0.701,,-0.1,,Transit,2016.0,88.81,MiniNeptune
Kepler-1696 b,Kepler-1696,65.9407869,0.3244,0.0,,0.20786903,,454.0,10.04,5982.0,1.047,0.96,,-0.04,,Transit,2020.0,89.7,SuperEarth
Kepler-893 b,Kepler-893,6.33855761,0.0699,0.0,,0.28459323,,1034.0,270.47,6108.0,1.132,1.03,,0.07,,Transit,2016.0,84.8,MiniNeptune
Kepler-1478 b,Kepler-1478,26.0840594,0.1681,0.0,,0.12489985,,598.0,30.2,6081.0,0.929,0.835,,-0.5,,Transit,2016.0,89.95,EarthLike
Kepler-1481 b,Kepler-1481,5.94228603,0.059,0.0,,0.10973344,,797.0,95.34,4891.0,0.776,0.805,,0.16,,Transit,2016.0,89.74,EarthLike
Kepler-1484 b,Kepler-1484,30.4544418,0.1939,0.0,,0.23195686,,624.0,35.92,6283.0,1.047,0.984,,-0.3,,Transit,2016.0,86.35,MiniNeptune
Kepler-545 b,Kepler-545,13.24931848,0.1087,0.0,,0.25515255,,806.0,99.54,5799.0,0.972,1.078,,0.0,,Transit,2016.0,88.07,MiniNeptune
Kepler-890 b,Kepler-890,52.75875577,0.2948,0.0,,0.80649617,,545.0,20.85,6244.0,1.225,1.154,,0.21,,Transit,2016.0,89.95,GasGiant
Kepler-1918 b,Kepler-1918,47.0564621,0.2524,0.0,,0.25158398,,497.0,14.43,5889.0,0.967,0.924,,-0.16,,Transit,2021.0,89.95,MiniNeptune
Kepler-1483 b,Kepler-1483,9.5085156,0.0899,0.0,,0.09545917,,937.0,182.21,6328.0,1.069,1.013,,-0.28,,Transit,2016.0,87.66,DesertWorld
Kepler-304 b,Kepler-304,3.295701024,0.0392,0.0,,0.25069184,,875.0,138.38,4723.0,0.76,0.691,,0.02,,Transit,2014.0,88.89,MiniNeptune
Kepler-1997 b,Kepler-1997,26.7575859,0.1808,0.0,,0.22392759,,654.0,43.25,6197.0,1.096,1.035,,-0.08,,Transit,2023.0,89.95,MiniNeptune
Kepler-238 e,Kepler-238,23.65368621,0.1644,0.0,,0.50941296,,625.0,36.16,5858.0,1.056,0.963,,0.1,,Transit,2013.0,89.95,MiniNeptune
Kepler-307 b,Kepler-307,10.41572924,0.0928,0.0,,0.30600463,,855.0,126.3,5671.0,0.983,1.084,,0.16,,Transit,2013.0,88.24,MiniNeptune
Kepler-1474 b,Kepler-1474,36.4333452,0.2233,0.0,,0.21768259,,606.0,31.78,6057.0,1.118,1.147,,0.1,,Transit,2016.0,89.95,SuperEarth
Kepler-895 b,Kepler-895,2.806243488,0.0328,0.0,,0.12579199,,771.0,83.53,4153.0,0.595,0.581,,-0.22,,Transit,2016.0,89.82,EarthLike
Kepler-1917 b,Kepler-1917,12.90237151,0.1025,0.0,,0.13114484,,680.0,50.62,5534.0,0.862,0.796,,-0.22,,Transit,2021.0,89.38,EarthLike
Kepler-896 c,Kepler-896,29.5422963,0.1791,0.0,,0.2881618,,517.0,16.84,5514.0,0.875,0.808,,-0.16,,Transit,2023.0,81.36,MiniNeptune
Kepler-1473 b,Kepler-1473,14.4273551,0.116,0.0,,0.1025963,,783.0,88.9,5929.0,1.0,1.04,,-0.06,,Transit,2016.0,89.38,EarthLike
Kepler-894 b,Kepler-894,9.803224,0.0916,0.0,,0.2881618,,896.0,152.12,6170.0,1.063,0.992,,-0.16,,Transit,2016.0,86.52,MiniNeptune
Kepler-1477 b,Kepler-1477,11.55530021,0.0911,0.0,,0.11240986,,674.0,48.88,5149.0,0.755,0.803,,-0.14,,Transit,2016.0,89.38,EarthLike
Kepler-1476 b,Kepler-1476,10.35863224,0.0932,0.0,,0.16058552,,860.0,129.28,5893.0,1.005,1.02,,-0.02,,Transit,2016.0,89.95,DesertWorld
Kepler-1475 b,Kepler-1475,82.175197,0.373,0.0,,0.19983976,,441.0,8.92,6247.0,1.022,0.954,,-0.34,,Transit,2016.0,89.99,SuperEarth
Kepler-1755 b,Kepler-1755,24.81093193,0.1668,0.0,,0.39254238,,631.0,37.43,6086.0,1.003,0.921,,-0.26,,Transit,2021.0,89.95,MiniNeptune
Kepler-125 b,Kepler-125,4.164384505,0.0411,0.0,,0.22660401,,590.0,28.75,3808.0,0.534,0.508,,-0.06,,Transit,2014.0,87.73,MiniNeptune
Kepler-1488 b,Kepler-1488,39.8189932,0.2278,0.0,,0.14185054,,594.0,29.47,6035.0,0.992,1.135,,-0.14,,Transit,2016.0,89.95,EarthLike
Kepler-860 b,Kepler-860,5.101379454,0.058,0.0,,0.25961326,,1050.0,287.28,5869.0,1.001,0.954,,-0.04,,Transit,2016.0,89.95,MiniNeptune
Kepler-859 b,Kepler-859,20.38177573,0.1343,0.0,,0.25604469,,519.0,17.11,5100.0,0.785,0.714,,-0.24,,Transit,2016.0,89.95,MiniNeptune
Kepler-581 b,Kepler-581,40.606895,0.2259,0.0,,0.23820186,,521.0,17.4,5538.0,0.93,1.027,,0.14,,Transit,2016.0,89.41,MiniNeptune
Kepler-858 b,Kepler-858,76.13622222,0.3403,0.0,,0.42644377,,399.0,6.01,5591.0,0.904,0.892,,-0.06,,Transit,2016.0,89.97,MiniNeptune
Kepler-1984 b,Kepler-1984,1.992812282,0.0232,0.0,,0.06155778,,661.0,45.08,3608.0,0.417,0.4,,-0.2,,Transit,2023.0,89.95,EarthLike
Kepler-1752 b,Kepler-1752,56.3592236,0.2698,0.0,,0.46926658,,419.0,7.29,5446.0,0.824,0.821,,-0.2,,Transit,2021.0,88.24,MiniNeptune
Kepler-1487 c,Kepler-1487,35.8022845,0.2152,0.0,,0.26942682,,599.0,30.46,6444.0,1.035,0.956,,-0.5,,Transit,2023.0,83.08,MiniNeptune
Kepler-1669 c,Kepler-1669,1.60932168,0.0223,0.0,,0.16147766,,897.0,152.74,4056.0,0.57,0.56,,-0.23,,Transit,2021.0,89.38,DesertWorld
Kepler-1488 c,Kepler-1488,6.15827512,0.0656,0.0,,0.07761633,,1107.0,355.39,6035.0,0.992,1.135,,-0.14,,Transit,2021.0,87.66,DesertWorld
Kepler-861 b,Kepler-861,3.949631375,0.0463,0.0,,0.21679045,,966.0,206.05,5155.0,0.849,0.836,,0.14,,Transit,2016.0,88.81,DesertWorld
Kepler-302 c,Kepler-302,127.2824442,0.4913,0.0,,1.0741387,,392.0,5.61,5733.0,0.974,1.183,,0.06,,Transit,2014.0,89.51,GasGiant
Kepler-1490 b,Kepler-1490,92.4362973,0.3726,0.0,,0.23106472,,349.0,3.51,5598.0,0.806,0.745,,-0.48,,Transit,2016.0,89.38,MiniNeptune
Kepler-1489 b,Kepler-1489,82.294751,0.3579,0.0,,0.14898768,,408.0,6.56,6004.0,0.901,0.85,,-0.48,,Transit,2016.0,89.95,EarthLike
Kepler-1487 b,Kepler-1487,7.31946363,0.0747,0.0,,0.11062558,,1017.0,252.76,6444.0,1.035,0.956,,-0.5,,Transit,2016.0,86.52,DesertWorld
Kepler-94 b,Kepler-94,2.508057352,0.0311,0.0,,0.2221433,,828.0,111.07,4238.0,0.64,0.61,,-0.12,,Transit,2014.0,87.66,DesertWorld
Kepler-1486 b,Kepler-1486,54.6495759,0.2898,0.0,,0.20162404,,517.0,16.9,6112.0,1.079,1.066,,0.02,,Transit,2016.0,89.38,SuperEarth
Kepler-1485 b,Kepler-1485,19.9158863,0.1467,0.0,,0.12579199,,728.0,66.31,6047.0,1.059,1.092,,0.0,,Transit,2016.0,87.45,EarthLike
Kepler-856 b,Kepler-856,8.027680595,0.0787,0.0,,0.79311404,,825.0,109.35,5569.0,1.009,0.887,,0.21,,Transit,2016.0,88.24,GasGiant
Kepler-312 b,Kepler-312,1.77244975,0.0305,0.0,,0.08742989,,1641.0,1715.03,6173.0,1.202,1.108,,0.21,,Transit,2014.0,89.38,DesertWorld
Kepler-855 b,Kepler-855,7.886631104,0.0762,0.0,,0.82344686,,995.0,232.07,5847.0,0.946,1.135,,-0.12,,Transit,2016.0,89.95,GasGiant
Kepler-1919 b,Kepler-1919,37.8869482,0.2107,0.0,,0.20786903,,479.0,12.46,5513.0,0.868,0.818,,-0.16,,Transit,2021.0,89.95,SuperEarth
Kepler-920 c,Kepler-920,100.8274113,0.425,0.0,,0.36131742,,363.0,4.08,5638.0,1.005,0.903,,0.14,,Transit,2016.0,89.38,MiniNeptune
Kepler-857 b,Kepler-857,85.35129427,0.3629,0.0,,0.49603083,,370.0,4.43,5635.0,0.876,0.804,,-0.26,,Transit,2016.0,89.95,MiniNeptune
Kepler-419 b,Kepler-419,69.72646639,0.371,0.0,,1.03934517,,613.0,33.3,6430.0,1.398,1.731,,0.2,,Transit,2014.0,89.99,GasGiant
Kepler-239 b,Kepler-239,11.76307164,0.0954,0.0,,0.20965332,,616.0,33.99,4959.0,0.849,0.756,,0.16,,Transit,2014.0,89.91,SuperEarth
Kepler-14 b,Kepler-14,6.790121599,0.0787,0.0,,1.08930511,,1445.0,1029.51,6378.0,1.391,2.075,,-0.02,,Transit,2011.0,89.95,HotJupiter
Kepler-1668 b,Kepler-1668,15.4339775,0.124,0.0,,0.39878738,,721.0,63.79,5900.0,1.065,0.951,,0.07,,Transit,2020.0,88.24,MiniNeptune
Kepler-635 b,Kepler-635,23.44970494,0.1764,0.0,,0.24177042,,802.0,97.94,6188.0,1.33,1.524,,0.44,,Transit,2016.0,89.46,MiniNeptune
Kepler-888 b,Kepler-888,70.6979061,0.3341,0.0,,0.20162404,,505.0,15.33,6174.0,0.991,1.147,,-0.26,,Transit,2016.0,89.95,SuperEarth
Kepler-277 b,Kepler-277,17.32417247,0.1363,0.0,,0.26407397,,923.0,171.81,5941.0,1.125,1.692,,0.04,,Transit,2013.0,85.37,MiniNeptune
Kepler-793 b,Kepler-793,4.24153639,0.0491,0.0,,0.13471341,,1177.0,452.95,5776.0,0.875,1.047,,-0.24,,Transit,2016.0,87.66,DesertWorld
Kepler-792 b,Kepler-792,11.30119217,0.0991,0.0,,0.15612481,,831.0,112.7,5948.0,1.014,0.994,,-0.06,,Transit,2016.0,89.38,DesertWorld
Kepler-791 b,Kepler-791,14.5539759,0.1248,0.0,,0.21500617,,850.0,123.2,6362.0,1.221,1.144,,0.07,,Transit,2016.0,84.22,DesertWorld
Kepler-1513 b,Kepler-1513,160.88451966,0.5416,0.0,,0.81095688,,346.0,3.39,5650.0,0.818,1.044,,-0.28,,Transit,2016.0,89.86,GasGiant
Kepler-790 b,Kepler-790,13.73469807,0.101,0.0,,0.19091834,,634.0,38.11,5196.0,0.726,0.772,,-0.3,,Transit,2016.0,89.95,SuperEarth
Kepler-796 b,Kepler-796,6.40087618,0.0697,0.0,,0.19448691,,1226.0,533.49,5353.0,1.098,1.878,,0.22,,Transit,2016.0,89.95,DesertWorld
Kepler-1516 b,Kepler-1516,7.25931979,0.0718,0.0,,0.14363483,,967.0,206.88,5914.0,0.938,0.987,,-0.22,,Transit,2016.0,88.81,DesertWorld
Kepler-200 b,Kepler-200,8.59479202,0.0832,0.0,,0.2605054,,1046.0,283.03,6053.0,1.038,1.277,,-0.1,,Transit,2014.0,83.08,MiniNeptune
Kepler-795 b,Kepler-795,29.6193421,0.1808,0.0,,0.15701695,,579.0,26.58,5616.0,0.897,0.988,,-0.04,,Transit,2016.0,89.95,EarthLike
Kepler-794 b,Kepler-794,11.13125132,0.0972,0.0,,0.14363483,,884.0,144.38,5993.0,0.989,1.087,,-0.14,,Transit,2016.0,89.38,DesertWorld
Kepler-1515 b,Kepler-1515,214.3120439,0.7655,0.0,,0.81809401,,380.0,4.93,6471.0,1.303,1.357,,0.16,,Transit,2016.0,89.99,GasGiant
Kepler-504 b,Kepler-504,9.549275422,0.0641,0.0,,0.1623698,,372.0,4.55,3514.0,0.385,0.37,,-0.1,,Transit,2016.0,88.24,SuperEarth
Kepler-342 c,Kepler-342,26.2348478,0.1837,0.0,,0.14185054,,723.0,64.69,6475.0,1.2,1.178,,-0.06,,Transit,2014.0,89.95,EarthLike
Kepler-340 b,Kepler-340,14.8444163,0.1502,0.0,,0.41127736,,1672.0,1846.81,8241.0,2.046,3.177,,-0.1,,Transit,2014.0,88.24,MiniNeptune
Kepler-276 c,Kepler-276,31.8841569,0.2032,0.0,,0.28102466,,605.0,31.63,6102.0,1.099,1.026,,0.0,,Transit,2013.0,89.38,MiniNeptune
Kepler-787 b,Kepler-787,0.928310498,0.017,0.0,,0.13114484,,1405.0,920.94,4894.0,0.76,0.72,,-0.06,,Transit,2016.0,86.52,DesertWorld
Kepler-582 b,Kepler-582,18.49235668,0.1254,0.0,,0.30243606,,603.0,31.27,5289.0,0.769,0.838,,-0.18,,Transit,2016.0,89.95,MiniNeptune
Kepler-1741 b,Kepler-1741,2.75759025,0.0301,0.0,,0.10438059,,640.0,39.68,3712.0,0.48,0.46,,-0.11,,Transit,2021.0,89.38,EarthLike
Kepler-786 b,Kepler-786,53.5293487,0.2554,0.0,,0.21322189,,353.0,3.65,4744.0,0.772,0.725,,0.1,,Transit,2016.0,89.95,SuperEarth
Kepler-1016 c,Kepler-1016,105.6552651,0.4389,0.0,,0.37648383,,407.0,6.51,5741.0,1.01,1.136,,0.16,,Transit,2016.0,89.74,MiniNeptune
Kepler-275 c,Kepler-275,16.08832318,0.1281,0.0,,0.30511249,,875.0,138.64,6157.0,1.08,1.33,,-0.08,,Transit,2014.0,87.82,MiniNeptune
Kepler-636 b,Kepler-636,16.080657264,0.1185,0.0,,0.39521881,,614.0,33.64,5303.0,0.86,0.817,,0.0,,Transit,2016.0,89.93,MiniNeptune
Kepler-696 b,Kepler-696,4.190425659,0.0535,0.0,,0.55402005,,1234.0,547.9,6073.0,1.163,1.135,,0.2,,Transit,2016.0,87.52,HotJupiter
Kepler-789 b,Kepler-789,8.63847725,0.0836,0.0,,0.18734977,,937.0,182.1,6178.0,1.039,0.988,,-0.2,,Transit,2016.0,89.38,DesertWorld
Kepler-342 e,Kepler-342,1.644224613,0.029,0.0,,0.07404777,,1820.0,2595.74,6475.0,1.2,1.178,,-0.06,,Transit,2016.0,85.94,LavaWorld
Kepler-788 b,Kepler-788,8.39846269,0.0832,0.0,,0.19270262,,978.0,216.08,6297.0,1.084,1.031,,-0.2,,Transit,2016.0,84.22,DesertWorld
Kepler-348 c,Kepler-348,17.2654644,0.139,0.0,,0.09545917,,824.0,108.97,6395.0,1.198,1.186,,0.02,,Transit,2014.0,88.81,DesertWorld
TOI-871 b,TOI-871,14.362565,0.1054,,,0.14845239,,621.0,24.78,4929.0,0.758,0.719,-0.56004,-0.07,,Transit,2024.0,89.26,EarthLike
Kepler-698 b,Kepler-698,16.3297527,0.1255,0.0,,0.33455317,,727.0,66.08,5878.0,0.989,0.987,,-0.06,,Transit,2016.0,86.59,MiniNeptune
Kepler-115 c,Kepler-115,8.99088871,0.0847,0.0,,0.20608475,,939.0,183.99,5977.0,0.999,1.075,,-0.1,,Transit,2014.0,89.38,DesertWorld
Kepler-1517 b,Kepler-1517,5.546083665,0.078,0.0,,1.80569496,,2335.0,7027.09,7358.0,2.054,4.037,,-0.08,,Transit,2016.0,86.52,HotJupiter
LHS 475 b,LHS 475,2.029101,0.02037,0.0,,0.08698382,,587.0,20.8,3289.0,0.274,0.286,-2.06449,,,Transit,2023.0,87.38,EarthLike
Kepler-697 b,Kepler-697,3.709870645,0.0462,0.0,,0.35328815,,1056.0,294.23,5576.0,0.953,0.852,,0.02,,Transit,2016.0,89.38,MiniNeptune
Kepler-798 b,Kepler-798,13.71933369,0.118,0.0,,0.18734977,,887.0,146.64,6428.0,1.16,1.156,,-0.1,,Transit,2016.0,89.95,DesertWorld
Kepler-1047 c,Kepler-1047,3.18899015,0.0434,0.0,,0.08742989,,1309.0,693.65,5700.0,1.071,1.176,,0.34,,Transit,2016.0,86.09,DesertWorld
Kepler-281 c,Kepler-281,36.33730238,0.2137,0.0,,0.48086442,,513.0,16.36,5717.0,0.984,0.884,,0.0,,Transit,2014.0,88.24,MiniNeptune
Kepler-343 c,Kepler-343,23.2218189,0.1609,0.0,,0.13649769,,689.0,53.23,6122.0,1.022,1.047,,-0.14,,Transit,2014.0,89.95,EarthLike
Kepler-637 b,Kepler-637,23.20579353,0.1867,0.0,,0.52279508,,1002.0,238.21,5460.0,1.609,3.231,,0.42,,Transit,2016.0,89.92,MiniNeptune
Kepler-801 b,Kepler-801,11.41928253,0.0793,0.0,,0.13828198,,419.0,7.29,3822.0,0.51,0.49,,-0.21,,Transit,2016.0,88.81,EarthLike
Kepler-1519 b,Kepler-1519,240.7989397,0.7509,0.0,,0.61022498,,283.0,1.52,5911.0,0.972,0.887,,-0.2,,Transit,2016.0,89.38,GasGiant
Kepler-800 b,Kepler-800,14.13176026,0.1107,0.0,,0.25961326,,677.0,49.68,5626.0,0.905,0.824,,-0.16,,Transit,2016.0,88.24,MiniNeptune
Kepler-351 d,Kepler-351,142.544247,0.5184,0.0,,0.26318183,,317.0,2.39,5646.0,0.914,0.841,,-0.14,,Transit,2016.0,89.38,MiniNeptune
Kepler-203 b,Kepler-203,3.162691238,0.0424,0.0,,0.20430047,,1234.0,547.43,5949.0,1.013,0.937,,-0.1,,Transit,2014.0,85.94,DesertWorld
Kepler-799 b,Kepler-799,133.4605235,0.5307,0.0,,0.6726749,,369.0,4.4,6063.0,1.117,1.012,,0.07,,Transit,2016.0,89.38,GasGiant
Kepler-56 c,Kepler-56,21.4054901,0.1656,0.0,,1.01168878,,1079.0,320.44,4840.0,1.32,4.23,,0.2,,Transit,2012.0,80.21,HotJupiter
Kepler-1038 c,Kepler-1038,7.12768673,0.068,0.0,,0.10438059,,805.0,99.31,5463.0,0.828,0.759,,-0.3,,Transit,2021.0,89.95,DesertWorld
Kepler-1031 b,Kepler-1031,1.22621732,0.0229,0.0,,0.06958706,,1769.0,2313.02,6095.0,1.059,0.991,,-0.1,,Transit,2016.0,88.24,DesertWorld
Kepler-201 b,Kepler-201,25.67212848,0.1758,0.0,,0.24355471,,718.0,62.91,6131.0,1.096,1.24,,0.04,,Transit,2014.0,87.66,MiniNeptune
HD 56414 b,HD 56414,29.04992,0.229,0.68,,0.3309846,,1133.0,,8500.0,1.89,1.751,1.15806,0.0,,Transit,2022.0,89.3,MiniNeptune
Kepler-797 b,Kepler-797,27.07237711,0.1656,0.0,,0.17307551,,554.0,22.26,5589.0,0.825,0.836,,-0.3,,Transit,2016.0,89.95,SuperEarth
Kepler-202 b,Kepler-202,4.069428401,0.0455,0.0,,0.17039908,,843.0,119.56,4806.0,0.758,0.72,,0.0,,Transit,2014.0,85.37,DesertWorld
Kepler-280 b,Kepler-280,2.139556503,0.0318,0.0,,0.12668413,,1314.0,704.45,5741.0,0.934,0.856,,-0.16,,Transit,2014.0,89.38,DesertWorld
Kepler-347 c,Kepler-347,27.3216332,0.182,0.0,,0.14631125,,629.0,37.07,6092.0,1.074,0.998,,-0.06,,Transit,2014.0,89.38,EarthLike
Kepler-1722 b,Kepler-1722,9.17858057,0.0815,0.0,,0.20786903,,758.0,77.93,5500.0,0.859,0.795,,-0.2,,Transit,2021.0,89.38,SuperEarth
Kepler-279 c,Kepler-279,35.7355719,0.2191,0.0,,0.31849462,,660.0,44.88,6781.0,1.097,1.067,,-0.58,,Transit,2013.0,86.52,MiniNeptune
Kepler-320 c,Kepler-320,17.9346606,0.1419,0.0,,0.2497997,,1002.0,238.78,6426.0,1.182,1.775,,-0.24,,Transit,2014.0,80.93,MiniNeptune
Kepler-291 b,Kepler-291,3.54653414,0.0469,0.0,,0.19359477,,1212.0,510.26,5993.0,1.093,0.986,,0.07,,Transit,2014.0,89.38,DesertWorld
Kepler-695 b,Kepler-695,3.040330424,0.0374,0.0,,0.81809401,,1021.0,257.29,5035.0,0.754,0.791,,-0.06,,Transit,2016.0,85.94,HotJupiter
Kepler-61 b,Kepler-61,59.877824,0.2523,0.0,,0.19359477,,272.0,1.3,4014.0,0.596,0.596,,0.02,,Transit,2013.0,89.95,SuperEarth
KOI-3503 b,KOI-3503,21.1875846,0.1457,0.0,,0.06869492,,674.0,48.81,6338.0,0.918,0.847,,-0.8,,Transit,2021.0,89.95,EarthLike
Kepler-290 c,Kepler-290,36.7704731,0.2043,0.0,,0.30689677,,438.0,8.71,5153.0,0.848,0.759,,-0.04,,Transit,2014.0,88.81,MiniNeptune
Kepler-1744 b,Kepler-1744,37.101107,0.2093,0.0,,0.30511249,,532.0,18.95,5986.0,0.886,0.85,,-0.5,,Transit,2021.0,89.38,MiniNeptune
Kepler-1927 b,Kepler-1927,73.7506501,0.3432,0.0,,0.1302527,,449.0,9.64,6085.0,0.988,0.962,,-0.26,,Transit,2021.0,89.95,EarthLike
Kepler-546 b,Kepler-546,4.147021189,0.0502,0.0,,0.65215564,,1258.0,590.84,5818.0,0.977,1.205,,-0.02,,Transit,2016.0,88.7,HotJupiter
Kepler-622 b,Kepler-622,14.28226676,0.0909,0.0,,0.14631125,,369.0,4.38,3679.0,0.49,0.47,,-0.02,,Transit,2016.0,88.81,EarthLike
Kepler-422 b,Kepler-422,7.891448474,0.0796,0.0,,1.09198154,,1000.0,235.93,5853.0,1.08,1.193,,0.2,,Transit,2014.0,89.38,GasGiant
Kepler-828 b,Kepler-828,0.567857136,0.0124,0.0,,0.12489985,,1714.0,2042.3,5076.0,0.794,0.727,,-0.16,,Transit,2016.0,83.65,DesertWorld
Kepler-293 b,Kepler-293,19.25404023,0.1424,0.0,,0.2712111,,657.0,44.17,5798.0,1.038,0.941,,0.1,,Transit,2014.0,88.86,MiniNeptune
Kepler-320 b,Kepler-320,8.37159554,0.0854,0.0,,0.21322189,,1292.0,659.25,6426.0,1.182,1.775,,-0.24,,Transit,2014.0,71.53,DesertWorld
Kepler-292 f,Kepler-292,20.8342947,0.1442,0.0,,0.26228968,,613.0,33.29,5513.0,0.921,0.915,,0.08,,Transit,2014.0,88.81,MiniNeptune
Kepler-159 b,Kepler-159,10.13961841,0.0738,0.0,,0.16683051,,447.0,9.45,3894.0,0.52,0.5,,-0.28,,Transit,2014.0,88.24,SuperEarth
Kepler-487 c,Kepler-487,38.6519976,0.2164,0.0,,0.23374115,,504.0,15.27,5700.0,0.903,0.87,,-0.18,,Transit,2016.0,87.66,MiniNeptune
Kepler-458 c,KIC 9663113,20.74028645,0.154,0.0,,0.37826811,,798.0,95.68,6226.0,1.129,1.299,,0.0,,Transit,2016.0,88.27,MiniNeptune
Kepler-1510 b,Kepler-1510,84.703921,0.3888,0.0,,0.26496611,,473.0,11.85,6286.0,1.087,1.132,,-0.08,,Transit,2016.0,89.95,MiniNeptune
Kepler-889 b,Kepler-889,3.74443645,0.0492,0.0,,0.0981356,,1328.0,736.89,5876.0,1.132,1.293,,0.24,,Transit,2016.0,89.01,DesertWorld
Kepler-1924 b,Kepler-1924,15.3317018,0.1163,0.0,,0.10705701,,716.0,62.23,6028.0,0.89,0.844,,-0.54,,Transit,2021.0,89.95,EarthLike
Kepler-1925 b,Kepler-1925,46.7169344,0.2555,0.0,,0.14541911,,506.0,15.46,6003.0,1.019,0.932,,-0.14,,Transit,2021.0,89.95,EarthLike
Kepler-827 b,Kepler-827,51.92927591,0.2648,0.0,,0.45856088,,449.0,9.58,5735.0,0.915,0.833,,-0.22,,Transit,2016.0,89.95,MiniNeptune
Kepler-953 c,Kepler-953,9.10967112,0.0878,0.0,,0.10348845,,846.0,121.04,5688.0,1.088,0.998,,0.42,,Transit,2016.0,88.24,DesertWorld
Kepler-1987 d,Kepler-1987,5.644915227,0.0571,0.0,,0.26318183,,749.0,74.26,4750.0,0.778,0.729,,0.12,,Transit,2023.0,87.66,MiniNeptune
Kepler-1512 b,Kepler-1512,20.35971899,0.1025,0.0,,0.07137134,,276.0,1.38,3419.0,0.346,0.344,,0.04,,Transit,2016.0,88.31,EarthLike
Kepler-289 c,Kepler-289,125.86543389,0.5166,0.0,,1.62102162,,487.0,13.31,6279.0,1.158,1.598,,-0.08,,Transit,2014.0,89.95,GasGiant
Kepler-1511 b,Kepler-1511,23.2382792,0.1753,0.0,,0.20340833,,903.0,157.09,6602.0,1.333,1.685,,-0.12,,Transit,2016.0,89.38,DesertWorld
Kepler-169 e,Kepler-169,13.76708539,0.1065,0.0,,0.24533899,,678.0,49.82,5173.0,0.85,0.939,,0.26,,Transit,2014.0,87.66,MiniNeptune
Kepler-465 b,Kepler-465,9.940672466,0.0945,0.0,,0.2497997,,1032.0,267.68,6522.0,1.14,1.215,,-0.22,,Transit,2016.0,89.95,MiniNeptune
Kepler-241 b,Kepler-241,12.71810317,0.0934,0.0,,0.20965332,,562.0,23.6,4702.0,0.67,0.686,,-0.22,,Transit,2014.0,89.38,SuperEarth
TOI-1739 b,TOI-1739,8.303342,0.0742,,,0.15121803,,755.55,54.35,4922.0,0.79,0.751,-0.52433,0.07,,Transit,2024.0,89.27,EarthLike
Kepler-489 b,Kepler-489,17.276296119,0.1202,0.0,,0.74404624,,587.0,27.98,5085.0,0.775,0.822,,0.0,,Transit,2016.0,89.95,GasGiant
Kepler-332 c,Kepler-332,15.99560373,0.1141,0.0,,0.09278275,,550.0,21.54,4955.0,0.774,0.721,,-0.1,,Transit,2014.0,89.86,EarthLike
Kepler-785 b,Kepler-785,1.973760926,0.0249,0.0,,0.81541759,,752.0,75.72,3806.0,0.53,0.5,,-0.06,,Transit,2016.0,88.24,GasGiant
Kepler-27 b,Kepler-27,15.33525912,0.1201,0.0,,0.44071804,,630.0,37.16,5325.0,0.981,0.863,,0.36,,Transit,2011.0,89.95,MiniNeptune
Kepler-151 b,Kepler-151,15.22895698,0.1149,0.0,,0.26585825,,643.0,40.31,5460.0,0.874,0.818,,-0.1,,Transit,2014.0,88.81,MiniNeptune
Kepler-105 b,Kepler-105,5.41220713,0.0621,0.0,,0.2926225,,1306.0,686.92,6391.0,1.085,1.332,,-0.22,,Transit,2013.0,89.38,MiniNeptune
Kepler-784 b,Kepler-784,31.5925809,0.1967,0.0,,0.15880124,,688.0,53.09,5676.0,1.016,1.487,,0.1,,Transit,2016.0,89.06,EarthLike
Kepler-1745 b,Kepler-1745,3.016182013,0.0408,0.0,,0.2007319,,1449.0,1044.49,5611.0,0.995,1.4,,0.16,,Transit,2021.0,82.72,DesertWorld
Kepler-335 c,Kepler-335,67.8450771,0.3277,0.0,,0.13203698,,447.0,9.4,6003.0,1.019,0.932,,-0.14,,Transit,2014.0,89.38,EarthLike
Kepler-415 c,Kepler-415,8.70797904,0.0727,0.0,,0.23374115,,593.0,29.3,4523.0,0.674,0.643,,-0.18,,Transit Timing Variations,2014.0,89.95,MiniNeptune
Kepler-332 d,Kepler-332,34.2113054,0.1917,0.0,,0.12579199,,481.0,12.61,5141.0,0.801,0.861,,0.07,,Transit,2014.0,89.38,EarthLike
Kepler-1740 b,Kepler-1740,8.17242018,0.0818,0.0,,0.33455317,,918.0,167.74,5993.0,1.093,0.986,,0.07,,Transit,2021.0,83.65,MiniNeptune
Kepler-143 b,Kepler-143,16.00749754,0.1239,0.0,,0.1623698,,767.0,81.79,6010.0,0.987,1.037,,-0.16,,Transit,2014.0,89.95,SuperEarth
Kepler-484 b,Kepler-484,10.04556377,0.0896,0.0,,0.19537905,,766.0,81.61,5632.0,0.952,0.853,,-0.04,,Transit,2016.0,89.82,SuperEarth
Kepler-990 c,Kepler-990,0.538354308,0.0128,0.0,,0.11687057,,2233.0,5882.38,5953.0,0.957,0.926,,-0.24,,Transit,2016.0,87.66,LavaWorld
Kepler-830 b,Kepler-830,11.29695137,0.0968,0.0,,0.14006626,,884.0,144.32,6241.0,0.947,0.998,,-0.48,,Transit,2016.0,87.09,DesertWorld
KOI-1833 d,Kepler-968,7.68433346,0.0634,0.0,,0.23017258,,583.0,27.35,4402.0,0.575,0.572,,-0.58,,Transit,2021.0,86.87,MiniNeptune
TOI-2068 b,TOI-2068,7.768915,0.0632,,,0.16245902,,520.62,12.23,3710.0,0.559,0.535,-1.31069,0.27,,Transit,2024.0,89.01,SuperEarth
Kepler-598 b,Kepler-598,3.701765401,0.0438,0.0,,0.14541911,,1050.0,286.23,5252.0,0.815,0.898,,0.04,,Transit,2016.0,84.83,DesertWorld
Kepler-1746 b,Kepler-1746,321.2125073,0.8767,0.0,,0.45142374,,268.0,1.21,5982.0,0.869,0.901,,-0.5,,Transit,2021.0,89.95,MiniNeptune
Kepler-967 c,Kepler-967,198.7112502,0.568,0.0,,0.25515255,,236.0,0.73,5080.0,0.619,0.628,,-0.86,,Transit,2016.0,89.95,MiniNeptune
Kepler-829 b,Kepler-829,6.8833761,0.0678,0.0,,0.15077196,,857.0,127.67,5679.0,0.886,0.794,,-0.32,,Transit,2016.0,89.82,DesertWorld
KOI-217 b,KOI-217,3.905081985,0.0485,0.0,,1.1722743,,1046.0,282.59,5543.0,0.997,0.887,,0.21,,Transit,2010.0,89.95,HotJupiter
Kepler-969 c,Kepler-969,1.682934604,0.0261,0.0,,0.10348845,,1424.0,972.56,5346.0,0.835,0.952,,0.04,,Transit,2016.0,85.94,DesertWorld
Kepler-1665 b,Kepler-1665,11.95474513,0.1006,0.0,,0.45945302,,906.0,159.04,5059.0,0.947,1.657,,0.24,,Transit,2020.0,89.03,MiniNeptune
TOI-1846 b,TOI-1846,3.9306737,0.03646,,,0.15987181,,568.1,17.35,3568.0,0.418,0.397,-1.63714,0.169,,Transit,2025.0,88.65,EarthLike
Kepler-328 b,Kepler-328,34.9176592,0.219,0.0,,0.29708321,,600.0,30.56,6167.0,1.149,1.064,,0.07,,Transit,2013.0,85.37,MiniNeptune
TOI-2005 b,TOI-2005,17.305904,0.16,0.597,6.4,1.07,,,,7130.0,1.59,2.02,0.96237,0.0,,Transit,2025.0,87.1,GasGiant
Kepler-599 b,Kepler-599,15.65562652,0.1128,0.0,,0.26496611,,623.0,35.62,5185.0,0.779,0.837,,-0.06,,Transit,2016.0,87.66,MiniNeptune
Kepler-968 c,Kepler-968,5.709404918,0.0518,0.0,,0.12668413,,647.0,41.51,4397.0,0.568,0.577,,-0.58,,Transit,2016.0,89.38,EarthLike
Kepler-831 b,Kepler-831,5.62153941,0.0585,0.0,,0.10616487,,980.0,217.75,5628.0,0.846,0.911,,-0.22,,Transit,2016.0,89.95,DesertWorld
Kepler-1472 b,Kepler-1472,38.1312831,0.2335,0.0,,0.16147766,,633.0,37.9,6425.0,1.168,1.164,,-0.08,,Transit,2016.0,88.24,SuperEarth
Kepler-241 c,Kepler-241,36.06587916,0.1871,0.0,,0.24177042,,397.0,5.88,4702.0,0.67,0.686,,-0.22,,Transit,2014.0,89.95,MiniNeptune
Kepler-1966 b,Kepler-1966,8.61735417,0.0721,0.0,,0.07137134,,668.0,46.93,5013.0,0.67,0.657,,-0.54,,Transit,2021.0,89.38,EarthLike
Kepler-242 c,Kepler-242,14.49643531,0.1074,0.0,,0.25158398,,613.0,33.48,5015.0,0.785,0.826,,0.1,,Transit,2014.0,85.37,MiniNeptune
NGTS-30 b,NGTS-30,98.29838,0.408,0.294,0.96,0.928,,500.0,,5455.0,0.94,0.913,,-0.03,,Transit,2024.0,89.483,GasGiant
Kepler-1965 b,Kepler-1965,41.8673672,0.2305,0.0,,0.09456703,,494.0,14.12,5864.0,0.929,0.842,,-0.28,,Transit,2021.0,89.38,EarthLike
Kepler-244 d,Kepler-244,20.0504494,0.1423,0.0,,0.23998614,,622.0,35.44,5527.0,0.956,0.927,,0.16,,Transit,2014.0,89.31,MiniNeptune
Kepler-579 b,Kepler-579,9.66857723,0.0854,0.0,,0.1516641,,730.0,67.06,5288.0,0.884,0.836,,0.1,,Transit,2016.0,89.38,EarthLike
Kepler-240 b,Kepler-240,4.14451776,0.0474,0.0,,0.13738983,,884.0,144.68,4988.0,0.823,0.766,,0.1,,Transit,2014.0,88.81,DesertWorld
Kepler-249 b,Kepler-249,3.306548978,0.0331,0.0,,0.09724345,,561.0,23.35,3568.0,0.44,0.42,,0.02,,Transit,2014.0,84.8,EarthLike
Kepler-232 c,Kepler-232,11.37936986,0.0993,0.0,,0.352396,,806.0,99.68,5714.0,1.007,1.015,,0.16,,Transit,2014.0,86.8,MiniNeptune
Kepler-1619 b,Kepler-1619,23.6225913,0.1597,0.0,,0.06780278,,679.0,50.28,6137.0,0.972,1.005,,-0.32,,Transit,2016.0,89.95,EarthLike
Kepler-235 d,Kepler-235,20.06037454,0.1155,0.0,,0.17753621,,350.0,3.53,3887.0,0.51,0.48,,-0.36,,Transit,2014.0,89.38,SuperEarth
Kepler-53 d,Kepler-53,9.75193182,0.0899,0.0,,0.21768259,,869.0,135.05,6079.0,1.019,0.945,,-0.2,,Transit,2014.0,81.93,DesertWorld
Kepler-691 b,Kepler-691,8.114379,0.0644,0.0,,0.19091834,,466.0,11.19,3721.0,0.54,0.52,,0.19,,Transit,2016.0,89.95,SuperEarth
Kepler-238 d,Kepler-238,13.23356008,0.1116,0.0,,0.19181048,,759.0,78.47,5858.0,1.056,0.963,,0.1,,Transit,2014.0,89.95,SuperEarth
Kepler-630 b,Kepler-630,161.4743937,0.5755,0.0,,0.42733591,,440.0,8.83,6036.0,0.974,1.569,,-0.38,,Transit,2016.0,89.38,MiniNeptune
Kepler-621 b,Kepler-621,2.628113746,0.0311,0.0,,0.16950694,,738.0,70.0,3941.0,0.58,0.56,,-0.03,,Transit,2016.0,84.8,SuperEarth
Kepler-1964 b,Kepler-1964,2.440839436,0.0322,0.0,,1.89936985,,986.0,223.8,4803.0,0.752,0.698,,-0.08,,Transit,2021.0,75.89,GasGiant
Kepler-42 c,Kepler-42,0.453287337,0.0058,0.0,,0.08207704,,733.0,68.12,3068.0,0.13,0.17,,-0.48,,Transit,2011.0,78.5,EarthLike
Kepler-1911 b,Kepler-1911,5.99078221,0.0636,0.0,,0.0918906,,987.0,223.93,5721.0,0.954,0.972,,0.0,,Transit,2021.0,84.42,DesertWorld
Kepler-750 c,Kepler-750,4.08897299,0.0533,0.0,,0.21054546,,1537.0,1317.96,5897.0,1.204,1.86,,0.16,,Transit,2016.0,87.39,DesertWorld
Kepler-758 c,Kepler-758,4.75796103,0.0547,0.0,,0.1516641,,1372.0,835.65,6021.0,0.96,1.458,,-0.34,,Transit,2016.0,84.31,DesertWorld
Kepler-441 b,Kepler-441,207.24785,0.5697,0.0,,0.13917412,,189.0,0.3,4339.0,0.573,0.553,,-0.58,,Transit,2015.0,89.95,EarthLike
Kepler-760 c,Kepler-760,2.46697439,0.0347,0.0,,0.1793205,,1358.0,804.95,5423.0,0.919,1.119,,0.24,,Transit,2016.0,88.81,DesertWorld
Kepler-24 b,Kepler-24,8.14511872,0.0783,0.0,,0.27745609,,993.0,229.68,6038.0,0.965,1.088,,-0.24,,Transit,2011.0,79.07,MiniNeptune
Kepler-1666 c,Kepler-1666,40.715561,0.2383,0.0,,0.24087828,,578.0,26.34,6297.0,1.084,1.031,,-0.2,,Transit,2020.0,89.99,MiniNeptune
Kepler-1972 b,Kepler-1972,7.545922037,0.0763,0.0,,0.06066564,,1084.0,326.67,5788.0,1.039,1.376,,0.12,,Transit,2022.0,86.82,DesertWorld
Kepler-254 c,Kepler-254,12.41217869,0.1041,0.0,,0.20340833,,764.0,80.58,5941.0,0.975,0.885,,-0.22,,Transit,2014.0,89.95,SuperEarth
Kepler-31 c,Kepler-31,42.63416177,0.253,0.0,,0.44517875,,615.0,33.86,6505.0,1.185,1.163,,-0.12,,Transit,2011.0,89.38,MiniNeptune
Kepler-1618 b,Kepler-1618,6.1082945,0.0706,0.0,,0.09456703,,1267.0,608.39,6720.0,1.261,1.289,,-0.14,,Transit,2016.0,86.57,DesertWorld
Kepler-255 d,Kepler-255,1.045622658,0.0202,0.0,,0.12222342,,1628.0,1659.82,5569.0,1.009,0.887,,0.21,,Transit,2016.0,88.24,DesertWorld
Kepler-199 c,Kepler-199,67.0932997,0.3211,0.0,,0.36220956,,496.0,14.28,5989.0,0.979,1.131,,-0.16,,Transit,2014.0,89.95,MiniNeptune
Kepler-207 b,Kepler-207,1.611887177,0.0275,0.0,,0.09724345,,1712.0,2028.48,6110.0,1.065,1.109,,-0.02,,Transit,2014.0,87.66,DesertWorld
Kepler-647 b,Kepler-647,16.2254649,0.1224,0.0,,0.1025963,,770.0,83.3,5955.0,0.93,1.053,,-0.26,,Transit,2016.0,89.38,EarthLike
Kepler-1705 b,Kepler-1705,9.0194714,0.08,0.0,,0.09545917,,789.0,91.74,5775.0,0.838,0.768,,-0.52,,Transit,2021.0,88.81,EarthLike
Kepler-214 b,Kepler-214,15.66057659,0.1242,0.0,,0.17129122,,785.0,89.76,6332.0,1.041,0.981,,-0.36,,Transit,2014.0,89.95,SuperEarth
Kepler-1622 b,Kepler-1622,10.8118737,0.1006,0.0,,0.1025963,,980.0,218.23,6461.0,1.157,1.19,,-0.12,,Transit,2016.0,88.81,DesertWorld
Kepler-692 b,Kepler-692,21.81295996,0.1495,0.0,,0.30154392,,639.0,39.33,5601.0,0.934,0.999,,0.08,,Transit,2016.0,89.92,MiniNeptune
Kepler-218 b,Kepler-218,3.619312195,0.0459,0.0,,0.15344839,,1161.0,429.26,5497.0,0.983,1.052,,0.36,,Transit,2014.0,81.93,DesertWorld
Kepler-199 b,Kepler-199,23.6421965,0.1602,0.0,,0.25872112,,595.0,29.65,5750.0,0.98,0.882,,-0.04,,Transit,2014.0,89.97,MiniNeptune
Kepler-183 b,Kepler-183,5.68798675,0.0613,0.0,,0.24623113,,1088.0,330.44,5576.0,0.945,1.198,,0.14,,Transit,2014.0,87.45,MiniNeptune
Kepler-598 c,Kepler-598,86.4943704,0.3576,0.0,,0.27388753,,367.0,4.29,5252.0,0.815,0.898,,0.04,,Transit,2020.0,89.33,MiniNeptune
Kepler-193 c,Kepler-193,50.6984448,0.2862,0.0,,0.25426041,,558.0,22.86,6343.0,1.213,1.137,,0.07,,Transit,2014.0,89.95,MiniNeptune
Kepler-1623 b,Kepler-1623,4.36128348,0.0533,0.0,,0.11597843,,1090.0,333.81,5817.0,1.057,0.962,,0.14,,Transit,2016.0,88.24,DesertWorld
Kepler-464 b,Kepler-464,7.256965224,0.0778,0.0,,0.30154392,,1167.0,439.18,5862.0,1.201,1.586,,0.27,,Transit,2016.0,89.95,MiniNeptune
Kepler-194 b,Kepler-194,2.09227115,0.0319,0.0,,0.18378121,,1648.0,1746.66,5565.0,0.989,1.439,,0.16,,Transit,2014.0,87.62,DesertWorld
Kepler-219 c,Kepler-219,22.71444582,0.1647,0.0,,0.28637751,,725.0,65.24,5778.0,1.154,1.332,,0.4,,Transit,2014.0,88.81,MiniNeptune
Kepler-225 b,Kepler-225,6.73893544,0.0594,0.0,,0.12846842,,579.0,26.64,4126.0,0.616,0.602,,-0.06,,Transit,2014.0,89.87,EarthLike
Kepler-442 b,Kepler-442,112.303136,0.3874,0.0,,0.11597843,,241.0,0.79,4401.0,0.613,0.595,,-0.38,,Transit,2015.0,89.9,EarthLike
Kepler-124 c,Kepler-124,13.82142084,0.1005,0.0,,0.19627119,,560.0,23.15,4983.0,0.715,0.651,,-0.44,,Transit,2014.0,86.05,SuperEarth
Kepler-1968 b,Kepler-1968,7.28122373,0.0696,0.0,,0.12668413,,743.0,72.03,5009.0,0.845,0.787,,0.18,,Transit,2021.0,89.95,EarthLike
Kepler-226 b,Kepler-226,3.94104632,0.0469,0.0,,0.14185054,,1017.0,252.42,5559.0,0.883,0.806,,-0.18,,Transit,2014.0,89.95,DesertWorld
Kepler-1967 b,Kepler-1967,7.28170196,0.0735,0.0,,0.16504623,,1087.0,329.68,4970.0,0.996,1.806,,0.32,,Transit,2021.0,89.95,DesertWorld
Kepler-1620 b,Kepler-1620,101.951829,0.4322,0.0,,0.12133128,,428.0,7.92,6210.0,1.028,1.054,,-0.18,,Transit,2016.0,89.95,EarthLike
Kepler-1725 b,Kepler-1725,16.71987223,0.1334,0.0,,0.2114376,,749.0,74.26,6108.0,1.132,1.03,,0.07,,Transit,2021.0,89.95,SuperEarth
Kepler-443 b,Kepler-443,177.6693,0.495,0.11,,0.21,,,0.86,4723.0,0.738,0.706,-0.664,-0.01,,Transit,2015.0,89.94,SuperEarth
Kepler-1969 b,Kepler-1969,6.64752101,0.0717,0.0,,0.15344839,,999.0,235.89,6046.0,1.111,1.007,,0.07,,Transit,2021.0,89.95,DesertWorld
Kepler-1621 b,Kepler-1621,92.263714,0.4266,0.0,,0.17485979,,457.0,10.29,6343.0,1.213,1.137,,0.07,,Transit,2016.0,89.95,SuperEarth
Kepler-223 c,Kepler-223,9.8482024,0.0869,0.0,,0.24890756,,873.0,137.26,5825.0,0.902,1.003,,-0.22,,Transit,2014.0,74.48,MiniNeptune
Kepler-224 d,Kepler-224,11.34933733,0.0904,0.0,,0.2283883,,637.0,38.97,5195.0,0.768,0.699,,-0.36,,Transit,2014.0,89.95,MiniNeptune
Kepler-629 b,Kepler-629,7.2385854,0.0706,0.0,,0.12757627,,846.0,121.04,5441.0,0.894,0.877,,0.04,,Transit,2016.0,89.95,DesertWorld
Kepler-624 b,Kepler-624,14.58649607,0.119,0.0,,0.18288907,,793.0,93.38,6157.0,1.05,1.014,,-0.12,,Transit,2016.0,88.81,SuperEarth
Kepler-1611 b,Kepler-1611,5.1762429,0.0541,0.0,,0.05888136,,887.0,146.22,5511.0,0.786,0.72,,-0.5,,Transit,2016.0,88.24,DesertWorld
Kepler-176 d,Kepler-176,25.75260028,0.1604,0.0,,0.25872112,,539.0,20.0,5229.0,0.826,0.877,,0.07,,Transit,2014.0,88.81,MiniNeptune
Kepler-1612 b,Kepler-1612,3.91795101,0.0468,0.0,,0.07850848,,1019.0,254.96,5543.0,0.891,0.813,,-0.14,,Transit,2016.0,88.24,DesertWorld
Kepler-158 b,Kepler-158,16.70920692,0.1112,0.0,,0.22571187,,500.0,14.73,4621.0,0.656,0.668,,-0.24,,Transit,2014.0,87.09,MiniNeptune
Kepler-23 b,Kepler-23,7.10694385,0.0742,0.0,,0.17218336,,1174.0,449.39,5828.0,1.078,1.548,,-0.05,,Transit,2011.0,83.65,DesertWorld
Kepler-625 b,Kepler-625,7.75192755,0.0768,0.0,,0.1686148,,852.0,124.47,5604.0,1.004,0.912,,0.18,,Transit,2016.0,87.83,DesertWorld
Kepler-26 d,Kepler-26,3.543917895,0.0373,0.0,,0.10973344,,646.0,41.25,3887.0,0.55,0.53,,-0.08,,Transit,2014.0,89.95,EarthLike
Kepler-1962 b,Kepler-1962,7.99147383,0.0764,0.0,,0.10794916,,913.0,164.1,5931.0,0.931,0.93,,-0.28,,Transit,2021.0,88.24,DesertWorld
Kepler-148 b,Kepler-148,1.729367077,0.027,0.0,,0.1623698,,1284.0,643.54,5227.0,0.876,0.838,,0.14,,Transit,2014.0,87.87,DesertWorld
Kepler-444 f,Kepler-444,9.74048418,0.0761,0.0,,0.04549923,,620.0,34.84,5032.0,0.618,0.593,,-0.96,,Transit,2015.0,89.95,EarthLike
Kepler-150 e,Kepler-150,30.8264713,0.1902,0.0,,0.26318183,,572.0,25.32,5862.0,0.963,0.931,,-0.14,,Transit,2014.0,88.24,MiniNeptune
Kepler-1961 b,Kepler-1961,5.60473269,0.0585,0.0,,0.0981356,,861.0,130.09,5396.0,0.859,0.766,,-0.2,,Transit,2021.0,89.38,DesertWorld
Kepler-178 c,Kepler-178,20.55280793,0.1399,0.0,,0.26228968,,683.0,51.5,5675.0,0.861,1.042,,-0.18,,Transit,2014.0,89.38,MiniNeptune
Kepler-33 e,Kepler-33,31.78476785,0.2029,0.0,,0.32652389,,752.0,75.59,5900.0,1.1,1.694,,0.0,,Transit,2011.0,89.95,MiniNeptune
Kepler-444 d,Kepler-444,6.18940639,0.0562,0.0,,0.03568567,,721.0,63.89,5032.0,0.618,0.593,,-0.96,,Transit,2015.0,89.38,EarthLike
Kepler-218 d,Kepler-218,124.5245224,0.4865,0.0,,0.23998614,,356.0,3.78,5497.0,0.988,1.046,,0.38,,Transit,2016.0,90.0,MiniNeptune
Kepler-578 b,Kepler-578,1.616883373,0.0266,0.0,,0.39878738,,1774.0,2342.49,4868.0,0.959,1.816,,0.32,,Transit,2016.0,78.6,MiniNeptune
Kepler-219 d,Kepler-219,47.903427,0.2728,0.0,,0.31671033,,598.0,30.17,5788.0,1.179,1.495,,0.26,,Transit,2014.0,88.02,MiniNeptune
Kepler-1609 b,Kepler-1609,114.34219,0.4932,0.0,,0.18288907,,428.0,7.93,6257.0,1.226,1.186,,0.18,,Transit,2016.0,89.95,SuperEarth
Kepler-1610 b,Kepler-1610,8.70179611,0.0777,0.0,,0.12222342,,750.0,74.58,5295.0,0.825,0.8,,-0.1,,Transit,2016.0,89.88,EarthLike
Kepler-689 b,Kepler-689,22.36646466,0.1449,0.0,,0.20697689,,536.0,19.45,5395.0,0.821,0.734,,-0.34,,Transit,2016.0,89.26,SuperEarth
Kepler-444 e,Kepler-444,7.74347614,0.0653,0.0,,0.03746995,,669.0,47.32,5032.0,0.618,0.593,,-0.96,,Transit,2015.0,88.81,EarthLike
Kepler-186 b,Kepler-186,3.886789356,0.0379,0.0,,0.09367489,,578.0,26.38,3761.0,0.48,0.46,,-0.21,,Transit,2014.0,89.95,EarthLike
Kepler-207 c,Kepler-207,3.07155284,0.0437,0.0,,0.14720339,,1556.0,1389.97,5918.0,1.181,1.555,,0.21,,Transit,2014.0,74.56,DesertWorld
Kepler-1610 c,Kepler-1610,44.9851882,0.2323,0.0,,0.17664407,,433.0,8.34,5295.0,0.825,0.8,,-0.1,,Transit,2023.0,89.95,SuperEarth
Kepler-273 c,Kepler-273,8.01494715,0.0721,0.0,,0.14720339,,835.0,114.65,5627.0,0.777,0.815,,-0.48,,Transit,2014.0,87.66,DesertWorld
Kepler-168 c,Kepler-168,13.1932092,0.1125,0.0,,0.24890756,,870.0,135.2,6251.0,1.089,1.119,,-0.06,,Transit,2014.0,89.95,MiniNeptune
Kepler-171 c,Kepler-171,11.46347165,0.0966,0.0,,0.26764253,,752.0,75.57,5456.0,0.914,0.943,,0.14,,Transit,2014.0,89.83,MiniNeptune
Kepler-732 c,Kepler-732,0.893041236,0.014,0.0,,0.1088413,,886.0,145.37,3581.0,0.46,0.44,,0.14,,Transit,2016.0,89.38,DesertWorld
Kepler-1616 b,Kepler-1616,6.76284377,0.074,0.0,,0.07850848,,1138.0,395.94,6528.0,1.177,1.155,,-0.16,,Transit,2016.0,89.38,DesertWorld
Kepler-236 c,Kepler-236,23.9679932,0.1325,0.0,,0.16504623,,325.0,2.62,3750.0,0.54,0.51,,0.08,,Transit,2014.0,89.38,SuperEarth
Kepler-238 b,Kepler-238,2.09081565,0.0326,0.0,,0.09367489,,1404.0,919.65,5858.0,1.056,0.963,,0.1,,Transit,2014.0,87.09,DesertWorld
Kepler-65 d,Kepler-65,8.13121389,0.0848,0.0,,0.1409584,,1117.0,368.36,6181.0,1.231,1.424,,0.14,,Transit,2012.0,86.95,DesertWorld
Kepler-1617 b,Kepler-1617,27.4785572,0.1833,0.0,,0.09635131,,689.0,53.2,6300.0,1.082,1.126,,-0.1,,Transit,2016.0,88.81,EarthLike
Kepler-268 c,Kepler-268,83.4463335,0.3835,0.0,,0.22481973,,479.0,12.43,6322.0,1.074,1.131,,-0.12,,Transit,2014.0,89.95,MiniNeptune
Kepler-1963 b,Kepler-1963,1.96227924,0.0298,0.0,,0.07404777,,1448.0,1038.36,5726.0,0.915,0.979,,-0.1,,Transit,2021.0,87.09,DesertWorld
Kepler-271 c,Kepler-271,7.41086267,0.0697,0.0,,0.09099846,,872.0,136.61,5516.0,0.82,0.895,,-0.2,,Transit,2014.0,88.81,DesertWorld
Kepler-82 d,Kepler-82,2.382952186,0.0345,0.0,,0.1579091,,1313.0,702.44,5739.0,0.966,0.928,,-0.02,,Transit,2014.0,88.81,DesertWorld
Kepler-627 b,Kepler-627,40.6994443,0.2327,0.0,,0.29975964,,685.0,52.05,6419.0,1.012,1.362,,-0.48,,Transit,2016.0,87.66,MiniNeptune
TOI-5108 b,TOI-5108,6.753581,0.073,,0.10068326,0.58881358,0.6,1180.0,,5808.0,1.1,1.29,,0.2,,Transit,2025.0,85.91,HotJupiter
Kepler-1653 b,Kepler-1653,140.252515,0.4651,0.0,,0.15434053,,257.0,1.04,4771.0,0.681,0.696,,-0.22,,Transit,2017.0,89.95,EarthLike
Kepler-80 f,Kepler-80,0.986787059,0.0163,0.0,,0.08921418,,1054.0,291.55,4040.0,0.59,0.57,,-0.14,,Transit,2016.0,89.38,DesertWorld
Kepler-626 b,Kepler-626,14.48585199,0.1086,0.0,,0.19359477,,772.0,83.76,5741.0,0.813,1.008,,-0.38,,Transit,2016.0,89.95,SuperEarth
Kepler-297 d,Kepler-297,150.0189511,0.523,0.0,,2.9083822,,325.0,2.62,5618.0,0.846,0.897,,-0.22,,Transit,2023.0,89.4,GasGiant
Kepler-223 b,Kepler-223,7.38443269,0.0756,0.0,,0.21589831,,1042.0,278.67,5814.0,1.055,1.248,,0.16,,Transit,2014.0,85.83,DesertWorld
Kepler-32 e,Kepler-32,2.896013787,0.032,0.0,,0.11776272,,650.0,42.16,3727.0,0.52,0.5,,0.04,,Transit,2012.0,89.95,EarthLike
Kepler-690 b,Kepler-690,7.748094374,0.0802,0.0,,0.49603083,,958.0,198.7,5918.0,1.146,1.079,,0.32,,Transit,2016.0,88.81,MiniNeptune
Kepler-33 c,Kepler-33,13.17556672,0.1128,0.0,,0.239094,,1009.0,244.58,5900.0,1.1,1.694,,0.0,,Transit,2011.0,89.38,MiniNeptune
Kepler-1615 b,Kepler-1615,47.3126192,0.2595,0.0,,0.17307551,,523.0,17.7,6035.0,1.035,1.002,,-0.06,,Transit,2016.0,84.8,SuperEarth
Kepler-1614 b,Kepler-1614,3.94660745,0.0471,0.0,,0.12489985,,981.0,218.91,5376.0,0.897,0.806,,-0.02,,Transit,2016.0,88.54,DesertWorld
Kepler-1613 b,Kepler-1613,1.5184299,0.0264,0.0,,0.20876118,,1927.0,3261.65,6302.0,1.063,1.269,,-0.18,,Transit,2016.0,52.14,LavaWorld
Kepler-631 b,Kepler-631,17.97979059,0.133,0.0,,0.19448691,,769.0,82.87,6397.0,0.968,0.989,,-0.58,,Transit,2016.0,89.95,SuperEarth
Kepler-1464 b,Kepler-1464,31.7785901,0.1803,0.0,,0.13649769,,564.0,23.96,5638.0,0.773,0.928,,-0.42,,Transit,2016.0,89.95,EarthLike
Kepler-1463 b,Kepler-1463,25.15864,0.1694,0.0,,0.16326195,,619.0,34.7,5973.0,1.024,0.935,,-0.1,,Transit,2016.0,89.95,SuperEarth
Kepler-1462 b,Kepler-1462,65.6491001,0.3094,0.0,,0.22481973,,390.0,5.48,5436.0,0.919,0.819,,0.0,,Transit,2016.0,89.97,MiniNeptune
Kepler-279 b,Kepler-279,12.30971679,0.1099,0.0,,0.34079816,,1104.0,350.46,6366.0,1.164,1.697,,-0.2,,Transit,2014.0,83.92,MiniNeptune
Kepler-1461 b,Kepler-1461,29.3494775,0.1709,0.0,,0.17485979,,452.0,9.9,4986.0,0.773,0.723,,-0.12,,Transit,2016.0,89.38,SuperEarth
Kepler-56 b,Kepler-56,10.5007334,0.103,0.0,,0.44250232,,1368.0,828.32,4840.0,1.32,4.23,,0.2,,Transit,2012.0,87.09,MiniNeptune
Kepler-277 c,Kepler-277,33.0063025,0.2095,0.0,,0.24890756,,745.0,72.72,5941.0,1.125,1.692,,0.04,,Transit,2013.0,89.95,MiniNeptune
Kepler-906 b,Kepler-906,41.6979976,0.2279,0.0,,0.19448691,,563.0,23.78,5934.0,0.908,1.055,,-0.3,,Transit,2016.0,89.95,SuperEarth
Kepler-275 b,Kepler-275,10.30067919,0.0951,0.0,,0.19627119,,1015.0,251.55,6157.0,1.08,1.33,,-0.08,,Transit,2014.0,89.99,DesertWorld
Kepler-1466 b,Kepler-1466,31.1750448,0.1942,0.0,,0.12311557,,585.0,27.62,6086.0,1.003,0.921,,-0.26,,Transit,2016.0,89.95,EarthLike
Kepler-1465 b,Kepler-1465,31.8277111,0.1722,0.0,,0.15523267,,414.0,6.94,4702.0,0.67,0.686,,-0.22,,Transit,2016.0,89.95,EarthLike
Kepler-424 b,Kepler-424,3.3118644,0.04365,0.076,1.076,0.89,1.97,,,5460.0,1.01,0.94,,0.44,,Transit,2014.0,84.68,GasGiant
Kepler-1351 b,Kepler-1351,0.916142298,0.0156,0.0,,0.05352851,,1212.0,507.47,4374.0,0.6,0.614,,-0.34,,Transit,2016.0,87.78,DesertWorld
Kepler-1464 c,Kepler-1464,5.32786292,0.0548,0.0,,0.07940062,,1023.0,259.32,5638.0,0.773,0.928,,-0.42,,Transit,2016.0,89.38,DesertWorld
Kepler-276 b,Kepler-276,14.12846178,0.1181,0.0,,0.23552543,,793.0,93.65,6102.0,1.099,1.026,,0.0,,Transit,2014.0,89.38,MiniNeptune
Kepler-274 c,Kepler-274,33.1981054,0.2015,0.0,,0.17396765,,594.0,29.41,6020.0,0.987,1.008,,-0.18,,Transit,2014.0,89.95,SuperEarth
Kepler-282 e,Kepler-282,44.3470995,0.2427,0.0,,0.23106472,,515.0,16.57,6102.0,0.968,0.887,,-0.38,,Transit,2013.0,89.95,MiniNeptune
Kepler-110 b,Kepler-110,12.69104387,0.1072,0.0,,0.22928044,,1008.0,244.3,5869.0,1.019,1.626,,-0.16,,Transit,2014.0,89.98,MiniNeptune
Kepler-1458 b,Kepler-1458,47.9872764,0.2495,0.0,,0.26139754,,493.0,14.01,5641.0,0.899,0.981,,-0.06,,Transit,2016.0,89.95,MiniNeptune
Kepler-290 b,Kepler-290,14.58932462,0.1103,0.0,,0.19448691,,596.0,29.88,5153.0,0.848,0.759,,-0.04,,Transit,2014.0,89.95,SuperEarth
Kepler-1457 b,Kepler-1457,51.1110243,0.2668,0.0,,0.15612481,,478.0,12.38,5968.0,0.97,0.881,,-0.26,,Transit,2016.0,89.95,EarthLike
Kepler-292 d,Kepler-292,7.0556671,0.0701,0.0,,0.22928044,,879.0,140.85,5513.0,0.921,0.915,,0.08,,Transit,2014.0,89.95,MiniNeptune
Kepler-1456 b,Kepler-1456,18.1373829,0.1132,0.0,,0.10170416,,433.0,8.31,4257.0,0.589,0.602,,-0.3,,Transit,2016.0,89.38,EarthLike
Kepler-438 b,Kepler-438,35.23318,0.1648,0.0,,0.08742989,,273.0,1.31,3688.0,0.479,0.463,,-0.1,,Transit,2015.0,89.38,EarthLike
Kepler-294 b,Kepler-294,3.70122061,0.0469,0.0,,0.14452697,,1087.0,330.02,5616.0,1.006,0.903,,0.16,,Transit,2014.0,89.09,DesertWorld
Kepler-53 b,Kepler-53,18.64929678,0.1385,0.0,,0.25872112,,700.0,56.9,6079.0,1.019,0.945,,-0.2,,Transit,2012.0,89.95,MiniNeptune
Kepler-1459 b,Kepler-1459,62.869463,0.2829,0.0,,0.17485979,,349.0,3.51,4762.0,0.762,0.781,,0.2,,Transit,2016.0,87.89,SuperEarth
Kepler-274 b,Kepler-274,11.634864,0.1002,0.0,,0.16058552,,842.0,118.95,6020.0,0.987,1.008,,-0.18,,Transit,2014.0,88.81,DesertWorld
Kepler-284 c,Kepler-284,37.5140693,0.2125,0.0,,0.2497997,,489.0,13.46,5614.0,0.908,0.827,,-0.14,,Transit,2014.0,89.38,MiniNeptune
Kepler-1460 b,Kepler-1460,29.9633247,0.1614,0.0,,0.1686148,,391.0,5.55,4463.0,0.624,0.638,,-0.28,,Transit,2016.0,89.95,SuperEarth
Kepler-286 c,Kepler-286,3.46808239,0.0448,0.0,,0.13114484,,1186.0,467.0,5970.0,0.996,0.908,,-0.18,,Transit,2014.0,89.38,DesertWorld
Kepler-287 b,Kepler-287,20.34237838,0.1422,0.0,,0.25693683,,667.0,46.93,5514.0,0.926,1.071,,0.16,,Transit,2014.0,88.83,MiniNeptune
Kepler-132 e,Kepler-132,110.2867031,0.4393,0.0,,0.12579199,,414.0,6.96,5931.0,0.929,1.101,,-0.24,,Transit,2016.0,89.73,EarthLike
Kepler-901 b,Kepler-901,3.517494394,0.0366,0.0,,0.10794916,,645.0,40.87,3916.0,0.53,0.51,,-0.24,,Transit,2016.0,89.95,EarthLike
Kepler-1916 b,Kepler-1916,31.2543238,0.2053,0.0,,0.20430047,,635.0,38.54,6246.0,1.18,1.092,,0.07,,Transit,2021.0,89.98,SuperEarth
Kepler-84 b,Kepler-84,8.72585936,0.0831,0.0,,0.24533899,,932.0,178.73,6028.0,1.005,1.022,,-0.14,,Transit,2012.0,80.79,MiniNeptune
Kepler-1470 b,Kepler-1470,16.2950903,0.1158,0.0,,0.10527273,,581.0,26.95,4984.0,0.777,0.809,,0.08,,Transit,2016.0,89.38,EarthLike
Kepler-1757 b,Kepler-1757,19.65644811,0.1331,0.0,,0.2283883,,550.0,21.62,5284.0,0.817,0.741,,-0.24,,Transit,2021.0,88.81,MiniNeptune
Kepler-296 f,Kepler-296,63.3366606,0.2253,0.0,,0.10973344,,199.0,0.37,3517.0,0.38,0.37,,-0.07,,Transit,2014.0,89.95,EarthLike
Kepler-308 b,Kepler-308,9.69502544,0.089,0.0,,0.19894762,,833.0,114.06,5896.0,1.0,0.914,,-0.1,,Transit,2014.0,89.38,DesertWorld
Kepler-633 b,Kepler-633,8.50340718,0.0824,0.0,,0.19448691,,1201.0,492.55,6282.0,1.03,1.549,,-0.4,,Transit,2016.0,89.38,DesertWorld
Kepler-902 b,Kepler-902,40.1099547,0.2281,0.0,,0.2221433,,524.0,17.82,5960.0,0.983,0.906,,-0.2,,Transit,2016.0,89.95,SuperEarth
Kepler-898 b,Kepler-898,5.8706191,0.0534,0.0,,0.12311557,,603.0,31.34,4187.0,0.59,0.57,,-0.32,,Transit,2016.0,87.66,EarthLike
Kepler-1471 b,Kepler-1471,3.63899398,0.0429,0.0,,0.11776272,,1153.0,418.3,5881.0,0.794,0.848,,-0.66,,Transit,2016.0,88.24,DesertWorld
Kepler-899 b,Kepler-899,19.17891293,0.1392,0.0,,0.22928044,,640.0,39.65,5767.0,0.979,0.881,,-0.06,,Transit,2016.0,89.38,MiniNeptune
Kepler-1471 c,Kepler-1471,11.6044694,0.0929,0.0,,0.1302527,,784.0,89.2,5881.0,0.794,0.848,,-0.66,,Transit,2023.0,89.95,EarthLike
Kepler-900 b,Kepler-900,6.9913086,0.0679,0.0,,0.19537905,,720.0,63.41,4848.0,0.854,0.769,,0.34,,Transit,2016.0,86.52,SuperEarth
Kepler-880 c,Kepler-880,11.8061737,0.1216,0.0,,0.25604469,,1407.0,926.72,6900.0,1.714,2.599,,0.0,,Transit,2023.0,84.28,MiniNeptune
Kepler-1468 d,Kepler-1468,19.5906167,0.1434,0.0,,0.1516641,,687.0,52.77,5973.0,1.019,0.976,,-0.06,,Transit,2021.0,89.95,EarthLike
Kepler-1758 b,Kepler-1758,9.97716876,0.0919,0.0,,0.22571187,,1028.0,263.89,5557.0,1.035,1.616,,0.16,,Transit,2021.0,89.99,MiniNeptune
Kepler-904 b,Kepler-904,3.021668632,0.0417,0.0,,0.12043914,,1332.0,744.35,6201.0,1.058,0.989,,-0.2,,Transit,2016.0,87.66,DesertWorld
Kepler-1915 b,Kepler-1915,13.8354142,0.1143,0.0,,0.28102466,,809.0,101.06,6031.0,1.035,1.056,,-0.06,,Transit,2021.0,89.38,MiniNeptune
Kepler-905 b,Kepler-905,5.082746517,0.0581,0.0,,0.13114484,,960.0,200.64,5569.0,1.009,0.887,,0.21,,Transit,2016.0,89.95,DesertWorld
Kepler-1467 b,Kepler-1467,47.0569043,0.2385,0.0,,0.26675039,,413.0,6.86,5290.0,0.821,0.746,,-0.22,,Transit,2016.0,89.95,MiniNeptune
Kepler-311 b,Kepler-311,9.17613539,0.085,0.0,,0.14006626,,928.0,175.04,5897.0,0.97,1.081,,-0.1,,Transit,2014.0,89.95,DesertWorld
Kepler-1468 b,Kepler-1468,8.23984869,0.0805,0.0,,0.14185054,,917.0,167.45,5973.0,1.019,0.976,,-0.06,,Transit,2016.0,88.81,DesertWorld
Kepler-1468 c,Kepler-1468,3.54553077,0.0466,0.0,,0.14452697,,1448.0,1039.47,5794.0,1.072,1.496,,0.14,,Transit,2016.0,88.75,DesertWorld
Kepler-309 b,Kepler-309,5.92365634,0.0512,0.0,,0.0918906,,529.0,18.58,3880.0,0.51,0.49,,-0.28,,Transit,2014.0,89.95,EarthLike
Kepler-1469 b,Kepler-1469,21.8635301,0.1464,0.0,,0.22303545,,555.0,22.36,5402.0,0.879,0.793,,-0.1,,Transit,2016.0,89.38,SuperEarth
Kepler-310 c,Kepler-310,56.4758069,0.2838,0.0,,0.28726965,,417.0,7.14,5497.0,0.952,0.839,,0.07,,Transit,2014.0,88.81,MiniNeptune
KOI-1599.01,KOI-1599,20.4071345,0.1473,0.0,,0.15701695,,660.0,44.8,5823.0,1.02,0.972,,0.06,,Transit,2019.0,88.81,EarthLike
Kepler-903 b,Kepler-903,10.35078415,0.0907,0.0,,0.17575193,,842.0,119.01,5534.0,0.926,1.08,,0.14,,Transit,2016.0,84.43,DesertWorld
Kepler-296 d,Kepler-296,19.85029495,0.1052,0.0,,0.13560555,,297.0,1.83,3526.0,0.394,0.383,,-0.08,,Transit,2014.0,89.77,EarthLike
Kepler-1455 b,Kepler-1455,49.276764,0.2153,0.0,,0.17575193,,272.0,1.3,3894.0,0.548,0.541,,-0.1,,Transit,2016.0,89.95,SuperEarth
Kepler-1444 b,Kepler-1444,33.4203001,0.2015,0.0,,0.21946688,,581.0,27.02,5731.0,0.977,1.066,,0.08,,Transit,2016.0,88.55,SuperEarth
Kepler-153 c,Kepler-153,46.9025112,0.2337,0.0,,0.22303545,,458.0,10.44,5402.0,0.774,0.865,,-0.24,,Transit,2014.0,89.95,SuperEarth
Kepler-1443 b,Kepler-1443,2.41810158,0.0368,0.0,,0.07583205,,1602.0,1555.96,6258.0,1.135,1.239,,0.0,,Transit,2016.0,89.89,DesertWorld
Kepler-157 b,Kepler-157,1.732345491,0.0285,0.0,,0.11330201,,1512.0,1235.77,5988.0,1.021,0.934,,-0.12,,Transit,2014.0,89.38,DesertWorld
Kepler-450 d,Kepler-450,7.5143967,0.082,0.0,,0.08564561,,1199.0,488.52,6206.0,1.305,1.573,,0.22,,Transit,2015.0,87.91,DesertWorld
Kepler-160 b,Kepler-160,4.30920108,0.0498,0.0,,0.15880124,,1078.0,319.22,5857.0,0.887,0.867,,-0.36,,Transit,2014.0,89.95,DesertWorld
Kepler-1912 b,Kepler-1912,6.05922662,0.067,0.0,,0.16593837,,1221.0,525.59,5902.0,1.091,1.474,,0.1,,Transit,2021.0,89.95,DesertWorld
Kepler-162 b,Kepler-162,6.91986988,0.068,0.0,,0.12400771,,961.0,201.41,5815.0,0.875,0.954,,-0.3,,Transit,2014.0,84.93,DesertWorld
Kepler-1663 b,Kepler-1663,17.60460628,0.1059,0.0,,0.23463329,,355.0,3.76,3743.0,0.51,0.49,,0.06,,Transit,2020.0,88.24,MiniNeptune
Kepler-1445 b,Kepler-1445,10.60052251,0.0949,0.0,,0.07761633,,911.0,162.57,6086.0,1.012,1.092,,-0.14,,Transit,2016.0,88.24,DesertWorld
Kepler-271 d,Kepler-271,5.24972541,0.0554,0.0,,0.06334207,,978.0,216.24,5516.0,0.82,0.895,,-0.2,,Transit,2016.0,89.38,DesertWorld
Kepler-133 b,Kepler-133,8.13000457,0.0791,0.0,,0.16683051,,1073.0,312.97,5588.0,0.998,1.498,,0.12,,Transit,2014.0,88.81,DesertWorld
Kepler-437 b,Kepler-437,66.6505482,0.2737,0.0,,0.12222342,,294.0,1.78,4427.0,0.615,0.622,,-0.32,,Transit,2015.0,89.95,EarthLike
Kepler-529 c,Kepler-529,12.8345022,0.1065,0.0,,0.14006626,,795.0,94.39,6248.0,0.977,0.886,,-0.5,,Transit,2016.0,88.81,EarthLike
Kepler-1446 b,Kepler-1446,0.689967868,0.0141,0.0,,0.06958706,,1539.0,1336.82,4872.0,0.814,0.726,,0.1,,Transit,2016.0,88.5,DesertWorld
Kepler-149 d,Kepler-149,160.0191598,0.5642,0.0,,0.38183668,,306.0,2.08,5376.0,0.934,0.94,,0.28,,Transit,2014.0,89.64,MiniNeptune
Kepler-152 c,Kepler-152,88.2553544,0.3658,0.0,,0.2283883,,335.0,2.97,5262.0,0.846,0.761,,-0.14,,Transit,2014.0,89.95,MiniNeptune
Kepler-694 b,Kepler-694,6.365839713,0.0659,0.0,,0.21768259,,914.0,165.33,5776.0,0.939,0.849,,-0.18,,Transit,2016.0,87.92,DesertWorld
Kepler-176 b,Kepler-176,5.43312169,0.0568,0.0,,0.12579199,,906.0,159.51,5229.0,0.826,0.877,,0.07,,Transit,2014.0,89.95,DesertWorld
Kepler-177 b,Kepler-177,36.8567758,0.2184,0.0,,0.239094,,549.0,21.4,5768.0,1.021,1.015,,0.14,,Transit,2013.0,89.93,MiniNeptune
Kepler-693 b,Kepler-693,15.37562369,0.1121,0.0,,0.9822481,,600.0,30.54,4986.0,0.793,0.833,,0.16,,Transit,2016.0,88.73,GasGiant
Kepler-1988 b,Kepler-1988,11.49499722,0.1142,0.0,,0.23106472,,1394.0,893.54,6036.0,1.502,3.132,,-0.1,,Transit,2023.0,80.21,MiniNeptune
Kepler-178 d,Kepler-178,96.6781926,0.3926,0.0,,0.30600463,,408.0,6.54,5675.0,0.861,1.042,,-0.18,,Transit,2014.0,89.95,MiniNeptune
Kepler-632 b,Kepler-632,30.99664113,0.1885,0.0,,0.21679045,,500.0,14.72,5324.0,0.928,0.853,,0.21,,Transit,2016.0,89.14,SuperEarth
Kepler-181 b,Kepler-181,3.137848829,0.0395,0.0,,0.11865486,,1031.0,266.89,5324.0,0.84,0.761,,-0.18,,Transit,2014.0,88.81,DesertWorld
TOI-4633 c,TOI-4633,271.9445,0.847,0.117,0.38700128,0.28548537,,,1.56,5800.0,1.1,1.05,,,G V,Transit,2024.0,89.888,GasGiant
TOI-4641 b,TOI-4641,22.09341,0.173,0.074,3.87,0.73,,,,6560.0,1.41,1.72,0.69461,-0.09,,Transit,2023.0,87.9,GasGiant
Kepler-237 c,Kepler-237,8.10363271,0.0712,0.0,,0.18824192,,687.0,52.82,4861.0,0.733,0.732,,-0.08,,Transit,2014.0,89.87,SuperEarth
TOI-4504 b,TOI-4504,2.42614,0.03392,0.0,,0.24007535,,,,5315.0,0.89,0.92,-0.20761,0.16,K1 V,Transit,2024.0,87.4,MiniNeptune
Kepler-1442 b,Kepler-1442,81.4160138,0.4039,0.0,,0.41306164,,522.0,17.53,6352.0,1.323,1.401,,0.32,,Transit,2016.0,87.53,MiniNeptune
Kepler-164 d,Kepler-164,28.9868326,0.1897,0.0,,0.21946688,,687.0,52.56,6353.0,1.076,1.139,,-0.14,,Transit,2014.0,89.95,SuperEarth
Kepler-168 b,Kepler-168,4.42534621,0.0543,0.0,,0.13738983,,1252.0,580.32,6251.0,1.089,1.119,,-0.06,,Transit,2014.0,89.38,DesertWorld
TOI-4559 b,TOI-4559,3.965991,0.0359,,,0.12623806,,554.16,15.77,3558.0,0.392,0.374,-1.6925,-0.09,,Transit,2024.0,88.64,EarthLike
Kepler-1452 b,Kepler-1452,42.913751,0.2457,0.0,,0.14541911,,604.0,31.37,6148.0,1.07,1.217,,-0.04,,Transit,2016.0,89.95,EarthLike
Kepler-84 c,Kepler-84,12.88296485,0.1078,0.0,,0.26228968,,819.0,106.21,6028.0,1.005,1.022,,-0.14,,Transit,2012.0,81.36,MiniNeptune
Kepler-1451 b,Kepler-1451,35.622233,0.2097,0.0,,0.25872112,,521.0,17.42,5796.0,0.966,0.871,,-0.12,,Transit,2016.0,88.24,MiniNeptune
Kepler-509 b,Kepler-509,41.74600392,0.2412,0.0,,0.21589831,,585.0,27.66,5982.0,1.076,1.185,,-0.02,,Transit,2016.0,89.95,SuperEarth
Kepler-150 c,Kepler-150,7.381977254,0.0733,0.0,,0.33009246,,922.0,170.48,5862.0,0.963,0.931,,-0.14,,Transit,2014.0,88.24,MiniNeptune
Kepler-1756 b,Kepler-1756,2.355746434,0.0313,0.0,,0.119547,,1083.0,325.79,4962.0,0.738,0.767,,-0.08,,Transit,2021.0,88.81,DesertWorld
Kepler-309 c,Kepler-309,105.3585964,0.349,0.0,,0.18645763,,203.0,0.4,3880.0,0.51,0.49,,-0.28,,Transit,2014.0,89.38,SuperEarth
Kepler-306 b,Kepler-306,4.64621076,0.0521,0.0,,0.1623698,,930.0,177.15,5219.0,0.871,0.851,,0.16,,Transit,2014.0,89.38,DesertWorld
Kepler-297 c,Kepler-297,74.92771752,0.3532,0.0,,0.6726749,,466.0,11.1,6150.0,1.04,1.04,,-0.12,,Transit,2014.0,89.38,GasGiant
Kepler-1453 b,Kepler-1453,47.1607932,0.262,0.0,,0.23017258,,503.0,15.07,5936.0,1.075,0.965,,0.07,,Transit,2016.0,89.98,MiniNeptune
Kepler-1669 b,Kepler-1669,9.51220046,0.0745,0.0,,0.17753621,,530.0,18.66,4224.0,0.609,0.603,,-0.2,,Transit,2020.0,89.7,SuperEarth
Kepler-1914 b,Kepler-1914,30.8277926,0.1954,0.0,,0.24623113,,585.0,27.66,5982.0,1.047,0.96,,-0.04,,Transit,2021.0,89.95,MiniNeptune
Kepler-302 b,Kepler-302,30.1836854,0.1878,0.0,,0.25693683,,568.0,24.6,5938.0,0.966,0.883,,-0.24,,Transit,2014.0,89.95,MiniNeptune
Kepler-1986 b,Kepler-1986,19.5489666,0.1307,0.0,,0.1686148,,579.0,26.62,5549.0,0.776,0.732,,-0.54,,Transit,2023.0,89.05,SuperEarth
Kepler-65 b,Kepler-65,2.154909039,0.0354,0.0,,0.13382127,,1726.0,2097.4,6169.0,1.273,1.424,,0.09,,Transit,2012.0,80.79,DesertWorld
Kepler-121 c,Kepler-121,41.0081183,0.2138,0.0,,0.23998614,,430.0,8.08,5316.0,0.774,0.719,,-0.38,,Transit,2014.0,88.81,MiniNeptune
Kepler-1449 b,Kepler-1449,13.2274528,0.1176,0.0,,0.15344839,,867.0,133.34,6269.0,1.237,1.155,,0.21,,Transit,2016.0,89.95,DesertWorld
Kepler-449 c,Kepler-449,33.67276962,0.2018,0.0,,0.1686148,,665.0,46.12,5588.0,0.969,1.467,,-0.1,,Transit,2015.0,89.95,SuperEarth
Kepler-1448 b,Kepler-1448,12.27065865,0.1058,0.0,,0.15434053,,811.0,102.25,6075.0,1.048,0.969,,-0.12,,Transit,2016.0,89.95,DesertWorld
Kepler-450 c,Kepler-450,15.41308581,0.1332,0.0,,0.2221433,,941.0,185.51,6215.0,1.346,1.57,,0.28,,Transit,2015.0,88.81,DesertWorld
Kepler-1447 b,Kepler-1447,56.6747285,0.2919,0.0,,0.25336827,,468.0,11.32,5910.0,1.032,0.94,,-0.02,,Transit,2016.0,89.95,MiniNeptune
Kepler-130 b,Kepler-130,8.45744892,0.0799,0.0,,0.09099846,,982.0,220.05,5903.0,0.95,1.137,,-0.16,,Transit,2014.0,88.36,DesertWorld
Kepler-580 b,Kepler-580,8.222419656,0.0665,0.0,,0.20340833,,512.0,16.3,4003.0,0.58,0.56,,-0.13,,Transit,2016.0,88.24,SuperEarth
Kepler-1913 b,Kepler-1913,14.19593863,0.1191,0.0,,0.15969338,,835.0,115.02,6202.0,1.113,1.11,,0.0,,Transit,2021.0,89.38,DesertWorld
Kepler-466 c,Kepler-466,3.709213846,0.046,0.0,,0.11062558,,1236.0,552.21,5803.0,0.943,1.073,,-0.08,,Transit,2016.0,88.81,DesertWorld
Kepler-23 d,Kepler-23,15.27438229,0.1235,0.0,,0.20340833,,910.0,162.22,5828.0,1.078,1.548,,-0.05,,Transit,2014.0,89.38,DesertWorld
Kepler-1450 b,Kepler-1450,54.5094166,0.2392,0.0,,0.13828198,,310.0,2.19,4405.0,0.615,0.61,,-0.34,,Transit,2016.0,89.95,EarthLike
Kepler-119 c,Kepler-119,4.12512093,0.0489,0.0,,0.08029276,,1017.0,252.62,5588.0,0.914,0.832,,-0.1,,Transit,2014.0,88.81,DesertWorld
Kepler-1074 b,Kepler-1074,5.94565516,0.0536,0.0,,0.09991988,,568.0,24.71,3974.0,0.581,0.564,,-0.06,,Transit,2016.0,89.37,EarthLike
Kepler-684 b,Kepler-684,6.770302008,0.064,0.0,,0.23730971,,813.0,103.21,5666.0,0.765,0.677,,-0.86,,Transit,2016.0,88.81,MiniNeptune
Kepler-1233 b,Kepler-1233,45.1263042,0.2627,0.0,,0.21054546,,604.0,31.41,6505.0,1.185,1.163,,-0.12,,Transit,2016.0,89.95,SuperEarth
Kepler-143 c,Kepler-143,27.08247084,0.1759,0.0,,0.21054546,,644.0,40.58,6010.0,0.987,1.037,,-0.16,,Transit,2014.0,88.24,SuperEarth
Kepler-1234 b,Kepler-1234,11.94014029,0.0963,0.0,,0.25604469,,634.0,38.26,5072.0,0.835,0.774,,0.07,,Transit,2016.0,84.8,MiniNeptune
Kepler-1215 b,Kepler-1215,4.76702759,0.0528,0.0,,0.10616487,,1046.0,282.97,5629.0,0.864,0.937,,-0.16,,Transit,2016.0,89.76,DesertWorld
Kepler-415 b,Kepler-415,4.17634525,0.0446,0.0,,0.14363483,,758.0,77.85,4523.0,0.674,0.643,,-0.18,,Transit Timing Variations,2014.0,88.24,EarthLike
Kepler-1232 b,Kepler-1232,26.7839183,0.1701,0.0,,0.18913406,,583.0,27.36,5495.0,0.912,0.985,,0.12,,Transit,2016.0,89.38,SuperEarth
Kepler-1231 b,Kepler-1231,10.41725184,0.0936,0.0,,0.11508629,,808.0,100.89,5851.0,1.007,0.918,,-0.04,,Transit,2016.0,89.95,DesertWorld
Kepler-1802 b,Kepler-1802,7.72515184,0.0653,0.0,,0.11062558,,557.0,22.81,4141.0,0.619,0.608,,-0.04,,Transit,2021.0,89.38,EarthLike
Kepler-151 c,Kepler-151,24.67464211,0.1586,0.0,,0.18645763,,547.0,21.16,5460.0,0.874,0.818,,-0.1,,Transit,2014.0,89.95,SuperEarth
Kepler-1802 c,Kepler-1802,33.1364259,0.1723,0.0,,0.16772265,,343.0,3.28,4141.0,0.619,0.608,,-0.04,,Transit,2021.0,89.38,SuperEarth
Kepler-132 d,Kepler-132,18.01017554,0.1308,0.0,,0.12579199,,738.0,70.21,5921.0,0.919,1.045,,-0.26,,Transit,2014.0,89.95,EarthLike
Kepler-1684 b,Kepler-1684,47.7054612,0.2259,0.0,,0.32295532,,341.0,3.2,4505.0,0.672,0.666,,-0.1,,Transit,2020.0,87.66,MiniNeptune
Kepler-1837 b,Kepler-1837,5.90608902,0.065,0.0,,0.1579091,,1012.0,247.83,5966.0,1.049,0.961,,-0.02,,Transit,2021.0,89.93,DesertWorld
Kepler-370 b,Kepler-370,4.57950946,0.0534,0.0,,0.11597843,,1043.0,279.82,5845.0,0.968,0.874,,-0.16,,Transit,2014.0,89.95,DesertWorld
Kepler-1836 b,Kepler-1836,5.25419736,0.0602,0.0,,0.19181048,,1094.0,338.15,6123.0,1.053,0.987,,-0.14,,Transit,2021.0,88.81,DesertWorld
Kepler-373 c,Kepler-373,16.726052,0.1238,0.0,,0.1025963,,665.0,46.3,5783.0,0.904,0.842,,-0.28,,Transit,2014.0,89.38,EarthLike
Kepler-131 b,Kepler-131,16.09197176,0.1277,0.0,,0.17664407,,700.0,56.65,5791.0,1.071,0.958,,0.21,,Transit,2014.0,89.95,SuperEarth
Kepler-369 b,Kepler-369,2.732766619,0.0289,0.0,,0.08921418,,597.0,29.95,3591.0,0.43,0.41,,-0.1,,Transit,2014.0,89.38,EarthLike
Kepler-1230 b,Kepler-1230,9.95667035,0.0921,0.0,,0.30422035,,946.0,189.48,6165.0,1.048,1.115,,-0.08,,Transit,2016.0,83.62,MiniNeptune
Kepler-1229 b,Kepler-1229,86.829519,0.3013,0.0,,0.14987982,,196.0,0.35,3576.0,0.482,0.463,,0.16,,Transit,2016.0,88.47,EarthLike
Kepler-1235 b,Kepler-1235,4.16055856,0.049,0.0,,0.06066564,,986.0,223.59,5492.0,0.911,0.812,,-0.08,,Transit,2016.0,89.38,DesertWorld
Kepler-386 c,Kepler-386,25.1934467,0.1541,0.0,,0.15880124,,502.0,15.07,5177.0,0.77,0.746,,-0.22,,Transit,2014.0,89.95,EarthLike
KOI-351 h,KOI-351,331.6011081,0.9279,0.0,,0.89303392,,293.0,1.75,6238.0,0.967,1.054,,-0.4,,Transit,2013.0,89.95,GasGiant
Kepler-1240 b,Kepler-1240,4.86638504,0.0557,0.0,,0.11776272,,1121.0,372.7,5688.0,0.969,1.111,,0.1,,Transit,2016.0,89.38,DesertWorld
Kepler-1239 b,Kepler-1239,5.19103699,0.0625,0.0,,0.17129122,,1183.0,462.91,6321.0,1.207,1.125,,0.07,,Transit,2016.0,89.3,DesertWorld
Kepler-1238 b,Kepler-1238,4.14787559,0.0546,0.0,,0.14006626,,1309.0,694.82,6337.0,1.26,1.198,,0.21,,Transit,2016.0,89.38,DesertWorld
Kepler-99 b,Kepler-99,4.603578042,0.0492,0.0,,0.16772265,,822.0,107.66,4723.0,0.748,0.765,,0.16,,Transit,2014.0,84.22,DesertWorld
Kepler-1241 b,Kepler-1241,18.5525162,0.1336,0.0,,0.22571187,,612.0,33.14,5569.0,0.928,0.829,,-0.08,,Transit,2016.0,87.94,MiniNeptune
Kepler-364 b,Kepler-364,25.7457529,0.1812,0.0,,0.12936056,,728.0,66.29,6484.0,1.195,1.173,,-0.08,,Transit,2014.0,89.38,EarthLike
Kepler-387 b,Kepler-387,6.79164786,0.0712,0.0,,0.09635131,,1073.0,313.08,6303.0,1.038,1.06,,-0.24,,Transit,2014.0,88.81,DesertWorld
Kepler-272 b,Kepler-272,2.9713641,0.0372,0.0,,0.11865486,,1117.0,367.82,5300.0,0.776,0.849,,-0.16,,Transit,2014.0,88.81,DesertWorld
Kepler-366 c,Kepler-366,12.51618164,0.1089,0.0,,0.15969338,,844.0,119.76,6210.0,1.093,1.033,,-0.1,,Transit,2014.0,89.38,DesertWorld
Kepler-1130 d,Kepler-1130,4.27225316,0.0507,0.0,,0.05798922,,993.0,229.76,5406.0,0.947,0.879,,0.2,,Transit,2021.0,87.66,DesertWorld
Kepler-518 b,Kepler-518,8.512035877,0.0861,0.0,,0.3907581,,1252.0,580.47,6164.0,1.173,1.825,,-0.1,,Transit,2016.0,89.95,MiniNeptune
Kepler-385 c,Kepler-385,15.1622735,0.1236,0.0,,0.29440679,,850.0,123.31,6308.0,1.09,1.153,,-0.08,,Transit,2014.0,80.79,MiniNeptune
Kepler-1236 b,Kepler-1236,31.0571618,0.1799,0.0,,0.17129122,,487.0,13.3,5422.0,0.805,0.746,,-0.34,,Transit,2016.0,89.38,SuperEarth
Kepler-367 c,Kepler-367,53.5783052,0.2543,0.0,,0.10348845,,357.0,3.82,4856.0,0.79,0.705,,0.0,,Transit,2014.0,89.16,EarthLike
Kepler-1237 b,Kepler-1237,84.5733346,0.3778,0.0,,0.23106472,,366.0,4.26,5418.0,1.005,0.888,,0.36,,Transit,2016.0,89.99,MiniNeptune
Kepler-549 b,Kepler-549,42.9495649,0.2264,0.0,,0.23730971,,469.0,11.43,5467.0,0.839,0.856,,-0.14,,Transit,2016.0,89.95,MiniNeptune
Kepler-1130 c,Kepler-1130,3.266612036,0.0424,0.0,,0.05888136,,1086.0,328.52,5406.0,0.947,0.879,,0.2,,Transit,2021.0,88.81,DesertWorld
Kepler-1834 b,Kepler-1834,4.602996,0.0485,0.0,,0.11240986,,821.0,107.25,4894.0,0.716,0.701,,-0.22,,Transit,2021.0,88.81,DesertWorld
Kepler-1220 b,Kepler-1220,7.42693741,0.0685,0.0,,0.12222342,,923.0,171.3,5745.0,0.778,0.908,,-0.52,,Transit,2016.0,89.95,DesertWorld
Kepler-535 b,Kepler-535,4.903321801,0.0594,0.0,,0.2114376,,1247.0,570.65,6045.0,1.166,1.298,,0.16,,Transit,2016.0,89.93,DesertWorld
Kepler-1219 b,Kepler-1219,16.10474503,0.1418,0.0,,0.28637751,,1159.0,425.93,5822.0,1.464,2.886,,0.06,,Transit,2016.0,89.4,MiniNeptune
Kepler-381 d,Kepler-381,8.2562857,0.085,0.0,,0.13292913,,1387.0,874.56,6197.0,1.198,2.188,,-0.32,,Transit,2021.0,87.44,DesertWorld
Kepler-1218 b,Kepler-1218,22.9221181,0.1564,0.0,,0.11865486,,684.0,51.7,5897.0,0.97,1.081,,-0.1,,Transit,2016.0,88.01,EarthLike
Kepler-145 b,Kepler-145,22.95068896,0.1732,0.0,,0.19627119,,886.0,145.5,6144.0,1.319,1.85,,0.13,,Transit,2013.0,89.38,DesertWorld
Kepler-1221 b,Kepler-1221,12.00096042,0.0906,0.0,,0.14363483,,632.0,37.81,5195.0,0.688,0.69,,-0.56,,Transit,2016.0,88.24,EarthLike
Kepler-380 c,Kepler-380,7.63006848,0.0756,0.0,,0.11151772,,1015.0,251.3,6043.0,0.987,1.097,,-0.16,,Transit,2014.0,89.38,DesertWorld
Kepler-381 b,Kepler-381,5.62902579,0.0672,0.0,,0.11687057,,1599.0,1544.99,6550.0,1.274,2.058,,-0.28,,Transit,2014.0,87.66,DesertWorld
Kepler-1987 c,Kepler-1987,3.64829642,0.0427,0.0,,0.13114484,,866.0,132.79,4750.0,0.778,0.729,,0.12,,Transit,2023.0,87.09,DesertWorld
Kepler-144 c,Kepler-144,10.10463142,0.0937,0.0,,0.14185054,,1046.0,283.38,6070.0,1.072,1.431,,-0.08,,Transit,2014.0,88.79,DesertWorld
Kepler-382 c,Kepler-382,12.16281552,0.0958,0.0,,0.14987982,,771.0,83.48,5594.0,0.793,0.935,,-0.32,,Transit,2014.0,89.95,EarthLike
Kepler-1216 b,Kepler-1216,4.37033233,0.0519,0.0,,0.13917412,,1191.0,475.39,5657.0,0.975,1.182,,0.14,,Transit,2016.0,89.55,DesertWorld
Kepler-135 b,Kepler-135,6.002548291,0.0697,0.0,,0.20786903,,1209.0,504.79,6204.0,1.257,1.36,,0.26,,Transit,2014.0,79.39,DesertWorld
Kepler-516 b,Kepler-516,24.85462415,0.1887,0.0,,0.44339446,,933.0,178.98,6956.0,1.451,1.744,,-0.06,,Transit,2016.0,88.24,MiniNeptune
Kepler-1208 b,Kepler-1208,11.08507637,0.0901,0.0,,0.21589831,,665.0,46.17,5080.0,0.792,0.793,,0.0,,Transit,2016.0,89.95,SuperEarth
Kepler-1217 b,Kepler-1217,2.032325072,0.0326,0.0,,0.17039908,,1541.0,1333.35,6156.0,1.114,1.05,,0.0,,Transit,2016.0,88.81,DesertWorld
Kepler-147 b,Kepler-147,12.6109708,0.1095,0.0,,0.11508629,,899.0,154.6,6010.0,1.1,1.26,,0.08,,Transit,2014.0,88.24,DesertWorld
Kepler-1835 b,Kepler-1835,11.96721766,0.0997,0.0,,0.24355471,,808.0,100.96,5903.0,0.922,0.961,,-0.26,,Transit,2021.0,89.95,MiniNeptune
Kepler-1228 b,Kepler-1228,0.577369579,0.0124,0.0,,0.13114484,,1768.0,2309.17,5256.0,0.769,0.721,,-0.34,,Transit,2016.0,89.38,DesertWorld
Kepler-374 b,Kepler-374,1.897834018,0.0289,0.0,,0.09278275,,1471.0,1106.24,5975.0,0.891,0.9,,-0.44,,Transit,2014.0,88.81,DesertWorld
Kepler-1227 b,Kepler-1227,94.2887577,0.3816,0.0,,0.19270262,,393.0,5.64,5799.0,0.833,0.901,,-0.42,,Transit,2016.0,89.95,SuperEarth
Kepler-375 b,Kepler-375,12.12580644,0.1007,0.0,,0.22303545,,851.0,123.78,5500.0,0.922,1.238,,0.14,,Transit,2014.0,87.38,DesertWorld
Kepler-1226 b,Kepler-1226,17.2922631,0.1361,0.0,,0.1900262,,809.0,101.22,5936.0,1.122,1.299,,0.14,,Transit,2016.0,85.04,DesertWorld
Kepler-383 b,Kepler-383,12.90467523,0.0962,0.0,,0.13292913,,545.0,20.91,4513.0,0.712,0.722,,0.16,,Transit,2014.0,88.77,EarthLike
Kepler-384 b,Kepler-384,22.5968256,0.1505,0.0,,0.11597843,,670.0,47.7,5610.0,0.889,1.104,,-0.04,,Transit,2014.0,89.87,EarthLike
Kepler-374 d,Kepler-374,5.02818614,0.0553,0.0,,0.11508629,,1063.0,302.13,5975.0,0.891,0.9,,-0.44,,Transit,2014.0,85.94,DesertWorld
Kepler-1222 b,Kepler-1222,1.916944254,0.0274,0.0,,0.06155778,,1134.0,390.29,5166.0,0.752,0.678,,-0.42,,Transit,2016.0,88.81,DesertWorld
Kepler-376 b,Kepler-376,4.92031217,0.0557,0.0,,0.08475347,,1143.0,404.08,5906.0,0.95,1.073,,-0.16,,Transit,2014.0,88.81,DesertWorld
Kepler-1224 b,Kepler-1224,13.32351601,0.1108,0.0,,0.09902774,,852.0,124.69,6282.0,1.015,1.048,,-0.28,,Transit,2016.0,89.38,DesertWorld
Kepler-1223 b,Kepler-1223,16.301259,0.1187,0.0,,0.11687057,,557.0,22.67,4875.0,0.838,0.795,,0.32,,Transit,2016.0,89.38,EarthLike
Kepler-377 b,Kepler-377,12.5094525,0.1031,0.0,,0.10348845,,810.0,101.51,6167.0,0.933,0.913,,-0.5,,Transit,2014.0,89.38,DesertWorld
Kepler-1225 b,Kepler-1225,7.01075434,0.0738,0.0,,0.14006626,,1046.0,283.48,6341.0,1.083,1.033,,-0.24,,Transit,2016.0,89.38,DesertWorld
Kepler-534 b,Kepler-534,15.95995611,0.1272,0.0,,0.20251618,,721.0,63.95,5936.0,1.075,0.965,,0.07,,Transit,2016.0,88.78,SuperEarth
Kepler-510 b,Kepler-510,19.55659418,0.1371,0.0,,0.22571187,,794.0,94.03,5622.0,0.884,1.406,,-0.4,,Transit,2016.0,87.66,MiniNeptune
Kepler-1257 b,Kepler-1257,2.668313762,0.0376,0.0,,0.13828198,,1252.0,581.38,5806.0,0.996,0.899,,-0.04,,Transit,2016.0,88.24,DesertWorld
Kepler-353 b,Kepler-353,5.79529495,0.0519,0.0,,0.09367489,,534.0,19.23,3757.0,0.552,0.539,,0.18,,Transit,2014.0,87.11,EarthLike
Kepler-1845 b,Kepler-1845,11.60656196,0.0921,0.0,,0.19716333,,606.0,31.92,4960.0,0.786,0.707,,-0.16,,Transit,2021.0,89.38,SuperEarth
Kepler-1844 b,Kepler-1844,3.92453009,0.0478,0.0,,0.1623698,,1074.0,314.25,5776.0,0.939,0.849,,-0.18,,Transit,2021.0,89.22,DesertWorld
Kepler-1256 b,Kepler-1256,12.4127754,0.1097,0.0,,0.12489985,,972.0,211.28,6453.0,1.141,1.28,,-0.18,,Transit,2016.0,87.66,DesertWorld
Kepler-1664 b,Kepler-1664,14.3868109,0.1189,0.0,,0.24533899,,810.0,101.7,5914.0,1.081,1.146,,0.16,,Transit,2020.0,89.95,MiniNeptune
Kepler-1258 b,Kepler-1258,0.984940167,0.0194,0.0,,0.07493991,,1846.0,2743.96,6060.0,1.008,0.925,,-0.22,,Transit,2016.0,88.81,LavaWorld
Kepler-352 b,Kepler-352,10.05545337,0.0856,0.0,,0.07940062,,685.0,51.99,5238.0,0.836,0.752,,-0.16,,Transit,2014.0,89.95,EarthLike
Kepler-1260 b,Kepler-1260,19.1187753,0.1305,0.0,,0.12936056,,673.0,48.51,5923.0,0.809,0.866,,-0.64,,Transit,2016.0,86.52,EarthLike
Kepler-267 d,Kepler-267,28.46462622,0.1439,0.0,,0.1793205,,303.0,2.01,3807.0,0.49,0.47,,-0.26,,Transit,2014.0,89.95,SuperEarth
Kepler-1259 b,Kepler-1259,0.663085258,0.0142,0.0,,0.13203698,,1701.0,1977.89,5166.0,0.871,0.791,,0.1,,Transit,2016.0,86.52,DesertWorld
Kepler-163 b,Kepler-163,7.81104673,0.0771,0.0,,0.09367489,,870.0,135.66,5772.0,0.999,0.901,,0.0,,Transit,2014.0,89.38,DesertWorld
Kepler-85 d,Kepler-85,17.9133739,0.1328,0.0,,0.11330201,,644.0,40.59,5695.0,0.971,0.872,,-0.02,,Transit,2014.0,89.38,EarthLike
Kepler-85 e,Kepler-85,25.2149143,0.1607,0.0,,0.10616487,,559.0,23.05,5435.0,0.87,0.873,,-0.02,,Transit,2014.0,88.74,EarthLike
Kepler-118 b,Kepler-118,7.51849479,0.0715,0.0,,0.14898768,,861.0,129.65,5275.0,0.86,0.978,,0.2,,Transit,2014.0,89.38,DesertWorld
Kepler-1254 b,Kepler-1254,9.99113313,0.084,0.0,,0.13738983,,679.0,50.21,5130.0,0.79,0.756,,-0.12,,Transit,2016.0,89.38,EarthLike
Kepler-354 d,Kepler-354,24.2102171,0.1459,0.0,,0.13114484,,451.0,9.8,4650.0,0.704,0.706,,-0.04,,Transit,2014.0,89.38,EarthLike
Kepler-137 c,Kepler-137,18.73577127,0.1289,0.0,,0.18734977,,568.0,24.66,5188.0,0.814,0.795,,-0.04,,Transit,2014.0,88.55,SuperEarth
Kepler-85 c,Kepler-85,12.51366754,0.1046,0.0,,0.17129122,,725.0,65.43,5695.0,0.971,0.872,,-0.02,,Transit,2012.0,87.66,SuperEarth
Kepler-1255 b,Kepler-1255,36.2919336,0.2171,0.0,,0.18021264,,572.0,25.33,6168.0,1.034,0.96,,-0.24,,Transit,2016.0,89.38,SuperEarth
Kepler-1263 b,Kepler-1263,4.55139967,0.051,0.0,,0.10170416,,920.0,169.0,5310.0,0.853,0.786,,-0.08,,Transit,2016.0,85.94,DesertWorld
Kepler-1847 b,Kepler-1847,11.1296971,0.0989,0.0,,0.17218336,,843.0,119.44,6122.0,1.041,0.964,,-0.18,,Transit,2021.0,88.66,DesertWorld
Kepler-349 c,Kepler-349,12.2476121,0.1052,0.0,,0.16950694,,763.0,80.29,5741.0,1.035,0.956,,0.16,,Transit,2014.0,89.77,SuperEarth
Kepler-1262 b,Kepler-1262,8.67900242,0.0829,0.0,,0.17039908,,954.0,195.43,6112.0,1.006,1.037,,-0.2,,Transit,2016.0,89.38,DesertWorld
Kepler-139 b,Kepler-139,15.77111583,0.1249,0.0,,0.24355471,,768.0,82.18,5616.0,1.044,1.2,,0.4,,Transit,2014.0,89.95,MiniNeptune
Kepler-350 d,Kepler-350,26.1363511,0.1723,0.0,,0.21946688,,738.0,70.03,6217.0,0.997,1.247,,-0.32,,Transit,2013.0,89.38,SuperEarth
Kepler-1050 c,Kepler-1050,21.1284569,0.1516,0.0,,0.12489985,,707.0,59.12,6086.0,1.037,1.052,,-0.08,,Transit,2016.0,89.95,EarthLike
Kepler-522 b,Kepler-522,38.58422849,0.2425,0.0,,0.42465949,,652.0,42.78,6267.0,1.279,1.35,,0.28,,Transit,2016.0,89.95,MiniNeptune
Kepler-346 c,Kepler-346,23.85163032,0.1658,0.0,,0.29440679,,654.0,43.19,6032.0,1.065,1.001,,-0.02,,Transit,2014.0,89.38,MiniNeptune
KOI-2513.01,KOI-2513,19.00547,0.5,0.36,23.0,0.25,2000.0,,,5900.0,0.91,1.2,,-0.37,,Transit,2023.0,89.7,GasGiant
Kepler-1261 b,Kepler-1261,48.4313003,0.239,0.0,,0.24801541,,396.0,5.81,4891.0,0.776,0.805,,0.16,,Transit,2016.0,89.11,MiniNeptune
Kepler-351 b,Kepler-351,37.0548569,0.2112,0.0,,0.24444685,,497.0,14.42,5646.0,0.914,0.841,,-0.14,,Transit,2014.0,89.95,MiniNeptune
Kepler-1716 b,Kepler-1716,35.58355458,0.1855,0.0,,0.20519261,,403.0,6.22,4741.0,0.671,0.688,,-0.24,,Transit,2021.0,89.38,SuperEarth
Kepler-164 e,Kepler-164,94.885768,0.4182,0.0,,0.33812173,,462.0,10.81,6353.0,1.076,1.139,,-0.14,,Transit,2023.0,88.81,MiniNeptune
Kepler-350 b,Kepler-350,11.18961,0.0979,0.0,,0.13382127,,979.0,216.92,6217.0,0.997,1.247,,-0.32,,Transit,2014.0,88.24,DesertWorld
Kepler-390 b,Kepler-390,6.73811219,0.0647,0.0,,0.06958706,,786.0,90.19,5168.0,0.793,0.769,,-0.12,,Transit,2014.0,89.95,EarthLike
Kepler-1685 b,Kepler-1685,20.4904029,0.1485,0.0,,0.27388753,,625.0,36.01,5681.0,1.038,0.923,,0.21,,Transit,2020.0,86.52,MiniNeptune
Kepler-1846 b,Kepler-1846,14.8200454,0.1087,0.0,,0.08832204,,556.0,22.67,4832.0,0.779,0.741,,0.08,,Transit,2021.0,89.38,EarthLike
Kepler-1253 b,Kepler-1253,68.8861915,0.3094,0.0,,0.11151772,,478.0,12.34,5995.0,0.832,1.011,,-0.58,,Transit,2016.0,89.38,EarthLike
Kepler-359 b,Kepler-359,25.5638576,0.1753,0.0,,0.3416903,,665.0,46.22,6210.0,1.093,1.033,,-0.1,,Transit,2014.0,88.81,MiniNeptune
Kepler-520 b,Kepler-520,19.67409703,0.144,0.0,,0.15880124,,711.0,60.37,6023.0,1.027,1.031,,-0.08,,Transit,2016.0,87.05,EarthLike
Kepler-1247 b,Kepler-1247,13.71218522,0.1091,0.0,,0.22035902,,676.0,49.26,5550.0,0.923,0.831,,-0.06,,Transit,2016.0,88.82,SuperEarth
Kepler-360 c,Kepler-360,7.1864526,0.0735,0.0,,0.18824192,,998.0,234.86,6052.0,1.022,1.028,,-0.12,,Transit,2014.0,89.95,DesertWorld
Kepler-1246 b,Kepler-1246,11.32271513,0.0848,0.0,,0.10973344,,554.0,22.24,4563.0,0.634,0.642,,-0.32,,Transit,2016.0,87.09,EarthLike
Kepler-1245 b,Kepler-1245,4.35409304,0.0484,0.0,,0.13917412,,1043.0,279.53,5455.0,0.795,0.909,,-0.2,,Transit,2016.0,89.38,DesertWorld
Kepler-60 d,Kepler-60,11.8984932,0.1055,0.0,,0.15701695,,1013.0,249.12,6200.0,1.105,1.448,,-0.1,,Transit,2012.0,88.81,DesertWorld
Kepler-388 b,Kepler-388,3.17323306,0.0362,0.0,,0.0811849,,830.0,112.21,4500.0,0.626,0.633,,-0.32,,Transit,2014.0,88.81,DesertWorld
Kepler-1248 b,Kepler-1248,7.46725407,0.0779,0.0,,0.10348845,,1060.0,298.42,6045.0,1.134,1.231,,0.12,,Transit,2016.0,85.94,DesertWorld
Kepler-1838 b,Kepler-1838,12.14692791,0.1063,0.0,,0.10170416,,911.0,162.84,6006.0,1.082,1.257,,0.06,,Transit,2021.0,85.94,DesertWorld
Kepler-60 c,Kepler-60,8.91902447,0.0871,0.0,,0.18824192,,1115.0,365.49,6200.0,1.105,1.448,,-0.1,,Transit,2012.0,87.09,DesertWorld
Kepler-519 b,Kepler-519,24.30784323,0.1594,0.0,,0.19091834,,532.0,18.87,5313.0,0.913,0.82,,0.12,,Transit,2016.0,89.63,SuperEarth
Kepler-363 c,Kepler-363,7.54235832,0.0794,0.0,,0.14185054,,1054.0,292.19,5711.0,1.173,1.391,,0.48,,Transit,2014.0,88.44,DesertWorld
Kepler-363 b,Kepler-363,3.61460279,0.0487,0.0,,0.10170416,,1347.0,776.7,5711.0,1.173,1.391,,0.48,,Transit,2014.0,86.02,DesertWorld
Kepler-1243 b,Kepler-1243,16.8320729,0.1243,0.0,,0.14631125,,685.0,51.96,5772.0,0.903,0.899,,-0.22,,Transit,2016.0,88.81,EarthLike
Kepler-1242 b,Kepler-1242,13.62798432,0.1039,0.0,,0.232849,,639.0,39.48,5052.0,0.805,0.855,,0.16,,Transit,2016.0,89.38,MiniNeptune
Kepler-155 c,Kepler-155,52.6615836,0.2267,0.0,,0.15701695,,271.0,1.28,3985.0,0.56,0.54,,-0.22,,Transit,2014.0,89.95,EarthLike
Kepler-417 b,Kepler-417,12.33090437,0.1006,0.0,,0.2221433,,671.0,47.99,5376.0,0.897,0.806,,-0.02,,Transit Timing Variations,2014.0,89.38,SuperEarth
Kepler-1244 b,Kepler-1244,3.70428172,0.049,0.0,,0.1025963,,1633.0,1682.01,6728.0,1.143,1.484,,-0.44,,Transit,2016.0,89.38,DesertWorld
Kepler-1839 b,Kepler-1839,5.05661302,0.0583,0.0,,0.1025963,,1049.0,286.32,5926.0,1.03,0.939,,-0.04,,Transit,2021.0,85.55,DesertWorld
Kepler-356 b,Kepler-356,4.61268045,0.0556,0.0,,0.11597843,,1207.0,501.53,6129.0,1.072,1.108,,-0.02,,Transit,2014.0,89.38,DesertWorld
Kepler-1843 b,Kepler-1843,25.5434289,0.166,0.0,,0.17129122,,770.0,83.04,5491.0,0.932,1.677,,-0.2,,Transit,2021.0,89.38,SuperEarth
Kepler-1842 b,Kepler-1842,14.02635723,0.116,0.0,,0.20876118,,822.0,108.07,5970.0,1.057,1.131,,0.06,,Transit,2021.0,89.95,DesertWorld
Kepler-357 b,Kepler-357,6.47538919,0.0626,0.0,,0.16950694,,804.0,98.78,5033.0,0.779,0.821,,0.06,,Transit,2014.0,89.95,DesertWorld
Kepler-161 c,Kepler-161,7.064256441,0.0672,0.0,,0.17485979,,743.0,72.02,5079.0,0.817,0.739,,-0.1,,Transit,2014.0,89.95,SuperEarth
Kepler-357 c,Kepler-357,16.85825609,0.1191,0.0,,0.22392759,,576.0,26.05,4954.0,0.791,0.828,,0.18,,Transit,2014.0,88.98,MiniNeptune
Kepler-1251 b,Kepler-1251,45.0909201,0.2478,0.0,,0.21768259,,487.0,13.27,5790.0,0.998,0.9,,-0.02,,Transit,2016.0,88.01,SuperEarth
Kepler-355 b,Kepler-355,11.0317307,0.1003,0.0,,0.13382127,,878.0,140.18,6184.0,1.1,1.038,,-0.06,,Transit,2014.0,88.24,DesertWorld
Kepler-1252 b,Kepler-1252,15.0540329,0.1078,0.0,,0.11330201,,665.0,46.3,5475.0,0.734,0.818,,-0.46,,Transit,2016.0,89.38,EarthLike
Kepler-389 b,Kepler-389,3.24416463,0.0402,0.0,,0.1409584,,1049.0,285.91,5380.0,0.823,0.785,,-0.2,,Transit,2014.0,88.81,DesertWorld
Kepler-1715 b,Kepler-1715,35.59713982,0.2193,0.0,,0.26585825,,613.0,33.49,6210.0,1.106,1.1,,-0.02,,Transit,2021.0,88.81,MiniNeptune
Kepler-1840 b,Kepler-1840,131.187711,0.4471,0.0,,0.22749615,,249.0,0.9,4696.0,0.704,0.644,,-0.3,,Transit,2021.0,89.38,MiniNeptune
Kepler-1249 b,Kepler-1249,24.3344939,0.167,0.0,,0.15523267,,647.0,41.3,6091.0,1.045,0.967,,-0.14,,Transit,2016.0,89.97,EarthLike
Kepler-358 b,Kepler-358,34.0607631,0.2079,0.0,,0.25961326,,554.0,22.32,5910.0,1.032,0.94,,-0.02,,Transit,2014.0,89.95,MiniNeptune
Kepler-1250 b,Kepler-1250,2.607543834,0.0394,0.0,,0.19537905,,1444.0,1027.73,6173.0,1.202,1.108,,0.21,,Transit,2016.0,89.38,DesertWorld
Kepler-1841 b,Kepler-1841,25.886129,0.1604,0.0,,0.1409584,,577.0,26.24,5506.0,0.821,0.906,,-0.18,,Transit,2021.0,88.24,EarthLike
Kepler-383 c,Kepler-383,31.2009333,0.1709,0.0,,0.12400771,,420.0,7.37,4710.0,0.683,0.699,,-0.16,,Transit,2014.0,89.38,EarthLike
Kepler-903 c,Kepler-903,62.9228557,0.3037,0.0,,0.19894762,,424.0,7.66,5735.0,0.941,0.854,,-0.14,,Transit,2016.0,87.09,SuperEarth
Kepler-310 b,Kepler-310,13.93072278,0.1093,0.0,,0.10794916,,714.0,61.47,5795.0,0.894,0.853,,-0.3,,Transit,2014.0,89.38,EarthLike
Kepler-129 c,Kepler-129,82.2001239,0.3988,0.0,,0.22928044,,525.0,17.96,5758.0,1.251,1.704,,0.3,,Transit,2014.0,90.0,MiniNeptune
Kepler-293 c,Kepler-293,54.1558384,0.2838,0.0,,0.34615101,,466.0,11.12,5798.0,1.038,0.941,,0.1,,Transit,2014.0,88.78,MiniNeptune
Kepler-292 e,Kepler-292,11.978822,0.0997,0.0,,0.25515255,,737.0,69.63,5513.0,0.921,0.915,,0.08,,Transit,2014.0,87.09,MiniNeptune
Kepler-311 c,Kepler-311,19.7383913,0.1416,0.0,,0.1302527,,719.0,63.07,5897.0,0.97,1.081,,-0.1,,Transit,2014.0,88.24,EarthLike
Kepler-414 b,Kepler-414,4.699652821,0.0527,0.0,,0.15523267,,1024.0,260.54,5497.0,0.884,0.941,,0.02,,Transit Timing Variations,2014.0,89.45,DesertWorld
Kepler-508 b,Kepler-508,25.30889748,0.1827,0.0,,0.21054546,,862.0,130.61,6283.0,1.269,1.768,,-0.06,,Transit,2016.0,88.24,DesertWorld
Kepler-298 c,Kepler-298,22.92884482,0.1381,0.0,,0.20162404,,436.0,8.54,4549.0,0.668,0.652,,-0.2,,Transit,2014.0,89.38,SuperEarth
Kepler-55 e,Kepler-55,4.61746693,0.0469,0.0,,0.13471341,,744.0,72.56,4505.0,0.645,0.658,,-0.2,,Transit,2014.0,87.66,EarthLike
Kepler-291 c,Kepler-291,5.70070626,0.0644,0.0,,0.18110478,,1035.0,270.62,5993.0,1.093,0.986,,0.07,,Transit,2014.0,88.15,DesertWorld
Kepler-313 c,Kepler-313,32.2752118,0.196,0.0,,0.1516641,,608.0,32.32,5900.0,0.964,1.07,,-0.12,,Transit,2014.0,88.81,EarthLike
Kepler-825 c,Kepler-825,8.1818246,0.0759,0.0,,0.15255624,,981.0,218.9,6224.0,0.868,0.969,,-0.72,,Transit,2016.0,89.95,DesertWorld
Kepler-142 b,Kepler-142,2.024145594,0.0306,0.0,,0.17664407,,1610.0,1587.5,5726.0,0.933,1.243,,-0.06,,Transit,2014.0,84.8,DesertWorld
Kepler-449 b,Kepler-449,12.5822799,0.1047,0.0,,0.14006626,,923.0,171.32,5588.0,0.969,1.467,,-0.1,,Transit,2015.0,88.81,DesertWorld
Kepler-58 c,Kepler-58,15.57363551,0.1228,0.0,,0.26139754,,799.0,96.38,6100.0,1.017,1.083,,-0.12,,Transit,2012.0,85.37,MiniNeptune
Kepler-314 b,Kepler-314,2.46106655,0.036,0.0,,0.07226348,,1218.0,520.99,5497.0,1.028,0.909,,0.36,,Transit,2014.0,88.24,DesertWorld
Kepler-289 b,Kepler-289,34.5438464,0.2182,0.0,,0.30422035,,750.0,74.61,6279.0,1.158,1.598,,-0.08,,Transit,2014.0,89.95,MiniNeptune
Kepler-1987 e,Kepler-1987,8.74287133,0.0764,0.0,,0.17753621,,647.0,41.48,4750.0,0.778,0.729,,0.12,,Transit,2023.0,89.38,SuperEarth
Kepler-913 c,Kepler-913,5.93919041,0.0699,0.0,,0.33009246,,1357.0,801.92,6068.0,1.294,1.797,,0.16,,Transit,2021.0,89.7,MiniNeptune
Kepler-299 d,Kepler-299,15.0548689,0.1197,0.0,,0.15434053,,719.0,63.33,5896.0,1.008,0.916,,-0.08,,Transit,2014.0,87.09,EarthLike
Kepler-1189 b,Kepler-1189,3.78861833,0.0467,0.0,,0.10973344,,1158.0,424.17,5560.0,0.943,1.04,,0.16,,Transit,2016.0,88.98,DesertWorld
Kepler-306 e,Kepler-306,44.8412214,0.2362,0.0,,0.24444685,,437.0,8.62,5219.0,0.871,0.851,,0.16,,Transit,2014.0,89.95,MiniNeptune
Kepler-1188 b,Kepler-1188,17.1369543,0.1344,0.0,,0.19359477,,781.0,87.94,6217.0,1.098,1.09,,-0.04,,Transit,2016.0,89.95,SuperEarth
Kepler-307 c,Kepler-307,13.08424286,0.1068,0.0,,0.24177042,,739.0,70.51,5511.0,0.947,0.987,,0.2,,Transit,2013.0,88.37,MiniNeptune
Kepler-1822 b,Kepler-1822,22.13345106,0.1406,0.0,,0.18556549,,507.0,15.61,5180.0,0.759,0.692,,-0.38,,Transit,2021.0,89.38,SuperEarth
Kepler-1187 b,Kepler-1187,18.87064068,0.1401,0.0,,0.20786903,,701.0,56.97,6103.0,1.028,0.949,,-0.2,,Transit,2016.0,89.95,SuperEarth
Kepler-1824 b,Kepler-1824,95.609845,0.4201,0.0,,0.22035902,,449.0,9.63,6289.0,1.074,1.102,,-0.12,,Transit,2021.0,89.95,SuperEarth
Kepler-1823 b,Kepler-1823,21.10325899,0.1556,0.0,,0.15344839,,804.0,98.63,6483.0,1.125,1.229,,-0.22,,Transit,2021.0,89.95,DesertWorld
Kepler-305 d,Kepler-305,16.73869035,0.1201,0.0,,0.2283883,,576.0,26.06,5103.0,0.823,0.787,,0.04,,Transit,2014.0,89.27,MiniNeptune
Kepler-306 d,Kepler-306,17.32670445,0.1203,0.0,,0.19894762,,535.0,19.38,4955.0,0.774,0.721,,-0.1,,Transit,2014.0,88.0,SuperEarth
Kepler-1190 b,Kepler-1190,10.45843441,0.0823,0.0,,0.11240986,,601.0,30.84,4702.0,0.68,0.691,,-0.18,,Transit,2016.0,88.81,EarthLike
Kepler-303 c,Kepler-303,7.06117359,0.058,0.0,,0.1025963,,516.0,16.74,3944.0,0.52,0.51,,-0.36,,Transit,2014.0,89.95,EarthLike
Kepler-84 f,Kepler-84,44.5520266,0.2451,0.0,,0.20430047,,572.0,25.3,6036.0,0.987,1.131,,-0.18,,Transit,2014.0,89.07,SuperEarth
Kepler-300 b,Kepler-300,10.44636649,0.0926,0.0,,0.16772265,,812.0,102.77,5968.0,0.97,0.881,,-0.26,,Transit,2014.0,87.66,DesertWorld
Kepler-310 d,Kepler-310,92.8750347,0.387,0.0,,0.21232974,,380.0,4.9,5795.0,0.894,0.853,,-0.3,,Transit,2014.0,89.38,SuperEarth
Kepler-84 d,Kepler-84,4.22451369,0.0512,0.0,,0.11597843,,1188.0,470.83,6028.0,1.005,1.022,,-0.14,,Transit,2014.0,88.81,DesertWorld
Kepler-84 e,Kepler-84,27.4345883,0.1784,0.0,,0.20519261,,636.0,38.78,6028.0,1.005,1.022,,-0.14,,Transit,2014.0,89.95,SuperEarth
Kepler-1186 b,Kepler-1186,16.07673148,0.1281,0.0,,0.19091834,,724.0,64.75,5957.0,1.083,0.971,,0.07,,Transit,2016.0,89.89,SuperEarth
Kepler-1152 b,Kepler-1152,1.646801908,0.0225,0.0,,0.0811849,,840.0,117.94,3900.0,0.559,0.537,,-0.1,,Transit,2016.0,87.66,DesertWorld
Kepler-321 b,Kepler-321,4.915387067,0.0577,0.0,,0.15880124,,1116.0,366.09,5881.0,1.061,1.067,,0.14,,Transit,2014.0,84.8,DesertWorld
Kepler-322 b,Kepler-322,1.653893465,0.0247,0.0,,0.08564561,,1403.0,915.4,5496.0,0.738,0.827,,-0.46,,Transit,2014.0,87.66,DesertWorld
Kepler-49 e,Kepler-49,18.5960431,0.1119,0.0,,0.11597843,,359.0,3.94,3816.0,0.54,0.51,,-0.05,,Transit,2014.0,89.95,EarthLike
Kepler-319 b,Kepler-319,4.362744362,0.0578,0.0,,0.28905394,,1447.0,1035.22,5903.0,1.349,1.784,,0.48,,Transit,2014.0,89.95,MiniNeptune
Kepler-116 c,Kepler-116,13.071489,0.1153,0.0,,0.16504623,,912.0,163.73,6484.0,1.195,1.173,,-0.08,,Transit,2014.0,89.95,DesertWorld
Kepler-115 b,Kepler-115,2.403643296,0.0351,0.0,,0.08832204,,1459.0,1071.38,5977.0,0.999,1.075,,-0.1,,Transit,2014.0,88.24,DesertWorld
Kepler-250 b,Kepler-250,4.14808732,0.0479,0.0,,0.10348845,,928.0,175.04,5162.0,0.849,0.795,,0.06,,Transit,2014.0,87.09,DesertWorld
Kepler-50 c,Kepler-50,9.37664325,0.094,0.0,,0.1623698,,1127.0,381.61,6225.0,1.259,1.584,,0.0,,Transit,2012.0,88.81,DesertWorld
KOI-1831 d,Kepler-324,34.2069395,0.199,0.0,,0.10081202,,474.0,11.98,5355.0,0.901,0.803,,0.0,,Transit,2021.0,89.95,EarthLike
Kepler-324 e,Kepler-324,13.97946561,0.1096,0.0,,0.13560555,,639.0,39.51,5355.0,0.901,0.803,,0.0,,Transit,2021.0,89.95,EarthLike
Kepler-33 b,Kepler-33,5.66815436,0.0643,0.0,,0.13738983,,1336.0,752.7,5900.0,1.1,1.694,,0.0,,Transit,2011.0,89.38,DesertWorld
Kepler-324 b,Kepler-324,4.38536461,0.0506,0.0,,0.09902774,,941.0,185.34,5355.0,0.901,0.803,,0.0,,Transit,2014.0,89.38,DesertWorld
Kepler-319 d,Kepler-319,31.7821117,0.1879,0.0,,0.18556549,,528.0,18.32,5527.0,0.875,0.88,,-0.08,,Transit,2014.0,89.85,SuperEarth
Kepler-316 b,Kepler-316,2.240486703,0.0281,0.0,,0.1088413,,837.0,115.98,4198.0,0.587,0.574,,-0.32,,Transit,2014.0,87.63,DesertWorld
Kepler-285 c,Kepler-285,6.18666218,0.0634,0.0,,0.09902774,,847.0,121.47,5400.0,0.895,0.801,,-0.06,,Transit,2014.0,89.38,DesertWorld
Kepler-949 c,Kepler-949,20.99747771,0.1394,0.0,,0.33187674,,582.0,27.2,5211.0,0.817,0.895,,0.08,,Transit,2023.0,88.24,MiniNeptune
Kepler-804 c,Kepler-804,9.65185017,0.0873,0.0,,0.10438059,,875.0,138.84,5775.0,0.95,1.031,,-0.04,,Transit,2016.0,85.94,DesertWorld
Kepler-1991 b,Kepler-1991,13.26084292,0.108,0.0,,0.11240986,,700.0,56.7,5632.0,0.953,0.857,,-0.02,,Transit,2023.0,88.24,EarthLike
Kepler-317 c,Kepler-317,8.77508519,0.0827,0.0,,0.16504623,,816.0,104.68,5497.0,0.978,0.936,,0.26,,Transit,2014.0,88.81,DesertWorld
Kepler-128 c,Kepler-128,22.8029808,0.1664,0.0,,0.12668413,,846.0,120.93,6072.0,1.184,1.659,,-0.09,,Transit,2013.0,88.81,DesertWorld
Kepler-57 c,Kepler-57,11.60907117,0.0961,0.0,,4.07262723,,674.0,48.72,5324.0,0.884,0.791,,-0.04,,Transit,2012.0,79.64,GasGiant
Kepler-288 b,Kepler-288,6.09750607,0.0638,0.0,,0.14631125,,1068.0,307.62,5918.0,0.931,1.068,,-0.22,,Transit,2014.0,89.38,DesertWorld
Kepler-55 f,Kepler-55,10.19851808,0.0795,0.0,,0.14274268,,572.0,25.25,4505.0,0.645,0.658,,-0.2,,Transit,2014.0,88.81,EarthLike
Kepler-281 b,Kepler-281,14.64613058,0.1166,0.0,,0.19805548,,694.0,54.95,5717.0,0.984,0.884,,0.0,,Transit,2014.0,88.09,SuperEarth
Kepler-280 c,Kepler-280,4.807103254,0.0544,0.0,,0.26407397,,1088.0,330.84,5534.0,0.926,1.08,,0.14,,Transit,2014.0,86.65,MiniNeptune
Kepler-411 b,Kepler-411,3.005156,0.0375,0.146,0.0805462,0.21420287,10.3,1138.0,,,0.87,0.82,,,K2 V,Transit,2013.0,87.4,MiniNeptune
Kepler-276 d,Kepler-276,48.6478543,0.2642,0.0,,0.3693467,,489.0,13.57,5779.0,1.037,0.974,,0.14,,Transit,2013.0,87.42,MiniNeptune
Kepler-318 c,Kepler-318,11.8150013,0.1053,0.0,,0.40949308,,973.0,211.78,5903.0,1.113,1.47,,0.16,,Transit,2014.0,89.95,MiniNeptune
Kepler-799 c,Kepler-799,15.19421803,0.1247,0.0,,0.17129122,,762.0,79.65,6063.0,1.117,1.012,,0.07,,Transit,2021.0,89.95,SuperEarth
Kepler-1207 b,Kepler-1207,13.68237119,0.1156,0.0,,0.13649769,,802.0,97.74,6102.0,1.099,1.026,,0.0,,Transit,2016.0,87.66,DesertWorld
Kepler-393 c,Kepler-393,14.6134781,0.1208,0.0,,0.09991988,,901.0,155.87,6194.0,1.098,1.314,,-0.04,,Transit,2014.0,89.77,DesertWorld
Kepler-1206 b,Kepler-1206,1.217000383,0.0201,0.0,,0.1409584,,1314.0,707.61,4859.0,0.734,0.757,,-0.02,,Transit,2016.0,89.77,DesertWorld
Kepler-394 c,Kepler-394,12.13070414,0.108,0.0,,0.14363483,,901.0,155.85,6398.0,1.141,1.101,,-0.14,,Transit,2014.0,89.8,DesertWorld
Kepler-139 c,Kepler-139,157.0659976,0.5749,0.0,,0.23463329,,350.0,3.53,5620.0,1.025,1.143,,0.34,,Transit,2014.0,90.0,MiniNeptune
Kepler-1830 b,Kepler-1830,56.4932269,0.2964,0.0,,0.1900262,,530.0,18.62,6412.0,1.084,1.04,,-0.3,,Transit,2021.0,89.38,SuperEarth
Kepler-98 b,Kepler-98,1.541676628,0.026,0.0,,0.1623698,,1437.0,1007.55,5580.0,0.989,0.886,,0.14,,Transit,2014.0,74.48,DesertWorld
Kepler-1987 b,Kepler-1987,2.345858578,0.0318,0.0,,0.11330201,,1003.0,239.43,4750.0,0.778,0.729,,0.12,,Transit,2023.0,89.95,DesertWorld
Kepler-1831 b,Kepler-1831,5.78388573,0.0655,0.0,,0.20697689,,1051.0,288.69,6063.0,1.117,1.012,,0.07,,Transit,2021.0,89.95,DesertWorld
Kepler-394 d,Kepler-394,5.61357629,0.0647,0.0,,0.13382127,,1197.0,485.48,6426.0,1.145,1.154,,-0.12,,Transit,2021.0,88.81,DesertWorld
Kepler-1832 b,Kepler-1832,3.138781,0.037,0.0,,0.08742989,,1021.0,257.32,5242.0,0.684,0.722,,-0.54,,Transit,2021.0,89.38,DesertWorld
Kepler-395 b,Kepler-395,7.05427318,0.0537,0.0,,0.06958706,,450.0,9.66,3735.0,0.413,0.4,,-0.5,,Transit,2014.0,89.95,EarthLike
Kepler-381 c,Kepler-381,13.39155154,0.1173,0.0,,0.1409584,,1180.0,459.23,6197.0,1.198,2.188,,-0.32,,Transit,2014.0,88.8,DesertWorld
Kepler-1828 b,Kepler-1828,10.27380957,0.0924,0.0,,0.14987982,,799.0,96.27,5806.0,0.996,0.899,,-0.04,,Transit,2021.0,89.71,EarthLike
Kepler-1205 b,Kepler-1205,1.078389713,0.0196,0.0,,0.17664407,,1667.0,1817.38,5325.0,0.857,0.985,,0.14,,Transit,2016.0,76.41,DesertWorld
Kepler-1204 b,Kepler-1204,85.7350285,0.3877,0.0,,0.28013252,,448.0,9.54,6096.0,1.054,1.077,,-0.04,,Transit,2016.0,89.95,MiniNeptune
Kepler-292 b,Kepler-292,2.58082149,0.0358,0.0,,0.14720339,,1229.0,540.05,5513.0,0.921,0.915,,0.08,,Transit,2014.0,86.52,DesertWorld
Kepler-1829 b,Kepler-1829,5.18674073,0.0559,0.0,,0.19805548,,862.0,130.81,5231.0,0.869,0.781,,0.0,,Transit,2021.0,89.38,DesertWorld
Kepler-292 c,Kepler-292,3.71545391,0.0457,0.0,,0.15969338,,1088.0,331.41,5513.0,0.921,0.915,,0.08,,Transit,2014.0,88.81,DesertWorld
Kepler-126 d,Kepler-126,100.2830675,0.4312,0.0,,0.22392759,,475.0,12.07,6214.0,1.059,1.297,,-0.16,,Transit,2014.0,89.5,MiniNeptune
Kepler-1266 c,Kepler-1266,4.86634094,0.052,0.0,,0.17307551,,881.0,142.39,4996.0,0.791,0.831,,0.14,,Transit,2021.0,84.73,DesertWorld
Kepler-385 b,Kepler-385,10.04378351,0.0957,0.0,,0.26228968,,951.0,193.39,6325.0,1.157,1.112,,-0.04,,Transit,2014.0,79.64,MiniNeptune
Kepler-382 b,Kepler-382,5.26212693,0.0548,0.0,,0.1302527,,1019.0,255.13,5594.0,0.793,0.935,,-0.32,,Transit,2014.0,84.8,DesertWorld
Kepler-1213 b,Kepler-1213,5.34982412,0.0599,0.0,,0.08207704,,1109.0,357.79,6204.0,0.997,0.984,,-0.3,,Transit,2016.0,89.38,DesertWorld
Kepler-387 c,Kepler-387,11.8376933,0.0953,0.0,,0.08921418,,826.0,110.03,5772.0,0.824,1.003,,-0.38,,Transit,2014.0,88.58,DesertWorld
Kepler-1212 b,Kepler-1212,12.94130146,0.1082,0.0,,0.1579091,,795.0,94.29,6119.0,1.01,0.938,,-0.26,,Transit,2016.0,89.38,EarthLike
Kepler-1211 b,Kepler-1211,11.01816836,0.0985,0.0,,0.23998614,,840.0,117.97,6075.0,1.048,0.969,,-0.12,,Transit,2016.0,85.37,MiniNeptune
Kepler-384 c,Kepler-384,45.3485277,0.2287,0.0,,0.10705701,,491.0,13.79,5585.0,0.773,0.91,,-0.38,,Transit,2014.0,89.95,EarthLike
Kepler-1214 b,Kepler-1214,18.82634264,0.128,0.0,,0.2221433,,591.0,28.85,5215.0,0.787,0.845,,-0.06,,Transit,2016.0,89.95,SuperEarth
Kepler-142 d,Kepler-142,41.8087668,0.2305,0.0,,0.12757627,,587.0,27.98,5726.0,0.933,1.243,,-0.06,,Transit,2014.0,89.95,EarthLike
Kepler-1209 b,Kepler-1209,25.3690868,0.18,0.0,,0.14898768,,755.0,76.9,6126.0,1.212,1.406,,0.14,,Transit,2016.0,87.87,EarthLike
Kepler-430 b,Kepler-430,35.9682692,0.2269,0.0,,0.26318183,,674.0,48.68,5883.0,1.205,1.529,,0.2,,Transit,2015.0,88.97,MiniNeptune
Kepler-388 c,Kepler-388,13.29706969,0.094,0.0,,0.08564561,,515.0,16.64,4500.0,0.626,0.633,,-0.32,,Transit,2014.0,89.95,EarthLike
Kepler-141 b,Kepler-141,3.10763873,0.0409,0.0,,1.44170112,,3961.0,58192.75,4173.0,0.941,18.939,,0.06,,Transit,2014.0,87.66,HotJupiter
Kepler-1210 b,Kepler-1210,8.07124073,0.0753,0.0,,0.13917412,,856.0,126.94,5766.0,0.874,0.853,,-0.32,,Transit,2016.0,88.81,DesertWorld
Kepler-536 b,Kepler-536,1.827082299,0.0276,0.0,,0.55134362,,1876.0,2925.17,5311.0,0.834,1.769,,-0.46,,Transit,2016.0,89.38,HotJupiter
Kepler-1833 b,Kepler-1833,6.89208596,0.0742,0.0,,0.11776272,,1146.0,407.94,6047.0,1.145,1.37,,0.1,,Transit,2021.0,88.81,DesertWorld
Kepler-129 b,Kepler-129,15.79193725,0.1305,0.0,,0.20519261,,903.0,156.86,5770.0,1.197,1.641,,0.29,,Transit,2014.0,89.38,DesertWorld
Kepler-380 b,Kepler-380,3.930871,0.0486,0.0,,0.09545917,,1266.0,608.08,6043.0,0.987,1.097,,-0.16,,Transit,2014.0,89.38,DesertWorld
Kepler-305 c,Kepler-305,8.29087418,0.0733,0.0,,0.29797535,,745.0,73.01,5106.0,0.763,0.803,,-0.08,,Transit,2013.0,84.8,MiniNeptune
Kepler-1827 b,Kepler-1827,3.70062174,0.0442,0.0,,0.13203698,,1461.0,1077.22,5387.0,0.839,1.671,,-0.42,,Transit,2021.0,79.07,DesertWorld
Kepler-54 d,Kepler-54,20.99589959,0.1175,0.0,,0.12311557,,329.0,2.76,3726.0,0.49,0.47,,-0.12,,Transit,2014.0,89.95,EarthLike
Kepler-1193 b,Kepler-1193,2.832652134,0.0397,0.0,,0.10081202,,1375.0,846.15,6072.0,1.034,1.047,,-0.08,,Transit,2016.0,88.24,DesertWorld
Kepler-1194 b,Kepler-1194,16.22371307,0.121,0.0,,0.16415409,,783.0,89.07,5851.0,0.895,1.115,,-0.26,,Transit,2016.0,89.95,SuperEarth
Kepler-304 c,Kepler-304,5.315953474,0.056,0.0,,0.2497997,,864.0,131.97,4910.0,0.828,0.892,,0.56,,Transit,2014.0,89.95,MiniNeptune
Kepler-136 c,Kepler-136,16.39926461,0.134,0.0,,0.17307551,,847.0,121.53,6156.0,1.193,1.303,,0.14,,Transit,2014.0,89.82,DesertWorld
Kepler-304 e,Kepler-304,1.499146953,0.0241,0.0,,0.12757627,,1318.0,712.57,4910.0,0.828,0.892,,0.56,,Transit,2016.0,89.38,DesertWorld
Kepler-537 b,Kepler-537,3.247555219,0.0432,0.0,,0.119547,,1176.0,452.61,5726.0,1.018,0.937,,0.12,,Transit,2016.0,89.38,DesertWorld
Kepler-1825 b,Kepler-1825,1.025857703,0.0181,0.0,,0.12043914,,1468.0,1098.5,5035.0,0.754,0.791,,-0.06,,Transit,2021.0,89.95,DesertWorld
Kepler-126 b,Kepler-126,10.49567752,0.0994,0.0,,0.13738983,,1017.0,253.1,6239.0,1.188,1.358,,-0.14,,Transit,2014.0,86.52,DesertWorld
Kepler-305 e,Kepler-305,3.20539622,0.0399,0.0,,0.1516641,,1000.0,236.11,5103.0,0.823,0.787,,0.04,,Transit,2020.0,87.1,DesertWorld
Kepler-520 c,Kepler-520,5.21104261,0.0613,0.0,,0.09367489,,1104.0,351.69,6108.0,1.132,1.03,,0.07,,Transit,2016.0,89.95,DesertWorld
Kepler-1826 b,Kepler-1826,1.615359728,0.0215,0.0,,0.10527273,,810.0,101.71,3815.0,0.505,0.498,,-0.2,,Transit,2021.0,87.09,DesertWorld
Kepler-1192 b,Kepler-1192,25.2034787,0.1693,0.0,,0.22928044,,600.0,30.62,5831.0,1.016,0.921,,0.0,,Transit,2016.0,89.95,MiniNeptune
Kepler-1191 b,Kepler-1191,5.60013327,0.0587,0.0,,0.15434053,,952.0,194.26,5288.0,0.858,0.978,,0.18,,Transit,2016.0,89.84,DesertWorld
Kepler-304 d,Kepler-304,9.6534764,0.0833,0.0,,0.28994608,,709.0,59.64,4910.0,0.828,0.892,,0.56,,Transit,2014.0,89.38,MiniNeptune
Kepler-1203 b,Kepler-1203,0.588001053,0.0114,0.0,,0.08832204,,1188.0,473.45,3814.0,0.576,0.57,,0.24,,Transit,2016.0,83.78,DesertWorld
Kepler-298 d,Kepler-298,77.4740991,0.3078,0.0,,0.23463329,,277.0,1.4,4463.0,0.662,0.611,,-0.24,,Transit,2014.0,89.57,MiniNeptune
Kepler-1201 b,Kepler-1201,15.18727049,0.1183,0.0,,0.17307551,,789.0,91.56,6136.0,0.956,1.005,,-0.36,,Transit,2016.0,86.77,SuperEarth
Kepler-299 b,Kepler-299,2.92721559,0.0402,0.0,,0.1088413,,1241.0,561.53,5896.0,1.008,0.916,,-0.08,,Transit,2014.0,87.66,DesertWorld
Kepler-1200 b,Kepler-1200,1.118547814,0.0188,0.0,,0.08742989,,1174.0,447.97,4496.0,0.725,0.658,,0.06,,Transit,2016.0,87.68,DesertWorld
Kepler-301 d,Kepler-301,13.75129636,0.1103,0.0,,0.14809554,,725.0,65.24,5814.0,0.944,0.881,,-0.18,,Transit,2014.0,89.21,EarthLike
Kepler-245 e,Kepler-245,3.219821056,0.0397,0.0,,0.17129122,,1088.0,331.28,5257.0,0.804,0.874,,-0.02,,Transit,2016.0,89.95,DesertWorld
Kepler-1202 b,Kepler-1202,28.6851324,0.1784,0.0,,0.21411403,,546.0,21.02,5722.0,0.918,0.835,,-0.2,,Transit,2016.0,88.81,SuperEarth
Kepler-59 b,Kepler-59,11.8693144,0.104,0.0,,0.09724345,,864.0,131.58,6296.0,1.066,1.006,,-0.26,,Transit,2012.0,86.93,DesertWorld
Kepler-1197 b,Kepler-1197,2.03231845,0.0271,0.0,,0.1025963,,975.0,213.53,4555.0,0.646,0.638,,-0.3,,Transit,2016.0,87.66,DesertWorld
Kepler-1196 b,Kepler-1196,66.1849031,0.3146,0.0,,0.1793205,,431.0,8.18,5893.0,0.946,0.866,,-0.26,,Transit,2016.0,89.95,SuperEarth
Kepler-1195 b,Kepler-1195,8.49640437,0.0726,0.0,,0.19091834,,702.0,57.43,5093.0,0.707,0.709,,-0.38,,Transit,2016.0,88.49,SuperEarth
Kepler-301 c,Kepler-301,5.41907559,0.0593,0.0,,0.12400771,,989.0,225.71,5814.0,0.944,0.881,,-0.18,,Transit,2014.0,89.95,DesertWorld
Kepler-1199 b,Kepler-1199,15.0447198,0.1155,0.0,,0.09635131,,791.0,92.58,5934.0,0.908,1.055,,-0.3,,Transit,2016.0,89.38,EarthLike
Kepler-1198 b,Kepler-1198,7.68478504,0.0732,0.0,,0.13114484,,830.0,112.06,5344.0,0.884,0.907,,0.14,,Transit,2016.0,89.89,DesertWorld
Kepler-136 b,Kepler-136,11.57890926,0.1062,0.0,,0.18378121,,951.0,193.48,6156.0,1.193,1.303,,0.14,,Transit,2014.0,89.33,DesertWorld
Kepler-235 c,Kepler-235,7.82501206,0.0617,0.0,,0.1088413,,478.0,12.36,3887.0,0.51,0.48,,-0.36,,Transit,2014.0,88.81,EarthLike
Kepler-445 c,Kepler-445,4.871222215,0.0311,0.0,,0.18645763,,362.0,4.05,3327.0,0.169,0.189,,-0.38,,Transit,2015.0,89.38,SuperEarth
Kepler-619 d,Kepler-619,11.678948452,0.1021,0.0,,0.38808167,,830.0,112.07,6122.0,1.041,0.964,,-0.18,,Transit,2023.0,88.24,MiniNeptune
Kepler-1369 b,Kepler-1369,25.873148,0.1741,0.0,,0.26675039,,667.0,46.82,6036.0,1.048,1.093,,0.02,,Transit,2016.0,89.38,MiniNeptune
Kepler-1318 b,Kepler-1318,213.257663,0.6085,0.0,,0.25426041,,202.0,0.39,4476.0,0.659,0.637,,-0.2,,Transit,2016.0,89.95,MiniNeptune
Kepler-1319 b,Kepler-1319,2.886762645,0.0256,0.0,,0.0597735,,483.0,12.91,3400.0,0.267,0.266,,-0.16,,Transit,2016.0,89.95,EarthLike
Kepler-399 d,Kepler-399,58.0341086,0.2615,0.0,,0.17485979,,392.0,5.57,5500.0,0.707,0.682,,-0.82,,Transit,2014.0,89.95,SuperEarth
Kepler-1985 b,Kepler-1985,3.42064689,0.0426,0.0,,0.20251618,,1129.0,382.68,5370.0,0.877,0.966,,0.14,,Transit,2023.0,82.03,DesertWorld
Kepler-203 d,Kepler-203,11.32975018,0.0992,0.0,,0.11330201,,806.0,100.01,5949.0,1.013,0.937,,-0.1,,Transit,2014.0,88.24,DesertWorld
Kepler-1368 b,Kepler-1368,0.675649486,0.0153,0.0,,0.12846842,,2086.0,4473.06,5966.0,1.049,0.961,,-0.02,,Transit,2016.0,81.93,LavaWorld
Kepler-201 c,Kepler-201,151.8861943,0.5752,0.0,,0.20608475,,397.0,5.88,6131.0,1.096,1.24,,0.04,,Transit,2014.0,89.95,SuperEarth
Kepler-1315 b,Kepler-1315,0.843379985,0.0163,0.0,,0.1516641,,1541.0,1329.99,4818.0,0.809,0.856,,0.56,,Transit,2016.0,78.23,DesertWorld
Kepler-527 b,Kepler-527,13.28535633,0.1142,0.0,,0.19448691,,893.0,150.5,6513.0,1.122,1.104,,-0.28,,Transit,2016.0,89.38,DesertWorld
Kepler-1371 b,Kepler-1371,3.4462125,0.0393,0.0,,0.06244992,,1015.0,251.24,5374.0,0.68,0.721,,-0.68,,Transit,2016.0,85.56,DesertWorld
Kepler-398 b,Kepler-398,4.081411491,0.0444,0.0,,0.08653775,,764.0,80.42,4494.0,0.698,0.659,,-0.04,,Transit,2014.0,83.65,EarthLike
Kepler-1870 b,Kepler-1870,3.606941526,0.0428,0.0,,0.18110478,,1178.0,455.32,5587.0,0.806,0.978,,-0.26,,Transit,2021.0,89.95,DesertWorld
Kepler-1370 b,Kepler-1370,20.2641684,0.1563,0.0,,0.1579091,,793.0,93.49,6292.0,1.245,1.276,,0.16,,Transit,2016.0,89.95,EarthLike
Kepler-1317 b,Kepler-1317,0.568874427,0.0129,0.0,,0.13471341,,1801.0,2484.47,5216.0,0.874,0.79,,0.06,,Transit,2016.0,89.95,LavaWorld
Kepler-1316 b,Kepler-1316,87.9732136,0.3793,0.0,,0.24087828,,384.0,5.14,5821.0,0.937,0.848,,-0.22,,Transit,2016.0,89.95,MiniNeptune
Kepler-1692 b,Kepler-1692,5.95958637,0.0646,0.0,,0.09099846,,897.0,153.48,5452.0,1.012,0.9,,0.36,,Transit,2020.0,89.03,DesertWorld
Kepler-1324 b,Kepler-1324,4.11585514,0.0466,0.0,,0.17218336,,895.0,151.55,4827.0,0.796,0.823,,0.32,,Transit,2016.0,86.52,DesertWorld
Kepler-1323 b,Kepler-1323,0.929906166,0.0191,0.0,,0.13203698,,2291.0,6514.57,6039.0,1.075,1.413,,-0.04,,Transit,2016.0,88.59,LavaWorld
Kepler-446 b,Kepler-446,1.565412613,0.0182,0.0,,0.15434053,,648.0,41.85,3464.0,0.328,0.328,,-0.14,,Transit,2015.0,89.99,EarthLike
Kepler-1322 b,Kepler-1322,0.962867382,0.0183,0.0,,0.13203698,,1662.0,1805.59,5693.0,0.88,0.802,,-0.3,,Transit,2016.0,85.94,DesertWorld
Kepler-1367 b,Kepler-1367,1.574090272,0.022,0.0,,0.07583205,,869.0,134.74,3954.0,0.572,0.546,,-0.1,,Transit,2016.0,89.38,DesertWorld
Kepler-204 c,Kepler-204,25.661658,0.1699,0.0,,0.12133128,,665.0,46.1,6095.0,0.992,1.038,,-0.22,,Transit,2014.0,89.38,EarthLike
Kepler-1881 b,Kepler-1881,159.388051,0.557,0.0,,0.23017258,,289.0,1.64,5418.0,0.911,0.812,,-0.02,,Transit,2021.0,89.95,MiniNeptune
Kepler-402 c,Kepler-402,6.12481814,0.0684,0.0,,0.14274268,,1213.0,510.94,6522.0,1.14,1.215,,-0.22,,Transit,2014.0,85.37,DesertWorld
Kepler-525 b,Kepler-525,18.68404933,0.1387,0.0,,0.32473961,,829.0,111.55,5546.0,1.019,1.592,,0.14,,Transit,2016.0,85.94,MiniNeptune
Kepler-1325 b,Kepler-1325,33.8786838,0.2039,0.0,,0.24712327,,525.0,17.97,5717.0,0.984,0.884,,0.0,,Transit,2016.0,87.66,MiniNeptune
Kepler-400 b,Kepler-400,9.02439889,0.0869,0.0,,0.15077196,,977.0,215.36,6099.0,1.07,1.146,,0.0,,Transit,2014.0,89.38,DesertWorld
Kepler-526 b,Kepler-526,5.45849914,0.064,0.0,,0.17039908,,1099.0,344.32,5914.0,1.172,1.135,,0.46,,Transit,2016.0,85.39,DesertWorld
Kepler-1320 b,Kepler-1320,0.868386354,0.0163,0.0,,0.13560555,,1389.0,880.33,4792.0,0.793,0.704,,0.07,,Transit,2016.0,88.78,DesertWorld
Kepler-1882 b,Kepler-1882,13.7872576,0.1241,0.0,,0.15523267,,1032.0,268.59,5888.0,1.341,1.961,,0.21,,Transit,2021.0,89.38,DesertWorld
Kepler-1321 b,Kepler-1321,11.12827427,0.0781,0.0,,0.36042528,,408.0,6.52,3640.0,0.513,0.503,,0.21,,Transit,2016.0,88.83,MiniNeptune
Kepler-231 b,Kepler-231,10.06525843,0.0729,0.0,,0.14363483,,426.0,7.81,3767.0,0.51,0.48,,-0.1,,Transit,2014.0,89.95,EarthLike
Kepler-401 b,Kepler-401,14.38338734,0.1178,0.0,,0.15969338,,956.0,197.3,6347.0,1.051,1.373,,-0.32,,Transit,2014.0,88.81,DesertWorld
Kepler-1314 b,Kepler-1314,5.424749281,0.0504,0.0,,0.46391373,,626.0,36.31,4141.0,0.581,0.592,,-0.22,,Transit,2016.0,89.95,MiniNeptune
Kepler-1694 b,Kepler-1694,3.89523349,0.0426,0.0,,0.07672419,,841.0,118.48,4972.0,0.675,0.627,,-0.58,,Transit,2020.0,89.38,DesertWorld
Kepler-1310 b,Kepler-1310,0.679336272,0.0144,0.0,,0.11151772,,1814.0,2561.85,5596.0,0.852,0.778,,-0.32,,Transit,2016.0,88.81,LavaWorld
Kepler-1377 b,Kepler-1377,0.740926358,0.0153,0.0,,0.1088413,,1873.0,2909.21,5618.0,0.87,0.874,,-0.18,,Transit,2016.0,87.91,LavaWorld
Kepler-51 d,Kepler-51,130.17746603,0.5121,0.0,,0.95816027,,367.0,4.31,6046.0,1.053,0.972,,-0.08,,Transit,2014.0,89.95,GasGiant
Kepler-1378 b,Kepler-1378,11.95398936,0.0885,0.0,,0.19091834,,525.0,17.92,4359.0,0.648,0.659,,-0.06,,Transit,2016.0,88.81,SuperEarth
Kepler-132 b,Kepler-132,6.17817366,0.0643,0.0,,0.1088413,,1082.0,324.69,5931.0,0.929,1.101,,-0.24,,Transit,2014.0,85.28,DesertWorld
Kepler-1376 b,Kepler-1376,5.30880656,0.0598,0.0,,0.09545917,,1043.0,279.21,5914.0,1.011,0.955,,-0.06,,Transit,2016.0,89.95,DesertWorld
Kepler-1311 d,Kepler-1311,197.5107678,0.6647,0.0,,0.64412637,,360.0,3.98,5988.0,1.002,1.236,,-0.12,,Transit,2021.0,89.38,GasGiant
Kepler-528 b,Kepler-528,19.7830259,0.1409,0.0,,0.18734977,,708.0,59.39,5747.0,0.953,1.099,,0.0,,Transit,2016.0,89.97,SuperEarth
Kepler-396 c,Kepler-396,88.5112563,0.3685,0.0,,0.54153006,,417.0,7.17,5579.0,0.85,1.06,,-0.12,,Transit,2013.0,89.38,GasGiant
Kepler-1309 b,Kepler-1309,28.8432647,0.1679,0.0,,0.20251618,,491.0,13.77,5151.0,0.758,0.785,,-0.16,,Transit,2016.0,89.95,SuperEarth
Kepler-1312 b,Kepler-1312,5.448325286,0.0575,0.0,,0.16058552,,923.0,171.57,5674.0,0.851,0.782,,-0.38,,Transit,2016.0,89.95,DesertWorld
Kepler-1307 b,Kepler-1307,18.01621096,0.1369,0.0,,0.22035902,,768.0,82.38,6245.0,1.049,1.065,,-0.16,,Transit,2016.0,89.38,SuperEarth
Kepler-123 c,Kepler-123,26.6951659,0.1756,0.0,,0.11687057,,669.0,47.48,6086.0,1.012,1.092,,-0.14,,Transit,2014.0,89.95,EarthLike
Kepler-137 b,Kepler-137,8.43639364,0.0786,0.0,,0.14809554,,756.0,77.27,5343.0,0.907,0.809,,0.06,,Transit,2014.0,87.09,EarthLike
Kepler-239 c,Kepler-239,56.2279697,0.2665,0.0,,0.19537905,,365.0,4.18,4980.0,0.801,0.734,,-0.04,,Transit,2014.0,89.95,SuperEarth
Kepler-1866 b,Kepler-1866,11.6601366,0.1047,0.0,,0.14987982,,840.0,117.68,6089.0,1.125,1.024,,0.07,,Transit,2021.0,81.36,DesertWorld
Kepler-141 c,Kepler-141,7.0106324,0.0672,0.0,,0.13382127,,738.0,70.32,4908.0,0.824,0.782,,0.22,,Transit,2014.0,87.03,EarthLike
Kepler-1867 b,Kepler-1867,9.88736642,0.0872,0.0,,0.06066564,,768.0,82.32,5693.0,0.911,0.816,,-0.24,,Transit,2021.0,88.68,EarthLike
Kepler-1308 b,Kepler-1308,2.104338119,0.0227,0.0,,0.04639137,,586.0,27.95,3410.0,0.35,0.345,,0.0,,Transit,2016.0,89.95,EarthLike
Kepler-1883 b,Kepler-1883,103.427188,0.4436,0.0,,0.2881618,,414.0,6.96,6194.0,1.086,1.02,,-0.12,,Transit,2021.0,89.95,MiniNeptune
Kepler-1868 b,Kepler-1868,211.032819,0.6266,0.0,,0.30600463,,215.0,0.5,4658.0,0.743,0.686,,0.0,,Transit,2021.0,89.69,MiniNeptune
Kepler-236 b,Kepler-236,8.29559431,0.0653,0.0,,0.13649769,,462.0,10.8,3750.0,0.54,0.51,,0.08,,Transit,2014.0,89.38,EarthLike
Kepler-92 b,Kepler-92,13.7488263,0.1194,0.0,,0.31938676,,978.0,216.31,5871.0,1.207,1.703,,0.17,,Transit,2013.0,87.66,MiniNeptune
Kepler-198 c,Kepler-198,49.5675359,0.2596,0.0,,0.21768259,,459.0,10.49,5733.0,0.947,0.855,,-0.12,,Transit,2014.0,89.38,SuperEarth
Kepler-1373 b,Kepler-1373,1.29123275,0.0239,0.0,,0.07761633,,1839.0,2702.99,6341.0,1.083,1.033,,-0.24,,Transit,2016.0,85.37,LavaWorld
Kepler-122 e,Kepler-122,37.9963981,0.2235,0.0,,0.17218336,,555.0,22.39,6103.0,1.028,0.949,,-0.2,,Transit,2014.0,86.52,SuperEarth
Kepler-1869 c,Kepler-1869,1.716831717,0.0302,0.0,,0.14006626,,2124.0,4806.71,5895.0,1.241,2.014,,0.14,,Transit,2023.0,89.95,LavaWorld
Kepler-1372 b,Kepler-1372,1.311555568,0.024,0.0,,0.11240986,,1656.0,1776.99,5926.0,1.072,0.963,,0.07,,Transit,2016.0,88.81,DesertWorld
Kepler-1374 b,Kepler-1374,10.65276707,0.0918,0.0,,0.21322189,,743.0,72.15,5614.0,0.908,0.827,,-0.14,,Transit,2016.0,89.95,SuperEarth
Kepler-1693 b,Kepler-1693,12.09997831,0.1015,0.0,,0.09991988,,729.0,66.86,5693.0,0.95,0.856,,-0.08,,Transit,2020.0,89.95,EarthLike
Kepler-517 b,Kepler-517,60.92832271,0.288,0.0,,0.25604469,,474.0,11.97,5598.0,0.857,1.063,,-0.12,,Transit,2016.0,89.95,MiniNeptune
Kepler-51 c,Kepler-51,85.3162004,0.3864,0.0,,0.56561789,,423.0,7.57,6046.0,1.053,0.972,,-0.08,,Transit,2012.0,89.44,GasGiant
Kepler-237 b,Kepler-237,4.71510365,0.0496,0.0,,0.13382127,,824.0,108.84,4861.0,0.733,0.732,,-0.08,,Transit,2014.0,89.95,DesertWorld
Kepler-1313 b,Kepler-1313,3.833091178,0.0454,0.0,,0.31760247,,1432.0,994.01,5351.0,0.849,1.671,,-0.36,,Transit,2016.0,88.81,MiniNeptune
Kepler-397 c,Kepler-397,135.4977745,0.4663,0.0,,0.50852081,,273.0,1.31,5114.0,0.736,0.682,,-0.4,,Transit,2014.0,89.38,MiniNeptune
Kepler-1375 b,Kepler-1375,3.3004192,0.0445,0.0,,0.10794916,,1442.0,1022.14,6277.0,1.073,1.207,,-0.1,,Transit,2016.0,87.66,DesertWorld
Kepler-1871 b,Kepler-1871,1.952710064,0.0308,0.0,,0.17575193,,1403.0,917.15,5741.0,1.02,0.946,,0.12,,Transit,2021.0,89.38,DesertWorld
Kepler-215 c,Kepler-215,14.6672293,0.1139,0.0,,0.10794916,,675.0,49.12,5677.0,0.92,0.828,,-0.18,,Transit,2014.0,88.61,EarthLike
Kepler-130 c,Kepler-130,27.50867519,0.1745,0.0,,0.25426041,,660.0,44.75,5884.0,0.934,1.127,,-0.22,,Transit,2014.0,89.95,MiniNeptune
Kepler-404 b,Kepler-404,11.8288843,0.1,0.0,,0.10527273,,730.0,67.13,5653.0,0.952,0.857,,-0.04,,Transit,2014.0,89.38,EarthLike
Kepler-224 e,Kepler-224,18.643516,0.1259,0.0,,0.17842836,,540.0,20.09,5195.0,0.768,0.699,,-0.36,,Transit,2014.0,89.95,SuperEarth
Kepler-511 c,Kepler-511,26.62946276,0.1813,0.0,,0.26228968,,718.0,62.88,5951.0,1.121,1.357,,0.12,,Transit,2021.0,89.95,MiniNeptune
Kepler-1342 b,Kepler-1342,2.215710358,0.0313,0.0,,0.14631125,,1282.0,638.56,5417.0,0.83,0.901,,-0.08,,Transit,2016.0,88.81,DesertWorld
Kepler-213 c,Kepler-213,4.82297735,0.0558,0.0,,0.14987982,,1030.0,266.31,5822.0,0.994,0.898,,-0.06,,Transit,2014.0,89.95,DesertWorld
Kepler-1343 b,Kepler-1343,3.35183158,0.0449,0.0,,0.18824192,,1298.0,671.28,6208.0,1.072,1.009,,-0.16,,Transit,2016.0,89.38,DesertWorld
Kepler-1354 b,Kepler-1354,76.613377,0.3522,0.0,,0.22125116,,463.0,10.9,6170.0,0.989,1.021,,-0.28,,Transit,2016.0,88.81,SuperEarth
Kepler-1875 b,Kepler-1875,34.4584231,0.2039,0.0,,0.1793205,,554.0,22.3,6150.0,0.95,0.851,,-0.5,,Transit,2021.0,88.81,SuperEarth
Kepler-1353 b,Kepler-1353,24.7543849,0.153,0.0,,0.18734977,,491.0,13.7,4852.0,0.778,0.804,,0.2,,Transit,2016.0,89.01,SuperEarth
Kepler-1690 b,Kepler-1690,234.635379,0.7143,0.0,,0.22392759,,273.0,1.31,5735.0,0.882,0.831,,-0.3,,Transit,2020.0,89.95,MiniNeptune
Kepler-1357 b,Kepler-1357,3.00912491,0.041,0.0,,0.1088413,,1177.0,452.27,5713.0,1.01,0.893,,0.07,,Transit,2016.0,89.95,DesertWorld
Kepler-1340 b,Kepler-1340,0.665025941,0.0153,0.0,,0.09902774,,2174.0,5246.66,5884.0,1.07,1.07,,0.16,,Transit,2016.0,80.48,LavaWorld
Kepler-462 c,Kepler-462,207.5827234,0.86,0.0,,0.53528507,,597.0,29.93,7717.0,1.965,2.641,,0.07,,Transit,2020.0,89.95,MiniNeptune
Kepler-212 b,Kepler-212,16.2580276,0.1317,0.0,,0.08207704,,830.0,112.41,5867.0,1.153,1.356,,0.24,,Transit,2014.0,89.61,DesertWorld
Kepler-1355 b,Kepler-1355,1.289588112,0.0224,0.0,,0.12400771,,1450.0,1045.87,5471.0,0.9,0.809,,-0.08,,Transit,2016.0,86.52,DesertWorld
Kepler-1874 b,Kepler-1874,56.5735997,0.2523,0.0,,0.19537905,,317.0,2.38,4514.0,0.667,0.639,,-0.2,,Transit,2021.0,88.81,SuperEarth
Kepler-1341 b,Kepler-1341,132.9955503,0.4498,0.0,,0.22392759,,241.0,0.8,4523.0,0.687,0.659,,-0.1,,Transit,2016.0,89.61,MiniNeptune
Kepler-1356 b,Kepler-1356,0.634002937,0.0136,0.0,,0.12936056,,1718.0,2059.81,5238.0,0.836,0.752,,-0.16,,Transit,2016.0,87.66,DesertWorld
Kepler-1344 b,Kepler-1344,4.76831033,0.0568,0.0,,0.15880124,,1219.0,522.81,6237.0,1.069,1.116,,-0.08,,Transit,2016.0,89.03,DesertWorld
Kepler-1349 b,Kepler-1349,2.12823928,0.0338,0.0,,0.06155778,,1678.0,1875.33,5998.0,1.14,1.36,,-0.2,,Transit,2016.0,89.95,DesertWorld
Kepler-1691 b,Kepler-1691,3.8482213,0.0514,0.0,,0.15523267,,1324.0,726.29,6362.0,1.221,1.144,,0.07,,Transit,2020.0,87.66,DesertWorld
Kepler-1877 b,Kepler-1877,2.37752807,0.0337,0.0,,0.04282281,,1227.0,536.32,5637.0,0.902,0.821,,-0.18,,Transit,2021.0,88.24,DesertWorld
Kepler-1348 b,Kepler-1348,27.5722144,0.1834,0.0,,0.17307551,,636.0,38.62,5912.0,1.079,1.09,,0.16,,Transit,2016.0,89.05,SuperEarth
Kepler-1347 b,Kepler-1347,14.00948631,0.104,0.0,,0.08742989,,617.0,34.32,5153.0,0.763,0.767,,-0.18,,Transit,2016.0,89.5,EarthLike
Kepler-521 b,Kepler-521,22.20813214,0.1655,0.0,,0.3309846,,940.0,184.67,6652.0,1.225,1.699,,-0.32,,Transit,2016.0,89.38,MiniNeptune
Kepler-221 e,Kepler-221,18.3697231,0.1222,0.0,,0.21679045,,577.0,26.27,5280.0,0.72,0.751,,-0.42,,Transit,2014.0,89.95,SuperEarth
Kepler-515 b,Kepler-515,19.96367208,0.1333,0.0,,0.13382127,,564.0,23.88,5250.0,0.79,0.79,,-0.16,,Transit,2016.0,88.51,EarthLike
Kepler-1350 b,Kepler-1350,4.4968604,0.0413,0.0,,0.1900262,,535.0,19.34,3698.0,0.465,0.444,,-0.2,,Transit,2016.0,88.81,SuperEarth
Kepler-1346 b,Kepler-1346,3.40165668,0.044,0.0,,0.10616487,,1236.0,552.42,6177.0,0.982,0.906,,-0.4,,Transit,2016.0,88.81,DesertWorld
Kepler-221 b,Kepler-221,2.795894073,0.0348,0.0,,0.13292913,,1082.0,323.94,5280.0,0.72,0.751,,-0.42,,Transit,2014.0,88.81,DesertWorld
Kepler-134 b,Kepler-134,5.317435416,0.0644,0.0,,0.23017258,,1306.0,687.55,6068.0,1.263,1.533,,0.22,,Transit,2014.0,89.38,MiniNeptune
Kepler-122 f,Kepler-122,56.2587885,0.2903,0.0,,0.16147766,,487.0,13.27,6103.0,1.028,0.949,,-0.2,,Transit Timing Variations,2014.0,89.38,SuperEarth
Kepler-1352 b,Kepler-1352,1.877882748,0.03,0.0,,0.07226348,,1714.0,2041.7,6324.0,1.016,1.133,,-0.28,,Transit,2016.0,89.95,DesertWorld
Kepler-221 d,Kepler-221,10.041568521,0.0817,0.0,,0.22481973,,706.0,58.77,5280.0,0.72,0.751,,-0.42,,Transit,2014.0,89.95,MiniNeptune
Kepler-1345 b,Kepler-1345,44.616751,0.2638,0.0,,0.20608475,,693.0,54.56,6763.0,1.235,1.424,,-0.32,,Transit,2016.0,88.99,SuperEarth
Kepler-1689 b,Kepler-1689,8.48293296,0.0791,0.0,,0.07493991,,909.0,161.32,5798.0,0.916,0.999,,-0.16,,Transit,2020.0,89.95,DesertWorld
Kepler-1366 b,Kepler-1366,2.164570968,0.0269,0.0,,0.11419415,,771.0,83.44,3900.0,0.552,0.54,,-0.1,,Transit,2016.0,89.38,EarthLike
Kepler-1880 b,Kepler-1880,6.30923438,0.054,0.0,,0.12757627,,605.0,31.73,4380.0,0.524,0.53,,-0.92,,Transit,2021.0,89.95,EarthLike
Kepler-52 d,Kepler-52,36.4454001,0.1847,0.0,,0.17753621,,332.0,2.88,4126.0,0.633,0.615,,0.04,,Transit,2014.0,89.98,SuperEarth
Kepler-1873 b,Kepler-1873,0.558841234,0.0128,0.0,,0.11865486,,1787.0,2412.15,5151.0,0.903,0.792,,0.21,,Transit,2021.0,86.65,DesertWorld
Kepler-1872 b,Kepler-1872,3.82590987,0.0465,0.0,,0.23552543,,1005.0,241.25,5223.0,0.913,0.885,,0.32,,Transit,2021.0,89.95,MiniNeptune
Kepler-1688 b,Kepler-1688,5.62006198,0.0577,0.0,,0.12936056,,772.0,84.01,4868.0,0.814,0.746,,0.14,,Transit,2020.0,78.72,EarthLike
Kepler-403 b,Kepler-403,7.03144308,0.0743,0.0,,0.09724345,,1038.0,274.53,6086.0,1.102,1.111,,0.06,,Transit,2014.0,85.37,DesertWorld
Kepler-208 c,Kepler-208,7.46662197,0.0778,0.0,,0.13292913,,1134.0,390.31,6220.0,1.123,1.328,,0.02,,Transit,2014.0,87.66,DesertWorld
Kepler-1361 b,Kepler-1361,3.57551429,0.0431,0.0,,0.07940062,,1061.0,299.19,5213.0,0.832,0.917,,0.14,,Transit,2016.0,87.45,DesertWorld
Kepler-1330 b,Kepler-1330,10.10769068,0.0933,0.0,,0.15344839,,814.0,103.86,5754.0,1.057,0.96,,0.2,,Transit,2016.0,89.38,DesertWorld
Kepler-1362 b,Kepler-1362,136.205112,0.4626,0.0,,0.20965332,,248.0,0.89,4648.0,0.711,0.675,,-0.1,,Transit,2016.0,89.83,SuperEarth
Kepler-1329 b,Kepler-1329,9.33648141,0.0747,0.0,,0.21322189,,577.0,26.22,4442.0,0.637,0.648,,-0.2,,Transit,2016.0,86.38,SuperEarth
Kepler-1363 b,Kepler-1363,2.94194296,0.0363,0.0,,0.1088413,,988.0,225.15,4901.0,0.733,0.758,,-0.06,,Transit,2016.0,89.85,DesertWorld
Kepler-1327 b,Kepler-1327,14.88801098,0.1186,0.0,,0.16950694,,831.0,112.85,6143.0,1.001,1.116,,-0.2,,Transit,2016.0,87.66,DesertWorld
Kepler-1365 b,Kepler-1365,7.69993485,0.0768,0.0,,0.0704792,,891.0,148.79,5831.0,1.016,0.921,,0.0,,Transit,2016.0,88.81,DesertWorld
Kepler-1326 b,Kepler-1326,42.3514267,0.2596,0.0,,0.30689677,,704.0,57.92,6856.0,1.31,1.405,,-0.18,,Transit,2016.0,89.95,MiniNeptune
Kepler-206 b,Kepler-206,7.78200916,0.0765,0.0,,0.09902774,,946.0,189.4,5762.0,0.981,1.06,,0.06,,Transit,2014.0,88.81,DesertWorld
Kepler-1328 b,Kepler-1328,4.52158888,0.0535,0.0,,0.08386133,,1081.0,323.28,5941.0,1.001,0.911,,-0.14,,Transit,2016.0,89.38,DesertWorld
Kepler-1364 b,Kepler-1364,13.32196237,0.1231,0.0,,0.17307551,,1104.0,351.26,6982.0,1.411,1.582,,-0.1,,Transit,2016.0,86.52,DesertWorld
Kepler-1337 b,Kepler-1337,24.4002549,0.1441,0.0,,0.21589831,,437.0,8.64,4583.0,0.669,0.674,,-0.16,,Transit,2016.0,88.81,SuperEarth
Kepler-226 d,Kepler-226,8.10904671,0.0759,0.0,,0.10616487,,799.0,96.38,5559.0,0.883,0.806,,-0.18,,Transit,2014.0,88.81,EarthLike
Kepler-1336 b,Kepler-1336,23.1985852,0.1595,0.0,,0.232849,,793.0,93.34,5416.0,1.004,1.756,,0.0,,Transit,2016.0,89.0,MiniNeptune
Kepler-1358 b,Kepler-1358,7.06317341,0.0656,0.0,,0.10348845,,826.0,110.22,5305.0,0.753,0.818,,-0.26,,Transit,2016.0,88.81,DesertWorld
Kepler-1335 b,Kepler-1335,6.26404774,0.0615,0.0,,0.13828198,,809.0,101.27,5032.0,0.789,0.817,,0.08,,Transit,2016.0,89.33,DesertWorld
Kepler-1359 b,Kepler-1359,59.4969009,0.2769,0.0,,0.2605054,,369.0,4.36,4817.0,0.8,0.833,,0.42,,Transit,2016.0,89.71,MiniNeptune
Kepler-211 b,Kepler-211,4.13852825,0.0494,0.0,,0.11597843,,954.0,196.51,5297.0,0.938,0.825,,0.21,,Transit,2014.0,89.23,DesertWorld
Kepler-1339 b,Kepler-1339,1.341555127,0.0233,0.0,,0.09635131,,1967.0,3537.74,5738.0,0.938,1.407,,-0.14,,Transit,2016.0,89.38,LavaWorld
Kepler-1878 b,Kepler-1878,4.44588291,0.0521,0.0,,0.17485979,,1062.0,301.2,5918.0,0.953,0.863,,-0.26,,Transit,2021.0,86.52,DesertWorld
Kepler-1338 b,Kepler-1338,0.935118057,0.0188,0.0,,0.08207704,,2021.0,3940.07,6002.0,1.009,1.095,,-0.08,,Transit,2016.0,84.22,LavaWorld
Kepler-1360 b,Kepler-1360,40.5286413,0.248,0.0,,0.19627119,,597.0,29.98,6269.0,1.237,1.155,,0.21,,Transit,2016.0,89.95,SuperEarth
Kepler-1332 b,Kepler-1332,11.87457664,0.0986,0.0,,0.11776272,,728.0,66.33,5523.0,0.907,0.88,,0.0,,Transit,2016.0,89.41,EarthLike
Kepler-1331 b,Kepler-1331,0.789160884,0.0142,0.0,,0.0811849,,1244.0,564.46,4258.0,0.61,0.622,,-0.18,,Transit,2016.0,86.5,DesertWorld
Kepler-1714 b,Kepler-1714,10.27531708,0.1055,0.0,,0.28280894,,1219.0,522.13,6174.0,1.49,2.114,,0.22,,Transit,2021.0,87.09,MiniNeptune
Kepler-1333 b,Kepler-1333,109.6471842,0.4277,0.0,,0.21946688,,340.0,3.16,5649.0,0.868,0.797,,-0.3,,Transit,2016.0,89.95,SuperEarth
Kepler-1879 b,Kepler-1879,10.61345333,0.0953,0.0,,0.1579091,,987.0,224.63,5865.0,1.023,1.388,,0.0,,Transit,2021.0,89.57,DesertWorld
Kepler-1334 b,Kepler-1334,15.64591713,0.1229,0.0,,0.20608475,,710.0,60.08,5896.0,1.008,0.916,,-0.08,,Transit,2016.0,89.38,SuperEarth
Kepler-1277 b,Kepler-1277,40.8366307,0.2237,0.0,,0.13382127,,496.0,14.3,5529.0,0.893,0.925,,0.0,,Transit,2016.0,89.65,EarthLike
Kepler-1686 b,Kepler-1686,9.30991834,0.0866,0.0,,0.10794916,,913.0,164.38,5806.0,0.996,1.101,,0.06,,Transit,2020.0,88.19,DesertWorld
Kepler-261 c,Kepler-261,24.57081569,0.1574,0.0,,0.18734977,,509.0,15.86,5203.0,0.865,0.774,,0.0,,Transit,2014.0,89.95,SuperEarth
Kepler-264 c,Kepler-264,140.10394,0.5785,0.0,,0.37113098,,559.0,23.16,6231.0,1.316,2.397,,-0.18,,Transit,2014.0,89.38,MiniNeptune
Kepler-175 c,Kepler-175,34.0350559,0.2109,0.0,,0.28726965,,583.0,27.24,6063.0,1.079,1.001,,-0.02,,Transit,2014.0,87.66,MiniNeptune
Kepler-1278 b,Kepler-1278,3.23941344,0.0419,0.0,,0.06869492,,1213.0,511.14,6075.0,0.934,0.858,,-0.46,,Transit,2016.0,89.38,DesertWorld
Kepler-1280 b,Kepler-1280,66.5576728,0.38,0.0,,0.44250232,,757.0,77.68,5734.0,1.648,3.405,,0.26,,Transit,2016.0,89.69,MiniNeptune
Kepler-532 b,Kepler-532,12.92491623,0.0986,0.0,,0.23374115,,642.0,40.08,5088.0,0.763,0.806,,-0.06,,Transit,2016.0,88.81,MiniNeptune
Kepler-1279 b,Kepler-1279,23.4772553,0.1633,0.0,,0.119547,,738.0,70.05,6384.0,1.046,1.121,,-0.24,,Transit,2016.0,89.97,EarthLike
Kepler-125 c,Kepler-125,5.77442209,0.0513,0.0,,0.07583205,,535.0,19.38,3810.0,0.54,0.52,,-0.02,,Transit,2014.0,89.38,EarthLike
Kepler-1276 b,Kepler-1276,12.5720095,0.1055,0.0,,0.09724345,,909.0,161.43,6456.0,0.99,1.075,,-0.54,,Transit,2016.0,87.66,DesertWorld
Kepler-523 b,Kepler-523,5.835983111,0.0621,0.0,,0.17218336,,892.0,149.39,5509.0,0.937,0.836,,0.02,,Transit,2016.0,89.95,DesertWorld
Kepler-1857 b,Kepler-1857,8.94343618,0.0807,0.0,,0.13382127,,946.0,188.93,6074.0,0.873,1.005,,-0.54,,Transit,2021.0,89.95,DesertWorld
Kepler-755 c,Kepler-755,2.853133644,0.0355,0.0,,0.11508629,,1047.0,284.47,5095.0,0.733,0.771,,-0.2,,Transit,2016.0,88.81,DesertWorld
Kepler-173 b,Kepler-173,4.26374847,0.0476,0.0,,0.11419415,,1179.0,457.15,6032.0,0.793,0.935,,-0.78,,Transit,2014.0,88.81,DesertWorld
Kepler-265 b,Kepler-265,6.84619236,0.0677,0.0,,0.14898768,,1022.0,258.41,5839.0,0.881,1.067,,-0.28,,Transit,2014.0,89.71,DesertWorld
Kepler-1274 b,Kepler-1274,6.98152703,0.0799,0.0,,0.11687057,,1398.0,902.05,6131.0,1.417,2.134,,0.13,,Transit,2016.0,88.81,DesertWorld
Kepler-1858 b,Kepler-1858,88.0712696,0.3643,0.0,,0.20251618,,325.0,2.63,5126.0,0.839,0.751,,-0.06,,Transit,2021.0,89.95,SuperEarth
Kepler-1275 b,Kepler-1275,3.65691115,0.0477,0.0,,0.10616487,,1320.0,717.83,6269.0,1.073,1.087,,-0.12,,Transit,2016.0,89.38,DesertWorld
Kepler-260 c,Kepler-260,76.0498163,0.329,0.0,,0.15612481,,372.0,4.53,5251.0,0.821,0.849,,0.0,,Transit,2014.0,89.99,EarthLike
Kepler-122 d,Kepler-122,21.5878875,0.1533,0.0,,0.13560555,,670.0,47.58,6103.0,1.028,0.949,,-0.2,,Transit,2014.0,89.95,EarthLike
Kepler-392 b,Kepler-392,5.34185804,0.0619,0.0,,0.10616487,,1360.0,807.67,6474.0,1.104,1.403,,-0.3,,Transit,2014.0,88.24,DesertWorld
Kepler-252 b,Kepler-252,6.66834872,0.0588,0.0,,0.10705701,,588.0,28.25,4208.0,0.61,0.59,,-0.19,,Transit,2014.0,89.38,EarthLike
Kepler-255 b,Kepler-255,5.71462004,0.0628,0.0,,0.13828198,,923.0,171.73,5569.0,1.009,0.887,,0.21,,Transit,2014.0,88.24,DesertWorld
Kepler-1998 b,Kepler-1998,3.03266154,0.0392,0.0,,0.05442065,,1197.0,485.61,5725.0,0.874,0.881,,-0.26,,Transit,2023.0,87.09,DesertWorld
Kepler-251 e,Kepler-251,99.6409653,0.4126,0.0,,0.34704315,,419.0,7.26,5883.0,0.941,1.074,,-0.16,,Transit,2014.0,89.95,MiniNeptune
Kepler-133 c,Kepler-133,31.51780202,0.1952,0.0,,0.26228968,,683.0,51.39,5588.0,0.998,1.498,,0.12,,Transit,2014.0,88.24,MiniNeptune
Kepler-1282 b,Kepler-1282,2.131945045,0.0335,0.0,,0.14809554,,1418.0,955.16,5845.0,1.102,1.013,,0.26,,Transit,2016.0,88.66,DesertWorld
Kepler-26 e,Kepler-26,46.827714,0.2085,0.0,,0.18824192,,273.0,1.32,3887.0,0.55,0.53,,-0.08,,Transit,2014.0,89.95,SuperEarth
Kepler-185 b,Kepler-185,1.632918853,0.0254,0.0,,0.10348845,,1282.0,638.67,5205.0,0.815,0.792,,-0.06,,Transit,2014.0,87.09,DesertWorld
Kepler-1861 b,Kepler-1861,40.0306267,0.2408,0.0,,0.1793205,,617.0,34.19,5855.0,1.161,1.373,,0.26,,Transit,2021.0,89.7,SuperEarth
Kepler-180 b,Kepler-180,13.81733587,0.1078,0.0,,0.18199692,,781.0,88.04,5735.0,0.875,1.028,,-0.2,,Transit,2014.0,83.04,SuperEarth
Kepler-1859 b,Kepler-1859,2.7296036,0.0394,0.0,,0.13649769,,1455.0,1056.15,5887.0,1.09,1.235,,0.16,,Transit,2021.0,85.66,DesertWorld
Kepler-258 c,Kepler-258,33.6528474,0.1916,0.0,,0.27210324,,470.0,11.5,4954.0,0.827,0.885,,0.44,,Transit,2014.0,89.42,MiniNeptune
Kepler-182 b,Kepler-182,9.82578495,0.0949,0.0,,0.23730971,,935.0,180.36,6246.0,1.18,1.092,,0.07,,Transit,2014.0,83.03,MiniNeptune
Kepler-140 b,Kepler-140,3.254277742,0.0443,0.0,,0.12311557,,1301.0,675.56,5945.0,1.092,1.089,,0.16,,Transit,2014.0,87.84,DesertWorld
Kepler-256 d,Kepler-256,5.83908991,0.0651,0.0,,0.14720339,,1008.0,244.16,5936.0,1.075,0.965,,0.07,,Transit,2014.0,88.81,DesertWorld
Kepler-1860 b,Kepler-1860,12.7372371,0.1021,0.0,,0.07761633,,697.0,55.82,5420.0,0.874,0.868,,0.0,,Transit,2021.0,89.24,EarthLike
Kepler-1281 b,Kepler-1281,3.11602791,0.0415,0.0,,0.15077196,,1123.0,375.55,5591.0,0.977,0.86,,0.07,,Transit,2016.0,87.09,DesertWorld
Kepler-758 d,Kepler-758,20.4966197,0.1582,0.0,,0.1793205,,863.0,130.9,6692.0,1.261,1.351,,-0.14,,Transit,2016.0,89.95,DesertWorld
Kepler-206 d,Kepler-206,23.4433748,0.1594,0.0,,0.11508629,,681.0,50.72,5762.0,0.982,1.143,,0.06,,Transit,2014.0,85.83,EarthLike
Kepler-169 c,Kepler-169,6.19543693,0.0626,0.0,,0.13114484,,884.0,144.2,5173.0,0.85,0.939,,0.26,,Transit,2014.0,89.95,DesertWorld
Kepler-208 e,Kepler-208,16.25945734,0.1306,0.0,,0.13560555,,875.0,138.51,6220.0,1.123,1.328,,0.02,,Transit,2014.0,89.95,DesertWorld
Kepler-1849 b,Kepler-1849,57.293155,0.2597,0.0,,0.1900262,,355.0,3.76,4806.0,0.709,0.729,,-0.1,,Transit,2021.0,89.95,SuperEarth
Kepler-1268 b,Kepler-1268,40.9903986,0.2395,0.0,,0.19091834,,610.0,32.83,6324.0,1.085,1.147,,-0.1,,Transit,2016.0,89.95,SuperEarth
Kepler-1850 b,Kepler-1850,1.385785956,0.0205,0.0,,0.04817566,,989.0,225.95,4189.0,0.593,0.587,,-0.24,,Transit,2021.0,89.38,DesertWorld
Kepler-1267 b,Kepler-1267,13.0313583,0.1057,0.0,,0.25693683,,774.0,84.94,5514.0,0.926,1.071,,0.16,,Transit,2016.0,86.61,MiniNeptune
Kepler-275 d,Kepler-275,35.6756963,0.2338,0.0,,0.27477967,,675.0,49.15,6535.0,1.339,1.283,,0.21,,Transit,2014.0,88.81,MiniNeptune
Kepler-436 c,Kepler-436,16.79713874,0.1026,0.0,,0.1516641,,423.0,7.58,4299.0,0.508,0.511,,-0.96,,Transit,2016.0,89.95,EarthLike
Kepler-1851 b,Kepler-1851,12.02298773,0.1016,0.0,,1.64957015,,776.0,85.78,5982.0,0.967,0.879,,-0.28,,Transit,2021.0,86.52,GasGiant
Kepler-344 c,Kepler-344,125.602302,0.4806,0.0,,0.28459323,,360.0,3.95,5774.0,0.937,0.958,,-0.1,,Transit,2014.0,89.38,MiniNeptune
Kepler-1269 b,Kepler-1269,37.3331536,0.2227,0.0,,0.13738983,,604.0,31.45,6144.0,1.053,1.106,,-0.06,,Transit,2016.0,89.95,EarthLike
Kepler-1265 b,Kepler-1265,6.49441464,0.0612,0.0,,0.15612481,,732.0,68.05,4769.0,0.724,0.742,,0.0,,Transit,2016.0,84.68,EarthLike
Kepler-1264 b,Kepler-1264,0.968526023,0.0174,0.0,,0.08832204,,1823.0,2609.51,5854.0,0.752,0.867,,-0.76,,Transit,2016.0,86.52,LavaWorld
Kepler-524 b,Kepler-524,7.97419807,0.079,0.0,,0.19270262,,1062.0,300.47,6049.0,1.031,1.251,,-0.1,,Transit,2016.0,89.95,DesertWorld
Kepler-345 b,Kepler-345,7.41557859,0.0634,0.0,,0.0704792,,610.0,32.7,4386.0,0.616,0.63,,-0.26,,Transit,2014.0,89.95,EarthLike
Kepler-1848 b,Kepler-1848,5.60401852,0.0608,0.0,,0.21679045,,1142.0,402.08,4991.0,0.953,1.636,,0.42,,Transit,2021.0,89.38,DesertWorld
Kepler-1266 b,Kepler-1266,28.474748,0.1725,0.0,,0.232849,,489.0,13.51,5274.0,0.854,0.762,,-0.14,,Transit,2016.0,88.24,MiniNeptune
Kepler-406 b,Kepler-406,2.426300839,0.036,0.0,,0.11776272,,1306.0,688.67,5697.0,1.058,0.973,,0.28,,Transit,2014.0,88.81,DesertWorld
Kepler-1855 b,Kepler-1855,0.727330426,0.0103,0.0,,0.05263637,,779.0,86.97,3339.0,0.275,0.288,,0.0,,Transit,2021.0,84.22,EarthLike
Kepler-267 c,Kepler-267,6.877449897,0.0558,0.0,,0.18021264,,487.0,13.34,3807.0,0.49,0.47,,-0.26,,Transit,2014.0,89.38,SuperEarth
Kepler-1854 b,Kepler-1854,39.8313153,0.2037,0.0,,0.11419415,,401.0,6.14,5106.0,0.708,0.647,,-0.54,,Transit,2021.0,89.95,EarthLike
Kepler-1272 b,Kepler-1272,51.1309704,0.2704,0.0,,0.21500617,,542.0,20.38,6071.0,1.005,1.107,,-0.14,,Transit,2016.0,88.81,SuperEarth
Kepler-1273 b,Kepler-1273,28.6253502,0.1857,0.0,,0.21232974,,573.0,25.54,5774.0,1.038,0.941,,0.12,,Transit,2016.0,89.98,SuperEarth
Kepler-1856 b,Kepler-1856,1.302017467,0.0215,0.0,,0.12222342,,1344.0,772.73,4948.0,0.782,0.816,,0.14,,Transit,2021.0,87.69,DesertWorld
Kepler-266 c,Kepler-266,107.7214092,0.4352,0.0,,0.42376735,,421.0,7.39,5529.0,0.947,1.294,,0.16,,Transit,2014.0,90.0,MiniNeptune
Kepler-533 b,Kepler-533,28.51120525,0.1801,0.0,,0.7324484,,669.0,47.43,4880.0,0.956,1.741,,0.42,,Transit,2016.0,88.81,GasGiant
Kepler-1271 b,Kepler-1271,3.0255955,0.0423,0.0,,0.10705701,,1351.0,788.13,6184.0,1.1,1.038,,-0.06,,Transit,2016.0,88.81,DesertWorld
Kepler-272 d,Kepler-272,10.93725572,0.092,0.0,,0.21500617,,777.0,86.28,5334.0,0.865,1.004,,0.16,,Transit,2014.0,86.63,SuperEarth
Kepler-1270 b,Kepler-1270,6.03356196,0.0712,0.0,,0.26853468,,1464.0,1086.18,5190.0,1.319,2.912,,-0.12,,Transit,2016.0,71.62,MiniNeptune
Kepler-1852 b,Kepler-1852,7.9709719,0.0762,0.0,,0.20251618,,760.0,79.1,5237.0,0.927,0.826,,0.24,,Transit,2021.0,87.65,SuperEarth
Kepler-269 c,Kepler-269,8.1280933,0.0796,0.0,,0.12400771,,875.0,138.51,5831.0,1.016,0.921,,0.0,,Transit,2014.0,88.71,DesertWorld
Kepler-172 d,Kepler-172,14.62698952,0.1132,0.0,,0.19716333,,735.0,68.81,5583.0,0.903,1.007,,0.02,,Transit,2014.0,88.81,SuperEarth
Kepler-1853 b,Kepler-1853,48.8874292,0.2332,0.0,,0.12311557,,385.0,5.21,4930.0,0.707,0.732,,-0.2,,Transit,2021.0,89.95,EarthLike
Kepler-1300 b,Kepler-1300,22.2420032,0.1655,0.0,,0.18199692,,954.0,195.54,5979.0,1.219,2.164,,-0.12,,Transit,2016.0,85.08,DesertWorld
Kepler-1299 b,Kepler-1299,19.9400874,0.1351,0.0,,0.22035902,,585.0,27.67,5609.0,0.827,0.755,,-0.42,,Transit,2016.0,87.66,SuperEarth
Kepler-1383 b,Kepler-1383,13.9093583,0.1107,0.0,,0.10348845,,910.0,161.84,6279.0,0.932,1.194,,-0.54,,Transit,2016.0,89.38,DesertWorld
Kepler-1384 b,Kepler-1384,15.36262753,0.1126,0.0,,0.19716333,,608.0,32.23,5011.0,0.806,0.851,,0.2,,Transit,2016.0,88.24,SuperEarth
Kepler-514 b,Kepler-514,5.65179605,0.0642,0.0,,0.13292913,,1233.0,546.32,6292.0,1.098,1.267,,-0.08,,Transit,2016.0,89.95,DesertWorld
Kepler-414 c,Kepler-414,7.170732075,0.0701,0.0,,0.26764253,,895.0,151.65,5523.0,0.892,0.946,,0.02,,Transit Timing Variations,2014.0,87.66,MiniNeptune
Kepler-1298 b,Kepler-1298,7.12811928,0.0781,0.0,,0.09278275,,1261.0,597.75,6461.0,1.253,1.529,,-0.1,,Transit,2016.0,89.38,DesertWorld
Kepler-245 c,Kepler-245,17.46085263,0.1225,0.0,,0.22571187,,619.0,34.79,5257.0,0.804,0.874,,-0.02,,Transit,2014.0,89.95,MiniNeptune
Kepler-1864 b,Kepler-1864,3.88148385,0.0488,0.0,,0.05263637,,1156.0,423.0,5854.0,1.03,0.979,,0.06,,Transit,2021.0,88.66,DesertWorld
Kepler-191 c,Kepler-191,17.73842886,0.1241,0.0,,0.22035902,,596.0,29.74,5105.0,0.81,0.868,,0.14,,Transit,2014.0,88.16,SuperEarth
Kepler-1652 b,Kepler-1652,38.09722,0.1654,,,0.14274244,,268.0,0.81,3638.0,0.404,0.382,-1.638,-0.3,,Transit,2017.0,89.9927,EarthLike
Kepler-46 d,Kepler-46,6.76652928,0.0672,0.0,,0.17575193,,845.0,120.48,5149.0,0.882,0.93,,0.42,,Transit,2014.0,88.51,DesertWorld
Kepler-190 c,Kepler-190,3.763042361,0.0451,0.0,,0.1302527,,964.0,204.26,5239.0,0.868,0.785,,0.0,,Transit,2014.0,89.95,DesertWorld
Kepler-1885 b,Kepler-1885,2.522588632,0.036,0.0,,2.06798465,,1205.0,499.07,5591.0,0.977,0.86,,0.07,,Transit,2021.0,64.17,HotJupiter
Kepler-1295 b,Kepler-1295,3.81371974,0.0465,0.0,,0.13382127,,1040.0,276.65,5561.0,0.919,0.836,,-0.06,,Transit,2016.0,89.95,DesertWorld
Kepler-1296 b,Kepler-1296,8.38395796,0.0896,0.0,,0.28905394,,1285.0,645.64,5405.0,1.365,2.605,,0.08,,Transit,2016.0,81.36,MiniNeptune
Kepler-1863 b,Kepler-1863,44.9977478,0.2438,0.0,,0.13203698,,590.0,28.67,6112.0,0.953,1.168,,-0.34,,Transit,2021.0,89.38,EarthLike
Kepler-1385 b,Kepler-1385,2.88879862,0.039,0.0,,0.0490678,,1187.0,469.43,5751.0,0.945,0.854,,-0.14,,Transit,2016.0,88.81,DesertWorld
Kepler-1297 b,Kepler-1297,1.68189002,0.0275,0.0,,0.08742989,,1682.0,1890.2,6214.0,0.975,1.035,,-0.36,,Transit,2016.0,88.81,DesertWorld
Kepler-1865 b,Kepler-1865,2.524017517,0.0344,0.0,,0.13382127,,1203.0,495.14,5420.0,0.849,0.871,,-0.06,,Transit,2021.0,89.73,DesertWorld
Kepler-1304 b,Kepler-1304,16.1288853,0.1138,0.0,,0.20608475,,627.0,36.62,5295.0,0.756,0.821,,-0.24,,Transit,2016.0,83.08,SuperEarth
Kepler-1884 b,Kepler-1884,8.98825111,0.0845,0.0,,0.10438059,,864.0,131.92,5984.0,0.993,0.906,,-0.2,,Transit,2021.0,89.38,DesertWorld
Kepler-132 c,Kepler-132,6.41490515,0.0657,0.0,,0.11062558,,1042.0,278.29,5921.0,0.919,1.045,,-0.26,,Transit,2014.0,85.94,DesertWorld
Kepler-395 c,Kepler-395,34.9894475,0.1561,0.0,,0.11151772,,264.0,1.14,3735.0,0.413,0.4,,-0.5,,Transit,2014.0,88.24,EarthLike
Kepler-529 b,Kepler-529,1.980357663,0.0306,0.0,,0.13382127,,1483.0,1143.4,6248.0,0.977,0.886,,-0.5,,Transit,2016.0,87.66,DesertWorld
Kepler-1380 b,Kepler-1380,10.3108245,0.0917,0.0,,0.119547,,786.0,90.1,5708.0,0.967,0.893,,-0.02,,Transit,2016.0,89.38,EarthLike
Kepler-1306 b,Kepler-1306,16.29595382,0.1245,0.0,,0.15701695,,676.0,49.43,5796.0,0.966,0.871,,-0.12,,Transit,2016.0,89.95,EarthLike
Kepler-1379 b,Kepler-1379,0.88184263,0.0171,0.0,,0.11062558,,1564.0,1419.46,5268.0,0.871,0.776,,-0.06,,Transit,2016.0,84.47,DesertWorld
Kepler-1305 b,Kepler-1305,13.5630972,0.1109,0.0,,0.15612481,,733.0,68.41,5853.0,0.99,0.895,,-0.1,,Transit,2016.0,89.38,EarthLike
Kepler-1381 b,Kepler-1381,25.3842686,0.1728,0.0,,0.21500617,,649.0,42.01,6137.0,1.067,0.994,,-0.12,,Transit,2016.0,89.95,SuperEarth
Kepler-1301 b,Kepler-1301,9.08237046,0.0815,0.0,,0.12579199,,734.0,68.75,5354.0,0.884,0.788,,-0.08,,Transit,2016.0,89.95,EarthLike
Kepler-450 b,Kepler-450,28.45492088,0.2004,0.0,,0.52904008,,767.0,81.96,6215.0,1.346,1.57,,0.28,,Transit,2015.0,89.95,MiniNeptune
Kepler-1382 b,Kepler-1382,16.3583055,0.1307,0.0,,0.09635131,,740.0,70.99,6046.0,1.111,1.007,,0.07,,Transit,2016.0,88.81,EarthLike
Kepler-616 c,Kepler-616,90.4117992,0.4024,0.0,,0.35328815,,413.0,6.86,6004.0,1.061,0.977,,-0.02,,Transit,2016.0,89.16,MiniNeptune
Kepler-1303 b,Kepler-1303,7.56127224,0.0751,0.0,,0.11151772,,891.0,149.17,5853.0,0.99,0.895,,-0.1,,Transit,2016.0,89.95,DesertWorld
Kepler-1302 b,Kepler-1302,8.83922659,0.0795,0.0,,0.13203698,,778.0,86.5,5330.0,0.855,0.87,,0.04,,Transit,2016.0,89.95,EarthLike
Kepler-243 c,Kepler-243,20.026231,0.1406,0.0,,0.15434053,,554.0,22.24,5228.0,0.921,0.811,,0.21,,Transit,2014.0,89.95,EarthLike
Kepler-394 b,Kepler-394,8.00505342,0.082,0.0,,0.15344839,,1063.0,302.24,6426.0,1.145,1.154,,-0.12,,Transit,2014.0,89.95,DesertWorld
Kepler-97 b,Kepler-97,2.586638081,0.0357,0.0,,0.14274268,,1331.0,742.57,5802.0,0.906,0.966,,-0.2,,Transit,2014.0,81.93,DesertWorld
Kepler-1390 b,Kepler-1390,6.48021673,0.0647,0.0,,0.08207704,,872.0,136.78,5662.0,0.859,0.789,,-0.34,,Transit,2016.0,89.38,DesertWorld
Kepler-186 e,Kepler-186,22.40777444,0.1218,0.0,,0.11240986,,322.0,2.55,3761.0,0.48,0.46,,-0.21,,Transit,2014.0,89.38,EarthLike
Kepler-716 c,Kepler-716,3.96996298,0.046,0.0,,0.15880124,,992.0,229.37,5121.0,0.822,0.888,,0.18,,Transit,2020.0,86.81,DesertWorld
Kepler-54 c,Kepler-54,12.07135949,0.0812,0.0,,0.11865486,,395.0,5.78,3726.0,0.49,0.47,,-0.12,,Transit,2012.0,87.66,EarthLike
Kepler-187 b,Kepler-187,4.93886507,0.0547,0.0,,0.11240986,,1175.0,451.27,5945.0,0.896,1.099,,-0.34,,Transit,2014.0,87.09,DesertWorld
Kepler-1389 b,Kepler-1389,99.2530951,0.3825,0.0,,0.1579091,,318.0,2.41,5129.0,0.756,0.754,,-0.2,,Transit,2016.0,89.95,EarthLike
Kepler-1287 b,Kepler-1287,11.47685909,0.1001,0.0,,0.13203698,,811.0,102.05,6032.0,1.014,0.929,,-0.18,,Transit,2016.0,89.38,DesertWorld
Kepler-393 b,Kepler-393,9.18244299,0.0886,0.0,,0.11062558,,1052.0,289.74,6194.0,1.098,1.314,,-0.04,,Transit,2014.0,89.07,DesertWorld
Kepler-1284 b,Kepler-1284,0.664073806,0.0143,0.0,,0.10616487,,1710.0,2022.07,5177.0,0.89,0.802,,0.16,,Transit,2016.0,89.95,DesertWorld
Kepler-531 b,Kepler-531,29.88485741,0.1694,0.0,,0.24712327,,453.0,9.95,4883.0,0.725,0.749,,-0.08,,Transit,2016.0,89.38,MiniNeptune
Kepler-250 d,Kepler-250,17.64830992,0.1257,0.0,,0.19894762,,573.0,25.42,5162.0,0.849,0.795,,0.06,,Transit,2014.0,89.95,SuperEarth
Kepler-1687 b,Kepler-1687,5.77957133,0.0532,0.0,,0.13382127,,598.0,30.22,4102.0,0.599,0.581,,-0.14,,Transit,2020.0,82.13,EarthLike
Kepler-1283 b,Kepler-1283,12.9460978,0.1062,0.0,,0.11508629,,764.0,80.34,6058.0,0.95,0.867,,-0.4,,Transit,2016.0,88.81,EarthLike
Kepler-55 c,Kepler-55,42.1406089,0.2095,0.0,,0.16504623,,349.0,3.49,4500.0,0.71,0.646,,-0.02,,Transit,2012.0,89.96,SuperEarth
Kepler-1285 b,Kepler-1285,14.7967458,0.1272,0.0,,0.12489985,,994.0,230.57,6141.0,1.254,1.712,,0.12,,Transit,2016.0,88.24,DesertWorld
Kepler-1286 b,Kepler-1286,11.25401871,0.0991,0.0,,0.21589831,,888.0,147.13,5995.0,1.022,1.118,,-0.04,,Transit,2016.0,87.68,DesertWorld
Kepler-1293 b,Kepler-1293,5.57654784,0.065,0.0,,0.08029276,,1214.0,513.18,6528.0,1.177,1.155,,-0.16,,Transit,2016.0,88.24,DesertWorld
Kepler-1862 b,Kepler-1862,16.0573291,0.1199,0.0,,0.20251618,,645.0,41.04,5644.0,0.9,0.806,,-0.24,,Transit,2021.0,87.2,SuperEarth
Kepler-1387 b,Kepler-1387,2.279523364,0.031,0.0,,0.07761633,,1123.0,374.78,5017.0,0.76,0.797,,-0.02,,Transit,2016.0,89.83,DesertWorld
Kepler-1292 b,Kepler-1292,3.27646405,0.0444,0.0,,0.16950694,,1198.0,486.72,5825.0,1.083,0.965,,0.21,,Transit,2016.0,88.81,DesertWorld
Kepler-246 c,Kepler-246,11.18719905,0.0907,0.0,,0.13828198,,667.0,46.65,4986.0,0.793,0.833,,0.16,,Transit,2014.0,89.1,EarthLike
Kepler-1291 b,Kepler-1291,8.63043276,0.0778,0.0,,0.14006626,,741.0,71.1,5354.0,0.848,0.765,,-0.18,,Transit,2016.0,88.24,EarthLike
Kepler-142 c,Kepler-142,4.761705895,0.0555,0.0,,0.24533899,,1201.0,491.37,5794.0,1.004,1.225,,0.07,,Transit,2014.0,87.89,MiniNeptune
Kepler-1294 b,Kepler-1294,115.6862258,0.4671,0.0,,0.26942682,,375.0,4.69,6032.0,1.014,0.929,,-0.18,,Transit,2016.0,89.95,MiniNeptune
Kepler-1386 b,Kepler-1386,6.73972381,0.0699,0.0,,0.09724345,,930.0,176.73,5770.0,1.001,0.933,,0.04,,Transit,2016.0,89.38,DesertWorld
Kepler-513 b,Kepler-513,28.86236571,0.1789,0.0,,0.22571187,,623.0,35.56,5725.0,0.915,1.088,,-0.08,,Transit,2016.0,88.35,MiniNeptune
Kepler-1288 b,Kepler-1288,2.76122421,0.0435,0.0,,0.16772265,,2016.0,3906.36,6381.0,1.436,2.232,,-0.08,,Transit,2016.0,84.8,LavaWorld
Kepler-530 b,Kepler-530,39.30944096,0.2212,0.0,,0.25604469,,488.0,13.46,5607.0,0.932,0.863,,-0.04,,Transit,2016.0,89.97,MiniNeptune
Kepler-512 b,Kepler-512,34.43587975,0.2038,0.0,,0.17664407,,585.0,27.67,6100.0,0.952,0.963,,-0.36,,Transit,2016.0,89.95,SuperEarth
Kepler-1289 b,Kepler-1289,7.99019627,0.077,0.0,,0.1025963,,875.0,138.65,5933.0,0.95,0.861,,-0.28,,Transit,2016.0,89.38,DesertWorld
Kepler-1994 b,Kepler-1994,4.61225043,0.053,0.0,,0.04549923,,1032.0,268.27,5495.0,0.932,0.961,,0.16,,Transit,2023.0,89.95,DesertWorld
Kepler-189 b,Kepler-189,10.39986173,0.0862,0.0,,0.13382127,,678.0,49.86,4963.0,0.789,0.826,,0.16,,Transit,2014.0,87.28,EarthLike
Kepler-1290 b,Kepler-1290,4.69505576,0.0557,0.0,,0.13292913,,1098.0,343.6,5999.0,1.045,0.959,,-0.06,,Transit,2016.0,89.0,DesertWorld
Kepler-1388 b,Kepler-1388,12.2854603,0.085,0.0,,0.19894762,,427.0,7.86,3903.0,0.541,0.523,,-0.2,,Transit,2016.0,89.95,SuperEarth
Kepler-325 c,Kepler-325,12.76224947,0.1029,0.0,,0.29708321,,783.0,89.04,5749.0,0.892,0.982,,-0.18,,Transit,2014.0,87.09,MiniNeptune
Kepler-954 b,Kepler-954,16.78176602,0.1157,0.0,,0.20786903,,558.0,22.98,4936.0,0.734,0.761,,-0.08,,Transit,2016.0,88.81,SuperEarth
Kepler-1709 b,Kepler-1709,65.70460002,0.3251,0.0,,0.22928044,,454.0,10.02,5952.0,1.057,0.971,,0.02,,Transit,2021.0,89.95,MiniNeptune
Kepler-209 c,Kepler-209,41.74938613,0.228,0.0,,0.26228968,,486.0,13.22,5506.0,0.904,0.914,,0.04,,Transit,2014.0,89.77,MiniNeptune
Kepler-1418 b,Kepler-1418,22.4764425,0.1309,0.0,,0.11776272,,419.0,7.29,4560.0,0.59,0.568,,-0.7,,Transit,2016.0,89.38,EarthLike
Kepler-1410 b,Kepler-1410,60.866168,0.247,0.0,,0.13917412,,251.0,0.93,3903.0,0.541,0.523,,-0.2,,Transit,2016.0,89.95,EarthLike
Kepler-969 b,Kepler-969,34.1732156,0.2027,0.0,,0.2114376,,465.0,11.09,5201.0,0.948,0.834,,0.36,,Transit,2016.0,88.63,SuperEarth
Kepler-1040 b,Kepler-1040,201.1214,0.6291,0.0,,0.16415409,,297.0,1.83,5804.0,0.819,0.845,,-0.5,,Transit,2016.0,89.95,SuperEarth
Kepler-1408 b,Kepler-1408,2.99792926,0.0425,0.0,,0.09991988,,1616.0,1611.51,5888.0,1.136,1.645,,0.14,,Transit,2016.0,85.24,DesertWorld
Kepler-1407 b,Kepler-1407,20.0711504,0.1494,0.0,,0.19270262,,736.0,69.25,6086.0,1.101,1.122,,0.06,,Transit,2016.0,89.38,SuperEarth
Kepler-339 b,Kepler-339,4.97761996,0.0547,0.0,,0.1302527,,954.0,195.78,5627.0,0.88,0.808,,-0.24,,Transit,2014.0,87.09,DesertWorld
Kepler-992 b,Kepler-992,20.16034462,0.1423,0.0,,0.33722959,,767.0,81.88,5017.0,0.943,1.71,,0.2,,Transit,2016.0,87.66,MiniNeptune
Kepler-1043 b,Kepler-1043,38.5053398,0.2159,0.0,,0.22660401,,532.0,18.98,5974.0,0.904,0.881,,-0.42,,Transit,2016.0,88.81,MiniNeptune
Kepler-1893 b,Kepler-1893,4.17938195,0.0497,0.0,,0.14274268,,1198.0,486.31,5632.0,0.934,1.155,,0.06,,Transit,2021.0,88.24,DesertWorld
Kepler-994 b,Kepler-994,1.151166776,0.0177,0.0,,0.11419415,,957.0,199.25,3951.0,0.561,0.535,,-0.16,,Transit,2016.0,89.8,DesertWorld
Kepler-229 d,Kepler-229,41.19725502,0.217,0.0,,0.34436673,,439.0,8.76,5031.0,0.801,0.848,,0.16,,Transit,2014.0,89.96,MiniNeptune
Kepler-1412 b,Kepler-1412,3.61460332,0.0461,0.0,,0.08029276,,1397.0,900.38,5799.0,0.999,1.375,,0.0,,Transit,2016.0,89.83,DesertWorld
Kepler-1049 b,Kepler-1049,3.273460736,0.0334,0.0,,0.07761633,,620.0,34.96,3809.0,0.464,0.455,,-0.4,,Transit,2016.0,84.22,EarthLike
Kepler-1411 b,Kepler-1411,86.1150888,0.3998,0.0,,0.28905394,,444.0,9.17,6167.0,1.149,1.064,,0.07,,Transit,2016.0,89.95,MiniNeptune
Kepler-981 b,Kepler-981,4.469757736,0.0535,0.0,,0.20251618,,1104.0,350.69,5988.0,1.021,0.934,,-0.12,,Transit,2016.0,89.95,DesertWorld
Kepler-1050 b,Kepler-1050,15.3787546,0.1227,0.0,,0.13471341,,786.0,90.26,6086.0,1.037,1.052,,-0.08,,Transit,2016.0,88.81,EarthLike
Kepler-1402 b,Kepler-1402,2.03387914,0.0301,0.0,,0.06512635,,1240.0,557.99,5437.0,0.877,0.804,,-0.1,,Transit,2016.0,83.65,DesertWorld
Kepler-411 c,Kepler-411,7.834435,0.0739,0.108,0.08306327,0.3944152,1.7,838.0,,,0.87,0.82,,,K2 V,Transit,2016.0,88.61,MiniNeptune
Kepler-1403 b,Kepler-1403,5.19492747,0.064,0.0,,0.18110478,,1238.0,554.37,6415.0,1.293,1.224,,0.21,,Transit,2016.0,89.58,DesertWorld
Kepler-347 b,Kepler-347,12.7983044,0.1097,0.0,,0.17753621,,811.0,102.02,6092.0,1.074,0.998,,-0.06,,Transit,2014.0,85.94,DesertWorld
Kepler-998 b,Kepler-998,5.65377733,0.0626,0.0,,0.16772265,,1020.0,256.14,5988.0,1.021,0.934,,-0.12,,Transit,2016.0,89.38,DesertWorld
Kepler-1404 b,Kepler-1404,15.9314739,0.114,0.0,,0.1686148,,606.0,31.8,5385.0,0.778,0.741,,-0.38,,Transit,2016.0,89.38,SuperEarth
Kepler-1892 b,Kepler-1892,6.33125228,0.0633,0.0,,0.11687057,,822.0,108.04,5383.0,0.851,0.759,,-0.22,,Transit,2021.0,89.7,DesertWorld
Kepler-324 c,Kepler-324,51.8096695,0.2624,0.0,,0.28994608,,413.0,6.89,5355.0,0.901,0.803,,0.0,,Transit,2014.0,87.66,MiniNeptune
Kepler-1401 b,Kepler-1401,11.20066445,0.0975,0.0,,0.12222342,,808.0,100.91,6038.0,0.982,0.898,,-0.28,,Transit,2016.0,89.95,DesertWorld
Kepler-1673 b,Kepler-1673,33.78882491,0.2114,0.0,,0.23374115,,604.0,31.56,6184.0,1.1,1.038,,-0.06,,Transit,2020.0,89.38,MiniNeptune
Kepler-1405 b,Kepler-1405,28.2274184,0.1772,0.0,,0.27477967,,564.0,23.89,5864.0,0.929,0.842,,-0.28,,Transit,2016.0,89.95,MiniNeptune
Kepler-1001 b,Kepler-1001,14.30517579,0.1129,0.0,,0.27210324,,693.0,54.59,5741.0,0.938,0.846,,-0.16,,Transit,2016.0,85.25,MiniNeptune
Kepler-1406 b,Kepler-1406,11.62904159,0.0987,0.0,,0.11687057,,854.0,125.89,5721.0,0.945,1.131,,0.0,,Transit,2016.0,85.67,DesertWorld
Kepler-957 b,Kepler-957,5.907413537,0.0559,0.0,,0.44963946,,769.0,82.73,4963.0,0.667,0.69,,-0.42,,Transit,2016.0,89.38,MiniNeptune
Kepler-27 c,Kepler-27,31.33046135,0.1898,0.0,,0.57989216,,481.0,12.61,5251.0,0.926,0.817,,0.21,,Transit,2011.0,88.62,GasGiant
Kepler-956 b,Kepler-956,5.248672631,0.0609,0.0,,0.23998614,,1106.0,354.27,6126.0,1.09,1.021,,-0.04,,Transit,2016.0,87.66,MiniNeptune
Kepler-1771 b,Kepler-1771,88.6442364,0.3846,0.0,,0.22303545,,389.0,5.43,5861.0,0.966,0.872,,-0.18,,Transit,2021.0,88.81,SuperEarth
Kepler-497 b,Kepler-497,3.573203671,0.0457,0.0,,0.53082436,,1211.0,507.91,5646.0,0.996,1.08,,0.22,,Transit,2016.0,89.38,MiniNeptune
Kepler-493 b,Kepler-493,3.003876581,0.0439,0.0,,1.01882591,,1433.0,995.65,6299.0,1.249,1.167,,0.21,,Transit,2016.0,89.38,HotJupiter
Kepler-1056 b,Kepler-1056,27.495606,0.1629,0.0,,0.20697689,,590.0,28.66,5657.0,0.762,0.911,,-0.48,,Transit,2016.0,88.24,SuperEarth
Kepler-990 b,Kepler-990,9.91723428,0.089,0.0,,0.2007319,,847.0,121.67,5953.0,0.957,0.926,,-0.24,,Transit,2016.0,87.09,DesertWorld
Kepler-1011 b,Kepler-1011,5.753221974,0.0633,0.0,,0.27210324,,920.0,169.44,5445.0,1.017,0.929,,0.48,,Transit,2016.0,87.09,MiniNeptune
Kepler-1417 b,Kepler-1417,20.3505213,0.1431,0.0,,0.08921418,,695.0,55.07,5952.0,0.942,1.002,,-0.24,,Transit,2016.0,88.24,EarthLike
Kepler-1415 b,Kepler-1415,0.63642408,0.0144,0.0,,0.11865486,,1848.0,2754.93,5343.0,0.988,0.885,,0.44,,Transit,2016.0,85.94,LavaWorld
Kepler-1022 b,Kepler-1022,10.99469878,0.0805,0.0,,0.18021264,,512.0,16.24,4302.0,0.573,0.586,,-0.44,,Transit,2016.0,88.81,SuperEarth
Kepler-1416 b,Kepler-1416,1.49514952,0.0248,0.0,,0.07672419,,1727.0,2103.03,5710.0,0.906,1.166,,-0.1,,Transit,2016.0,89.95,DesertWorld
KOI-1783.01,KOI-1783,134.4628,,0.0,0.22338986,0.79043626,0.56,,5.7,5922.0,1.076,1.143,,0.11,,Transit,2020.0,89.4413,GasGiant
Kepler-342 b,Kepler-342,15.17026179,0.1275,0.0,,0.1623698,,868.0,134.29,6475.0,1.2,1.178,,-0.06,,Transit,2014.0,89.95,DesertWorld
Kepler-131 c,Kepler-131,25.5170646,0.1736,0.0,,0.06869492,,600.0,30.65,5791.0,1.071,0.958,,0.21,,Transit,2014.0,89.38,EarthLike
Kepler-976 b,Kepler-976,105.9564148,0.4209,0.0,,0.33990602,,322.0,2.54,5308.0,0.887,0.796,,0.02,,Transit,2016.0,89.95,MiniNeptune
Kepler-1695 b,Kepler-1695,4.73292085,0.0526,0.0,,0.0918906,,954.0,196.14,5583.0,0.865,0.79,,-0.26,,Transit,2020.0,88.81,DesertWorld
Kepler-960 b,Kepler-960,3.12686223,0.0414,0.0,,0.48710941,,1392.0,886.72,4854.0,0.97,1.749,,0.56,,Transit,2016.0,87.09,MiniNeptune
Kepler-1896 b,Kepler-1896,44.8698382,0.2529,0.0,,0.239094,,536.0,19.5,6122.0,1.07,0.996,,-0.1,,Transit,2021.0,89.95,MiniNeptune
Kepler-318 b,Kepler-318,4.662719058,0.0566,0.0,,0.52547151,,1327.0,732.99,5903.0,1.113,1.47,,0.16,,Transit,2014.0,89.38,MiniNeptune
Kepler-1046 b,Kepler-1046,14.37504582,0.1167,0.0,,0.18288907,,786.0,90.16,5931.0,1.023,1.053,,0.0,,Transit,2016.0,86.3,SuperEarth
Kepler-1894 c,Kepler-1894,5.05368985,0.0576,0.0,,0.10794916,,1007.0,243.06,5772.0,0.999,0.901,,0.0,,Transit,2023.0,87.71,DesertWorld
Kepler-1413 b,Kepler-1413,13.1829329,0.1066,0.0,,0.16415409,,661.0,45.19,5382.0,0.928,0.827,,0.1,,Transit,2016.0,89.97,SuperEarth
Kepler-989 b,Kepler-989,7.96431492,0.0734,0.0,,0.21768259,,805.0,99.42,5185.0,0.831,0.91,,0.16,,Transit,2016.0,89.73,DesertWorld
Kepler-1037 b,Kepler-1037,1.06378861,0.0198,0.0,,0.14363483,,1650.0,1761.19,5265.0,0.919,1.002,,0.46,,Transit,2016.0,86.11,DesertWorld
Kepler-1414 b,Kepler-1414,3.51576315,0.0426,0.0,,0.12846842,,1033.0,269.57,5094.0,0.833,0.901,,0.26,,Transit,2016.0,89.38,DesertWorld
Kepler-337 c,Kepler-337,9.69315566,0.0882,0.0,,0.15701695,,1004.0,240.44,5684.0,0.975,1.415,,0.02,,Transit,2014.0,86.52,DesertWorld
Kepler-1019 b,Kepler-1019,1.411229847,0.0209,0.0,,0.12133128,,1049.0,286.57,4350.0,0.611,0.625,,-0.26,,Transit,2016.0,81.93,DesertWorld
Kepler-1894 b,Kepler-1894,2.76263462,0.0385,0.0,,0.11240986,,1232.0,544.05,5772.0,0.999,0.901,,0.0,,Transit,2021.0,88.81,DesertWorld
Kepler-332 b,Kepler-332,7.62635494,0.0696,0.0,,0.10794916,,703.0,57.89,4955.0,0.774,0.721,,-0.1,,Transit,2014.0,89.43,EarthLike
Kepler-1895 b,Kepler-1895,6.0703203,0.0617,0.0,,0.12579199,,796.0,94.95,5076.0,0.846,0.78,,0.1,,Transit,2021.0,89.95,EarthLike
Kepler-1677 b,Kepler-1677,22.0640623,0.1634,0.0,,0.20608475,,726.0,65.57,6215.0,1.195,1.145,,0.14,,Transit,2020.0,89.95,SuperEarth
Kepler-30 b,Kepler-30,29.1598615,0.1847,0.0,,0.17039908,,524.0,17.85,5485.0,0.986,0.867,,0.21,,Transit,2012.0,89.38,SuperEarth
Kepler-1776 b,Kepler-1776,35.01198785,0.2142,0.0,,0.19627119,,608.0,32.38,6345.0,1.067,1.012,,-0.3,,Transit,2021.0,89.95,SuperEarth
Kepler-1000 b,Kepler-1000,120.0181272,0.5244,0.0,,0.41663021,,501.0,14.87,6749.0,1.338,1.484,,-0.04,,Transit,2016.0,89.38,MiniNeptune
Kepler-130 d,Kepler-130,87.5174361,0.3775,0.0,,0.12222342,,448.0,9.56,5884.0,0.934,1.127,,-0.22,,Transit,2014.0,89.95,EarthLike
Kepler-334 c,Kepler-334,12.75802811,0.1055,0.0,,0.12222342,,791.0,92.52,5827.0,0.959,0.999,,-0.08,,Transit,2014.0,89.95,EarthLike
Kepler-473 b,Kepler-473,14.55731705,0.1176,0.0,,0.44963946,,932.0,178.02,5683.0,1.022,1.624,,0.0,,Transit,2016.0,89.95,MiniNeptune
Kepler-363 d,Kepler-363,11.9320869,0.1111,0.0,,0.26585825,,1112.0,360.83,5759.0,1.284,2.127,,0.3,,Transit,2014.0,86.52,MiniNeptune
Kepler-11 g,Kepler-11,118.378379,0.4596,0.0,,0.30868106,,376.0,4.75,5657.0,0.921,1.046,,0.0,,Transit,2010.0,89.95,MiniNeptune
Kepler-104 b,Kepler-104,11.427545631,0.0928,0.0,,0.27477967,,972.0,211.16,5755.0,0.814,1.361,,-0.52,,Transit,2014.0,89.38,MiniNeptune
Kepler-362 c,Kepler-362,37.8658964,0.2221,0.0,,0.1793205,,543.0,20.61,5757.0,1.016,1.017,,0.14,,Transit,2014.0,89.83,SuperEarth
Kepler-1388 c,Kepler-1388,5.53609368,0.0519,0.0,,0.19627119,,566.0,24.23,3891.0,0.605,0.564,,0.21,,Transit,2016.0,86.33,SuperEarth
Kepler-1120 b,Kepler-1120,2.949029052,0.0369,0.0,,0.13471341,,1028.0,263.92,4983.0,0.771,0.807,,0.06,,Transit,2016.0,89.38,DesertWorld
Kepler-1693 c,Kepler-1693,5.36375016,0.0588,0.0,,0.1025963,,1059.0,296.73,5553.0,0.941,1.098,,0.16,,Transit,2021.0,89.97,DesertWorld
Kepler-1979 b,Kepler-1979,18.5084526,0.1383,0.0,,2.61665184,,683.0,51.32,5942.0,1.028,0.938,,-0.06,,Transit,2023.0,77.63,GasGiant
Kepler-1371 c,Kepler-1371,2.00541269,0.0274,0.0,,0.04728351,,1216.0,516.85,5374.0,0.68,0.721,,-0.68,,Transit,2016.0,88.81,DesertWorld
Kepler-1121 b,Kepler-1121,13.15141081,0.1154,0.0,,0.1516641,,987.0,224.5,6331.0,1.185,1.442,,-0.1,,Transit,2016.0,82.51,DesertWorld
Kepler-1786 b,Kepler-1786,78.5461638,0.3656,0.0,,0.23463329,,434.0,8.39,6032.0,1.055,0.973,,-0.06,,Transit,2021.0,89.95,MiniNeptune
Kepler-1117 b,Kepler-1117,4.79028459,0.0538,0.0,,0.09010632,,964.0,203.99,5573.0,0.902,0.827,,-0.12,,Transit,2016.0,89.38,DesertWorld
Kepler-1116 b,Kepler-1116,41.6977827,0.2331,0.0,,0.2114376,,489.0,13.57,5737.0,0.969,0.872,,-0.06,,Transit,2016.0,89.95,SuperEarth
Kepler-1391 b,Kepler-1391,54.4092333,0.2796,0.0,,0.12133128,,464.0,10.91,5883.0,0.985,0.892,,-0.14,,Transit,2016.0,89.38,EarthLike
Kepler-1887 b,Kepler-1887,19.94752664,0.1415,0.0,,0.25693683,,623.0,35.66,5751.0,0.945,0.854,,-0.14,,Transit,2021.0,89.38,MiniNeptune
Kepler-1115 b,Kepler-1115,23.5541012,0.2134,0.0,,0.20786903,,1381.0,859.63,9565.0,2.335,2.286,,0.07,,Transit,2016.0,88.55,DesertWorld
Kepler-1392 b,Kepler-1392,15.1410397,0.1189,0.0,,0.18199692,,714.0,61.42,5926.0,0.978,0.887,,-0.2,,Transit,2016.0,89.95,SuperEarth
Kepler-1119 b,Kepler-1119,8.3265153,0.0812,0.0,,0.14987982,,938.0,182.69,6057.0,1.024,1.0,,-0.1,,Transit,2016.0,89.38,DesertWorld
Kepler-1886 b,Kepler-1886,24.2762373,0.1595,0.0,,0.20162404,,578.0,26.41,5735.0,0.915,0.833,,-0.22,,Transit,2021.0,89.95,SuperEarth
Kepler-1118 b,Kepler-1118,38.6715075,0.2079,0.0,,0.2283883,,502.0,15.03,5432.0,0.801,0.913,,-0.16,,Transit,2016.0,88.81,MiniNeptune
Kepler-365 b,Kepler-365,10.66487537,0.0961,0.0,,0.16326195,,868.0,134.22,6011.0,1.035,1.03,,-0.04,,Transit,2014.0,88.24,DesertWorld
Kepler-1126 b,Kepler-1126,108.593113,0.4126,0.0,,0.14987982,,374.0,4.64,5678.0,0.794,0.921,,-0.4,,Transit,2016.0,90.0,EarthLike
Kepler-1365 c,Kepler-1365,4.77466043,0.0545,0.0,,0.07226348,,1137.0,395.06,5727.0,0.946,1.104,,0.0,,Transit,2016.0,89.82,DesertWorld
Kepler-1068 b,Kepler-1068,16.92344113,0.134,0.0,,0.32384747,,735.0,68.98,6063.0,1.117,1.012,,0.07,,Transit,2016.0,89.95,MiniNeptune
Kepler-1125 b,Kepler-1125,17.6700642,0.1283,0.0,,0.1409584,,646.0,41.04,5792.0,0.899,0.819,,-0.32,,Transit,2016.0,89.95,EarthLike
Kepler-404 c,Kepler-404,14.7512034,0.1159,0.0,,0.14541911,,678.0,49.97,5653.0,0.952,0.857,,-0.04,,Transit,2014.0,88.81,EarthLike
Kepler-446 d,Kepler-446,5.1489289,0.0455,0.0,,0.21768259,,489.0,13.55,3485.0,0.472,0.461,,0.3,,Transit,2015.0,89.95,SuperEarth
Kepler-403 c,Kepler-403,54.2812031,0.29,0.0,,0.12757627,,525.0,18.02,6086.0,1.102,1.111,,0.06,,Transit,2014.0,89.38,EarthLike
Kepler-1127 b,Kepler-1127,5.12330347,0.0547,0.0,,0.1409584,,907.0,160.08,5510.0,0.833,0.762,,-0.32,,Transit,2016.0,80.79,DesertWorld
Kepler-1336 c,Kepler-1336,5.77721211,0.0621,0.0,,0.0918906,,941.0,185.07,5717.0,0.958,0.864,,-0.08,,Transit,2016.0,88.81,DesertWorld
Kepler-1800 b,Kepler-1800,4.5620407,0.0592,0.0,,0.25158398,,1533.0,1306.97,5343.0,1.33,2.506,,0.08,,Transit,2021.0,79.48,MiniNeptune
Kepler-1799 b,Kepler-1799,11.92976844,0.1028,0.0,,0.23820186,,770.0,83.04,5831.0,1.016,0.921,,0.0,,Transit,2021.0,89.95,MiniNeptune
Kepler-127 b,Kepler-127,14.43594397,0.1245,0.0,,0.1302527,,890.0,148.23,6106.0,1.24,1.359,,0.33,,Transit,2014.0,89.38,DesertWorld
Kepler-364 c,Kepler-364,59.9810586,0.3185,0.0,,0.17753621,,549.0,21.46,6484.0,1.195,1.173,,-0.08,,Transit,2014.0,89.95,SuperEarth
Kepler-1370 c,Kepler-1370,7.44142113,0.0801,0.0,,0.10705701,,1108.0,355.96,6292.0,1.245,1.276,,0.16,,Transit,2016.0,89.95,DesertWorld
Kepler-1122 b,Kepler-1122,42.1917357,0.2335,0.0,,0.1793205,,479.0,12.5,5674.0,0.951,0.857,,-0.06,,Transit,2016.0,89.95,SuperEarth
Kepler-1124 b,Kepler-1124,2.852348262,0.0305,0.0,,0.14809554,,621.0,34.95,3731.0,0.463,0.433,,-0.28,,Transit,2016.0,89.45,EarthLike
Kepler-1123 b,Kepler-1123,4.33946454,0.0517,0.0,,0.15077196,,1028.0,263.56,5602.0,0.977,0.894,,0.1,,Transit,2016.0,89.95,DesertWorld
Kepler-51 b,Kepler-51,45.15530074,0.2528,0.0,,0.70300772,,523.0,17.68,6046.0,1.053,0.972,,-0.08,,Transit,2012.0,89.95,GasGiant
Kepler-1398 b,Kepler-1398,2.78815679,0.039,0.0,,0.06869492,,1382.0,861.28,6245.0,1.015,0.981,,-0.3,,Transit,2016.0,84.8,DesertWorld
Kepler-973 b,Kepler-973,49.6077331,0.2351,0.0,,0.16415409,,406.0,6.42,5180.0,0.702,0.742,,-0.4,,Transit,2016.0,89.95,SuperEarth
Kepler-1398 c,Kepler-1398,4.13827595,0.0508,0.0,,0.07493991,,1211.0,507.63,6245.0,1.015,0.981,,-0.3,,Transit,2016.0,82.51,DesertWorld
Kepler-997 b,Kepler-997,2.707306716,0.0382,0.0,,0.08742989,,1508.0,1223.52,6287.0,1.008,1.13,,-0.28,,Transit,2016.0,88.81,DesertWorld
Kepler-1399 b,Kepler-1399,1.638652525,0.0276,0.0,,0.11508629,,1610.0,1585.07,6119.0,1.039,0.981,,-0.16,,Transit,2016.0,86.56,DesertWorld
Kepler-325 b,Kepler-325,4.544437773,0.0517,0.0,,0.26228968,,1105.0,352.71,5749.0,0.892,0.982,,-0.18,,Transit,2014.0,89.95,MiniNeptune
Kepler-1036 b,Kepler-1036,122.8808058,0.4792,0.0,,0.25961326,,336.0,3.01,5650.0,0.971,0.87,,0.02,,Transit,2016.0,88.81,MiniNeptune
Kepler-968 b,Kepler-968,3.69298623,0.0389,0.0,,0.15523267,,745.0,72.66,4402.0,0.575,0.572,,-0.58,,Transit,2016.0,85.88,EarthLike
Kepler-1890 b,Kepler-1890,4.82052932,0.0588,0.0,,0.07493991,,1350.0,784.69,6483.0,1.164,1.31,,-0.18,,Transit,2021.0,89.95,DesertWorld
Kepler-65 c,Kepler-65,5.859938722,0.069,0.0,,0.22749615,,1236.0,552.06,6169.0,1.273,1.424,,0.09,,Transit,2012.0,89.95,MiniNeptune
Kepler-966 b,Kepler-966,99.7468804,0.3907,0.0,,0.35150386,,391.0,5.55,5620.0,0.797,0.974,,-0.32,,Transit,2016.0,89.32,MiniNeptune
Kepler-1023 b,Kepler-1023,62.1385979,0.301,0.0,,0.45856088,,524.0,17.88,5123.0,0.941,1.621,,0.2,,Transit,2016.0,89.52,MiniNeptune
Kepler-1891 b,Kepler-1891,4.022309329,0.0474,0.0,,0.11687057,,1011.0,246.75,5516.0,0.878,0.818,,-0.14,,Transit,2021.0,88.81,DesertWorld
Kepler-991 b,Kepler-991,82.5342519,0.3067,0.0,,0.20430047,,252.0,0.95,4237.0,0.564,0.558,,-0.48,,Transit,2016.0,89.95,SuperEarth
Kepler-1041 b,Kepler-1041,24.7576421,0.1688,0.0,,0.23106472,,644.0,40.74,6106.0,1.043,0.966,,-0.16,,Transit,2016.0,85.37,MiniNeptune
Kepler-1028 b,Kepler-1028,2.514628496,0.0354,0.0,,0.11330201,,1217.0,517.89,5662.0,0.937,0.84,,-0.12,,Transit,2016.0,88.78,DesertWorld
Kepler-1004 b,Kepler-1004,5.28789787,0.0665,0.0,,0.63252852,,1662.0,1805.27,4992.0,1.41,3.79,,0.04,,Transit,2016.0,83.65,HotJupiter
Kepler-1400 b,Kepler-1400,9.06689421,0.0771,0.0,,0.14541911,,726.0,65.52,5142.0,0.745,0.789,,-0.18,,Transit,2016.0,89.38,EarthLike
Kepler-1889 b,Kepler-1889,37.3033197,0.2082,0.0,,0.20608475,,493.0,14.0,5646.0,0.864,0.817,,-0.28,,Transit,2021.0,87.03,SuperEarth
Kepler-1114 b,Kepler-1114,14.97436238,0.1102,0.0,,0.11419415,,631.0,37.53,5311.0,0.796,0.8,,-0.18,,Transit,2016.0,89.89,EarthLike
Kepler-1393 b,Kepler-1393,2.44358543,0.0337,0.0,,0.0597735,,1249.0,574.37,5561.0,0.85,0.873,,-0.18,,Transit,2016.0,88.5,DesertWorld
Kepler-1394 b,Kepler-1394,3.93766373,0.0536,0.0,,0.06691063,,1579.0,1470.37,6712.0,1.331,1.525,,-0.06,,Transit,2016.0,88.81,DesertWorld
Kepler-1681 b,Kepler-1681,69.8956789,0.32,0.0,,0.2712111,,442.0,8.99,5390.0,0.893,1.104,,0.2,,Transit,2020.0,89.08,MiniNeptune
Kepler-1112 b,Kepler-1112,14.36267939,0.1273,0.0,,0.22749615,,935.0,180.92,6661.0,1.33,1.29,,0.07,,Transit,2016.0,89.38,MiniNeptune
Kepler-1113 b,Kepler-1113,42.3004954,0.2323,0.0,,0.20697689,,520.0,17.33,5749.0,0.932,0.978,,-0.08,,Transit,2016.0,89.95,SuperEarth
Kepler-1395 b,Kepler-1395,3.78470649,0.0519,0.0,,0.10527273,,1747.0,2201.61,6461.0,1.302,1.95,,-0.14,,Transit,2016.0,89.95,DesertWorld
Kepler-361 c,Kepler-361,55.1866213,0.2919,0.0,,0.22035902,,568.0,24.56,6178.0,1.085,1.267,,-0.04,,Transit,2014.0,89.72,SuperEarth
Kepler-1888 b,Kepler-1888,11.39170568,0.1015,0.0,,0.10081202,,1011.0,247.39,5675.0,1.074,1.657,,0.14,,Transit,2021.0,89.38,DesertWorld
Kepler-1047 b,Kepler-1047,56.1886887,0.2855,0.0,,0.15969338,,468.0,11.39,5798.0,0.98,0.958,,-0.02,,Transit,2016.0,89.95,EarthLike
Kepler-1396 b,Kepler-1396,18.2206421,0.1397,0.0,,0.14720339,,748.0,73.95,6241.0,1.088,1.031,,-0.14,,Transit,2016.0,87.09,EarthLike
Kepler-1397 b,Kepler-1397,47.4497134,0.2602,0.0,,0.14363483,,551.0,21.82,6007.0,1.042,1.126,,0.0,,Transit,2016.0,89.97,EarthLike
Kepler-1061 b,Kepler-1061,2.757982666,0.0395,0.0,,0.19983976,,1553.0,1374.41,6419.0,1.073,1.188,,-0.2,,Transit,2016.0,73.34,DesertWorld
Kepler-1063 b,Kepler-1063,14.07969236,0.1176,0.0,,0.18556549,,931.0,177.81,5821.0,1.092,1.547,,0.14,,Transit,2016.0,89.53,DesertWorld
Kepler-188 b,Kepler-188,2.06190864,0.0313,0.0,,0.14541911,,1463.0,1082.28,5622.0,0.958,1.089,,0.14,,Transit,2014.0,85.54,DesertWorld
Kepler-1062 b,Kepler-1062,9.30412078,0.0748,0.0,,0.14631125,,583.0,27.35,4458.0,0.645,0.658,,-0.16,,Transit,2016.0,89.38,EarthLike
Kepler-1128 b,Kepler-1128,61.6174528,0.302,0.0,,0.29975964,,424.0,7.67,5480.0,0.966,0.931,,0.24,,Transit,2016.0,89.96,MiniNeptune
Kepler-985 b,Kepler-985,116.331901,0.4636,0.0,,0.31492605,,371.0,4.47,5733.0,0.981,0.997,,0.07,,Transit,2016.0,89.95,MiniNeptune
Kepler-1438 b,Kepler-1438,2.31942009,0.033,0.0,,0.07672419,,1241.0,561.12,5551.0,0.891,0.848,,-0.1,,Transit,2016.0,87.66,DesertWorld
Kepler-327 b,Kepler-327,2.549563296,0.029,0.0,,0.11687057,,690.0,53.66,3799.0,0.499,0.492,,-0.2,,Transit,2014.0,83.65,EarthLike
Kepler-1439 b,Kepler-1439,8.07392849,0.0579,0.0,,0.11597843,,392.0,5.6,3471.0,0.395,0.38,,0.0,,Transit,2016.0,88.81,EarthLike
Kepler-1782 b,Kepler-1782,5.756242547,0.0581,0.0,,0.23820186,,834.0,114.43,5006.0,0.788,0.829,,0.12,,Transit,2021.0,87.09,MiniNeptune
Kepler-1910 b,Kepler-1910,5.68879083,0.0536,0.0,,0.08832204,,645.0,40.88,4234.0,0.636,0.639,,-0.02,,Transit,2021.0,88.6,EarthLike
Kepler-1437 b,Kepler-1437,10.9294815,0.0951,0.0,,0.10794916,,770.0,83.14,5792.0,0.959,0.864,,-0.14,,Transit,2016.0,89.2,EarthLike
Kepler-946 b,Kepler-946,11.79161234,0.1002,0.0,,0.21500617,,857.0,127.75,5619.0,0.962,1.199,,0.14,,Transit,2016.0,89.94,DesertWorld
Kepler-25 c,Kepler-25,12.720374354,0.113,0.0,,0.40235594,,941.0,185.61,6270.0,1.187,1.309,,-0.04,,Transit,2011.0,89.95,MiniNeptune
Kepler-1909 b,Kepler-1909,2.39162484,0.0306,0.0,,0.08564561,,1030.0,266.01,4935.0,0.663,0.685,,-0.42,,Transit,2021.0,89.95,DesertWorld
Kepler-1977 b,Kepler-1977,4.53700111,0.0488,0.0,,0.14006626,,811.0,102.44,4812.0,0.751,0.713,,-0.04,,Transit,2023.0,89.38,DesertWorld
HD 164604 c,HD 164604,5387.0,5.556,0.196,7.6,,,,,4663.0,0.77,0.78,-0.58503,0.12,K3.5 V,Radial Velocity,2026.0,169.3,GasGiant
GJ 887 e,GJ 887,4.4249,0.0417,,0.00459367,,,544.0,20.9,3688.0,0.495,0.468,-1.43415,-0.06,M1 V,Radial Velocity,2026.0,,EarthLike
GJ 887 d,GJ 887,50.77,0.212,,0.01919275,,,241.0,0.81,3688.0,0.495,0.468,-1.43415,-0.06,M1 V,Radial Velocity,2026.0,,EarthLike
Kepler-1441 b,Kepler-1441,39.4419839,0.2201,0.0,,0.09902774,,492.0,13.9,5749.0,0.912,0.83,,-0.24,,Transit,2016.0,89.95,EarthLike
HD 176986 d,HD 176986,61.376,0.28149,,0.02126934,,,363.0,4.09,4931.0,0.789,0.782,-0.48017,0.03,K2.5 V,Radial Velocity,2026.0,,EarthLike
Kepler-511 b,Kepler-511,296.637865,0.9045,0.0,,0.6405578,,322.0,2.53,5951.0,1.121,1.357,,0.12,,Transit,2016.0,89.95,GasGiant
Kepler-961 b,Kepler-961,16.87725775,0.1245,0.0,,0.22660401,,642.0,40.09,5497.0,0.901,0.872,,0.0,,Transit,2016.0,89.02,MiniNeptune
Kepler-134 c,Kepler-134,10.10575303,0.0988,0.0,,0.14541911,,1054.0,292.12,6068.0,1.263,1.533,,0.22,,Transit,2014.0,89.38,DesertWorld
Kepler-1778 b,Kepler-1778,10.08746035,0.0975,0.0,,0.2605054,,955.0,197.01,6343.0,1.213,1.137,,0.07,,Transit,2021.0,88.81,MiniNeptune
Kepler-1025 b,Kepler-1025,37.3229493,0.2186,0.0,,0.14631125,,568.0,24.6,6253.0,0.997,0.927,,-0.42,,Transit,2016.0,89.95,EarthLike
Kepler-1440 b,Kepler-1440,39.859484,0.2245,0.0,,0.12400771,,570.0,24.87,5906.0,0.95,1.073,,-0.16,,Transit,2016.0,88.81,EarthLike
Kepler-1033 b,Kepler-1033,7.56052806,0.0761,0.0,,0.22928044,,914.0,164.9,5895.0,1.026,0.94,,-0.02,,Transit,2016.0,88.81,MiniNeptune
Kepler-1434 b,Kepler-1434,8.05333618,0.0803,0.0,,0.07672419,,1186.0,467.3,6350.0,1.064,1.439,,-0.32,,Transit,2016.0,88.81,DesertWorld
Kepler-1054 b,Kepler-1054,4.30655689,0.054,0.0,,0.17753621,,1177.0,453.2,6108.0,1.132,1.03,,0.07,,Transit,2016.0,77.92,DesertWorld
Kepler-575 b,Kepler-575,9.3789167,0.0788,0.0,,0.18110478,,803.0,98.22,5684.0,0.741,0.808,,-0.66,,Transit,2016.0,87.68,DesertWorld
Kepler-1013 b,Kepler-1013,18.93054959,0.137,0.0,,0.41930664,,766.0,81.42,5015.0,0.955,1.643,,0.36,,Transit,2016.0,88.81,MiniNeptune
Kepler-993 b,Kepler-993,22.08557563,0.1165,0.0,,0.19805548,,301.0,1.94,3635.0,0.432,0.41,,-0.2,,Transit,2016.0,89.95,SuperEarth
Kepler-1435 b,Kepler-1435,4.45343281,0.0568,0.0,,0.08386133,,1427.0,980.87,6664.0,1.236,1.339,,-0.18,,Transit,2016.0,87.09,DesertWorld
Kepler-1432 b,Kepler-1432,23.9109011,0.167,0.0,,0.19805548,,722.0,64.17,6313.0,1.077,1.122,,-0.12,,Transit,2016.0,88.24,SuperEarth
Kepler-349 b,Kepler-349,5.92973644,0.0642,0.0,,0.1686148,,987.0,224.5,5941.0,1.001,0.911,,-0.14,,Transit,2014.0,89.38,DesertWorld
Kepler-1433 b,Kepler-1433,4.13592271,0.0523,0.0,,0.11865486,,1215.0,515.81,6164.0,1.109,1.045,,-0.02,,Transit,2016.0,89.38,DesertWorld
Kepler-953 b,Kepler-953,88.40655258,0.3996,0.0,,0.38094454,,397.0,5.84,5688.0,1.088,0.998,,0.42,,Transit,2016.0,89.38,MiniNeptune
Kepler-1014 b,Kepler-1014,16.57110363,0.1204,0.0,,0.19716333,,619.0,34.67,5484.0,0.849,0.788,,-0.22,,Transit,2016.0,88.81,SuperEarth
Kepler-321 c,Kepler-321,13.0939051,0.1109,0.0,,0.19983976,,805.0,99.1,5881.0,1.061,1.067,,0.14,,Transit,2014.0,88.81,DesertWorld
Kepler-1907 c,Kepler-1907,14.86386959,0.1076,0.0,,0.80738831,,621.0,35.04,5159.0,0.752,0.8,,-0.16,,Transit,2021.0,82.51,GasGiant
Kepler-1010 b,Kepler-1010,34.2685705,0.1925,0.0,,0.22035902,,498.0,14.56,5325.0,0.809,0.866,,-0.08,,Transit,2016.0,89.38,SuperEarth
Kepler-1907 b,Kepler-1907,5.65245733,0.0565,0.0,,0.09367489,,856.0,127.1,5159.0,0.752,0.8,,-0.16,,Transit,2021.0,85.0,DesertWorld
Kepler-1038 b,Kepler-1038,148.4603382,0.515,0.0,,0.29173036,,293.0,1.73,5463.0,0.828,0.759,,-0.3,,Transit,2016.0,89.95,MiniNeptune
Kepler-1436 b,Kepler-1436,9.705716,0.0881,0.0,,0.11240986,,943.0,186.89,6198.0,0.969,1.048,,-0.36,,Transit,2016.0,88.24,DesertWorld
Kepler-322 c,Kepler-322,4.337224039,0.0471,0.0,,0.14185054,,1016.0,251.75,5496.0,0.738,0.827,,-0.46,,Transit,2014.0,89.38,DesertWorld
TOI-5789 e,TOI-5789,62.98,0.2901,0.071,0.03652915,,,424.0,,5185.0,0.821,0.833,-0.32883,-0.12,K1 V,Radial Velocity,2026.0,,MiniNeptune
Kepler-150 b,Kepler-150,3.42804168,0.044,0.0,,0.119547,,1189.0,473.14,5862.0,0.963,0.931,,-0.14,,Transit,2014.0,88.81,DesertWorld
Kepler-1035 b,Kepler-1035,2.714077555,0.0344,0.0,,0.08921418,,1228.0,537.57,5709.0,0.734,0.818,,-0.7,,Transit,2016.0,89.95,DesertWorld
Kepler-1027 b,Kepler-1027,1.907805199,0.0296,0.0,,0.16950694,,1859.0,2820.62,5537.0,0.954,1.714,,-0.2,,Transit,2016.0,89.95,LavaWorld
Kepler-549 c,Kepler-549,117.040498,0.4416,0.0,,0.26675039,,336.0,3.0,5467.0,0.839,0.856,,-0.14,,Transit,2016.0,88.81,MiniNeptune
Kepler-351 c,Kepler-351,57.2486691,0.2822,0.0,,0.29083822,,430.0,8.08,5646.0,0.914,0.841,,-0.14,,Transit,2014.0,89.95,MiniNeptune
Kepler-157 d,Kepler-157,7.02573474,0.0724,0.0,,0.11776272,,949.0,191.49,5988.0,1.021,0.934,,-0.12,,Transit,2016.0,89.95,DesertWorld
Kepler-1009 b,Kepler-1009,11.35011917,0.0811,0.0,,0.18556549,,445.0,9.26,3901.0,0.551,0.542,,-0.1,,Transit,2016.0,88.81,SuperEarth
Kepler-1717 b,Kepler-1717,30.6529373,0.2101,0.0,,0.21232974,,771.0,83.32,6823.0,1.319,1.377,,-0.1,,Transit,2021.0,89.95,SuperEarth
Kepler-534 c,Kepler-534,7.37862283,0.0761,0.0,,0.09456703,,932.0,178.68,5936.0,1.075,0.965,,0.07,,Transit,2021.0,88.24,DesertWorld
Kepler-986 b,Kepler-986,56.4349933,0.276,0.0,,0.2114376,,465.0,11.04,5534.0,0.88,1.001,,0.0,,Transit,2016.0,89.99,SuperEarth
Kepler-149 c,Kepler-149,55.3285813,0.2691,0.0,,0.14809554,,429.0,7.99,5529.0,0.848,0.832,,-0.2,,Transit,2014.0,89.38,EarthLike
Kepler-169 b,Kepler-169,3.25058053,0.0407,0.0,,0.11597843,,1096.0,341.13,5173.0,0.85,0.939,,0.26,,Transit,2014.0,88.81,DesertWorld
Kepler-169 d,Kepler-169,8.34818817,0.0763,0.0,,0.17039908,,800.0,97.06,5173.0,0.85,0.939,,0.26,,Transit,2014.0,85.37,SuperEarth
TOI-2093 b,TOI-2093,12.836,0.097,0.0,0.03335133,,,535.0,,4426.0,0.745,0.729,-0.73565,-0.08,K5 V,Radial Velocity,2025.0,,MiniNeptune
Kepler-1021 b,Kepler-1021,13.47469571,0.1029,0.0,,0.18467335,,643.0,40.49,5413.0,0.801,0.747,,-0.34,,Transit,2016.0,89.95,SuperEarth
Kepler-164 b,Kepler-164,5.03506543,0.059,0.0,,0.12936056,,1231.0,543.33,6353.0,1.076,1.139,,-0.14,,Transit,2014.0,89.95,DesertWorld
GJ 251 c,GJ 251,53.647,0.196,0.0,0.01220785,,,216.0,0.404,3342.0,0.35,0.36,-1.80967,0.07,,Radial Velocity,2025.0,,EarthLike
Kepler-1006 b,Kepler-1006,19.76172042,0.1464,0.0,,0.21946688,,791.0,92.38,6327.0,1.064,1.175,,-0.14,,Transit,2016.0,88.81,SuperEarth
TOI-5789 d,TOI-5789,29.65,0.1756,0.096,0.01349785,,,545.0,,5185.0,0.821,0.833,-0.32883,-0.12,K1 V,Radial Velocity,2026.0,,EarthLike
Kepler-139 d,Kepler-139,7.305699922,0.0748,0.0,,0.17396765,,992.0,229.13,5616.0,1.044,1.2,,0.4,,Transit,2023.0,89.95,DesertWorld
Kepler-972 b,Kepler-972,7.03932553,0.0733,0.0,,0.38272882,,1063.0,301.7,6137.0,1.059,1.13,,-0.04,,Transit,2016.0,81.36,MiniNeptune
Kepler-1769 b,Kepler-1769,89.1934705,0.3961,0.0,,0.2988675,,468.0,11.31,6277.0,1.035,1.13,,-0.18,,Transit,2021.0,89.95,MiniNeptune
Kepler-1015 b,Kepler-1015,16.00494214,0.1339,0.0,,0.23195686,,938.0,182.89,6711.0,1.254,1.344,,-0.18,,Transit,2016.0,89.95,MiniNeptune
Kepler-406 c,Kepler-406,4.62333557,0.0554,0.0,,0.06780278,,1053.0,290.8,5697.0,1.058,0.973,,0.28,,Transit,2014.0,88.81,DesertWorld
Kepler-11 e,Kepler-11,31.99550624,0.1921,0.0,,0.34704315,,582.0,27.17,5657.0,0.921,1.046,,0.0,,Transit,2010.0,89.95,MiniNeptune
TOI-5789 b,TOI-5789,2.76369,0.03608,0.0,0.00667027,,,1201.0,,5185.0,0.821,0.833,-0.32883,-0.12,K1 V,Radial Velocity,2026.0,,DesertWorld
Kepler-1676 b,Kepler-1676,29.92208104,0.1954,0.0,,0.27567181,,782.0,88.52,6127.0,1.109,1.637,,-0.12,,Transit,2020.0,89.72,MiniNeptune
Kepler-135 c,Kepler-135,11.4485946,0.1054,0.0,,0.09545917,,954.0,196.08,6388.0,1.187,1.209,,0.02,,Transit,2014.0,88.81,DesertWorld
Kepler-1770 b,Kepler-1770,16.84183355,0.1261,0.0,,0.27477967,,699.0,56.43,5602.0,0.941,1.009,,0.1,,Transit,2021.0,88.95,MiniNeptune
Kepler-1780 b,Kepler-1780,109.4450597,0.4276,0.0,,0.2712111,,340.0,3.14,5403.0,0.868,0.868,,0.0,,Transit,2021.0,89.96,MiniNeptune
Kepler-524 c,Kepler-524,1.88897906,0.0302,0.0,,0.0918906,,1717.0,2056.09,6049.0,1.031,1.251,,-0.1,,Transit,2016.0,83.65,DesertWorld
Kepler-978 b,Kepler-978,49.6220669,0.2726,0.0,,0.29708321,,546.0,20.99,5938.0,1.097,1.184,,0.16,,Transit,2016.0,87.52,MiniNeptune
Kepler-49 d,Kepler-49,2.576569689,0.03,0.0,,0.13738983,,694.0,54.85,3816.0,0.54,0.51,,-0.05,,Transit,2014.0,89.38,EarthLike
Kepler-683 b,Kepler-683,2.539183147,0.0355,0.0,,0.18378121,,1332.0,743.09,5519.0,0.921,1.062,,0.14,,Transit,2016.0,88.28,DesertWorld
Kepler-341 c,Kepler-341,8.01041305,0.0784,0.0,,0.15434053,,948.0,190.85,6008.0,1.0,1.003,,-0.14,,Transit,2014.0,89.95,DesertWorld
Kepler-140 c,Kepler-140,91.3515867,0.4159,0.0,,0.13738983,,435.0,8.47,6167.0,1.149,1.064,,0.07,,Transit,2014.0,89.95,EarthLike
Kepler-1005 b,Kepler-1005,6.4980147,0.0669,0.0,,0.16683051,,1026.0,262.18,5727.0,0.946,1.104,,0.0,,Transit,2016.0,84.0,DesertWorld
Kepler-1002 b,Kepler-1002,4.336429331,0.0553,0.0,,0.14541911,,1428.0,981.68,6099.0,1.206,1.557,,0.04,,Transit,2016.0,88.81,DesertWorld
Kepler-999 b,Kepler-999,5.991857017,0.066,0.0,,0.13471341,,1114.0,364.18,6167.0,1.061,1.107,,-0.06,,Transit,2016.0,89.38,DesertWorld
Kepler-1897 b,Kepler-1897,24.2204586,0.1556,0.0,,0.21411403,,511.0,16.09,5172.0,0.857,0.78,,0.04,,Transit,2021.0,89.38,SuperEarth
Kepler-987 b,Kepler-987,105.3033148,0.4445,0.0,,0.31581819,,394.0,5.68,6032.0,1.055,0.973,,-0.06,,Transit,2016.0,89.95,MiniNeptune
Kepler-1423 b,Kepler-1423,23.9553986,0.1586,0.0,,0.25336827,,741.0,71.16,5011.0,0.926,1.781,,0.07,,Transit,2016.0,89.12,MiniNeptune
Kepler-127 c,Kepler-127,29.39326982,0.2001,0.0,,0.21589831,,702.0,57.38,6106.0,1.24,1.359,,0.33,,Transit,2014.0,89.95,SuperEarth
Kepler-1422 b,Kepler-1422,18.6051942,0.1505,0.0,,0.18824192,,857.0,127.55,6616.0,1.31,1.298,,0.07,,Transit,2016.0,89.95,DesertWorld
Kepler-1421 b,Kepler-1421,6.9131112,0.0749,0.0,,0.06334207,,1131.0,386.64,6540.0,1.173,1.151,,-0.18,,Transit,2016.0,89.95,DesertWorld
Kepler-1983 b,Kepler-1983,7.32851947,0.0689,0.0,,0.20786903,,807.0,100.13,5135.0,0.812,0.874,,0.12,,Transit,2023.0,85.76,DesertWorld
Kepler-344 b,Kepler-344,21.96399084,0.1503,0.0,,0.23552543,,643.0,40.41,5774.0,0.937,0.958,,-0.1,,Transit,2014.0,89.95,MiniNeptune
Kepler-962 b,Kepler-962,12.05705659,0.0984,0.0,,0.17485979,,689.0,53.26,5365.0,0.873,0.834,,0.0,,Transit,2016.0,89.07,SuperEarth
Kepler-1898 b,Kepler-1898,4.76559135,0.0522,0.0,,0.08296919,,1168.0,439.42,5702.0,0.837,1.125,,-0.28,,Transit,2021.0,88.81,DesertWorld
Kepler-1020 b,Kepler-1020,96.9151707,0.3878,0.0,,0.2114376,,325.0,2.64,5162.0,0.826,0.791,,0.0,,Transit,2016.0,89.71,SuperEarth
Kepler-326 c,Kepler-326,4.580346161,0.0506,0.0,,0.12311557,,889.0,147.56,5103.0,0.82,0.789,,0.04,,Transit,2014.0,88.6,DesertWorld
Kepler-1901 b,Kepler-1901,3.48412534,0.0459,0.0,,0.12400771,,1223.0,529.66,6018.0,1.058,0.975,,-0.04,,Transit,2021.0,87.66,DesertWorld
Kepler-1902 b,Kepler-1902,3.82223397,0.0385,0.0,,0.09367489,,601.0,30.84,3729.0,0.52,0.514,,0.06,,Transit,2021.0,86.19,EarthLike
Kepler-958 b,Kepler-958,9.7678805,0.0867,0.0,,0.22392759,,848.0,122.35,5568.0,0.91,1.034,,0.06,,Transit,2016.0,89.95,MiniNeptune
Kepler-1903 b,Kepler-1903,17.0675877,0.1327,0.0,,0.15880124,,775.0,85.32,6363.0,1.065,1.012,,-0.32,,Transit,2021.0,89.95,EarthLike
Kepler-345 c,Kepler-345,9.38742889,0.0742,0.0,,0.1088413,,564.0,23.88,4386.0,0.616,0.63,,-0.26,,Transit,2014.0,89.95,EarthLike
Kepler-346 b,Kepler-346,6.51112385,0.0698,0.0,,0.27567181,,1008.0,243.67,6032.0,1.065,1.001,,-0.02,,Transit,2014.0,86.75,MiniNeptune
Kepler-1900 b,Kepler-1900,2.98618134,0.042,0.0,,0.10348845,,1356.0,798.35,6173.0,1.104,1.041,,-0.04,,Transit,2021.0,88.11,DesertWorld
Kepler-352 c,Kepler-352,16.33269854,0.1183,0.0,,0.11151772,,583.0,27.22,5238.0,0.836,0.752,,-0.16,,Transit,2014.0,89.95,EarthLike
Kepler-1044 b,Kepler-1044,6.77408868,0.0724,0.0,,0.232849,,1064.0,303.05,6217.0,1.098,1.09,,-0.04,,Transit,2016.0,89.95,MiniNeptune
Kepler-1992 b,Kepler-1992,15.611223,0.1146,0.0,,0.0811849,,693.0,54.44,5466.0,0.821,0.946,,-0.12,,Transit,2023.0,89.95,EarthLike
Kepler-982 b,Kepler-982,15.7738221,0.1287,0.0,,0.25604469,,978.0,216.15,6260.0,1.14,1.614,,-0.14,,Transit,2016.0,89.95,MiniNeptune
Kepler-1996 c,Kepler-1996,92.7296775,0.3482,0.0,,0.19181048,,267.0,1.21,4528.0,0.651,0.624,,-0.3,,Transit,2023.0,89.95,SuperEarth
Kepler-1419 b,Kepler-1419,42.5215895,0.2391,0.0,,0.23195686,,510.0,15.97,5911.0,1.006,0.914,,-0.1,,Transit,2016.0,89.95,MiniNeptune
Kepler-979 b,Kepler-979,8.0880135,0.0743,0.0,,0.22392759,,733.0,68.34,5201.0,0.844,0.759,,-0.1,,Transit,2016.0,88.81,MiniNeptune
Kepler-156 c,Kepler-156,15.90686437,0.115,0.0,,0.22392759,,579.0,26.55,5075.0,0.801,0.769,,-0.02,,Transit,2014.0,88.24,MiniNeptune
Kepler-1052 b,Kepler-1052,34.8538276,0.2045,0.0,,0.21857474,,524.0,17.8,5835.0,0.935,0.847,,-0.24,,Transit,2016.0,89.95,SuperEarth
Kepler-66 b,Kepler-66,17.8159689,0.1321,0.0,,0.27834824,,699.0,56.48,5964.0,0.968,0.933,,-0.22,,Transit,2013.0,87.08,MiniNeptune
Kepler-1012 b,Kepler-1012,5.50860439,0.0598,0.0,,0.11508629,,931.0,177.78,5451.0,0.938,0.897,,0.16,,Transit,2016.0,89.38,DesertWorld
Kepler-479 b,Kepler-479,12.49341307,0.0965,0.0,,0.1793205,,642.0,40.16,5193.0,0.767,0.758,,-0.22,,Transit,2016.0,89.95,SuperEarth
Kepler-405 b,Kepler-405,10.61369479,0.0935,0.0,,0.20876118,,783.0,88.72,5817.0,0.965,0.87,,-0.14,,Transit,2014.0,88.24,SuperEarth
Kepler-984 b,Kepler-984,43.0343364,0.2327,0.0,,0.22303545,,484.0,13.01,5550.0,0.906,0.911,,0.0,,Transit,2016.0,88.07,SuperEarth
Kepler-405 c,Kepler-405,29.7272142,0.1858,0.0,,0.33990602,,555.0,22.47,5817.0,0.965,0.87,,-0.14,,Transit,2014.0,87.66,MiniNeptune
Kepler-1420 b,Kepler-1420,6.69960006,0.0669,0.0,,0.11776272,,802.0,97.98,5280.0,0.887,0.794,,0.04,,Transit,2016.0,89.38,DesertWorld
Kepler-949 b,Kepler-949,8.689307296,0.0774,0.0,,0.27031896,,782.0,88.24,5211.0,0.817,0.895,,0.08,,Transit,2016.0,89.38,MiniNeptune
Kepler-983 b,Kepler-983,60.0855082,0.3061,0.0,,0.19537905,,492.0,13.81,6201.0,1.058,0.989,,-0.2,,Transit,2016.0,89.38,SuperEarth
Kepler-1428 b,Kepler-1428,10.67607169,0.0995,0.0,,0.17396765,,1141.0,401.26,6409.0,1.151,1.622,,-0.22,,Transit,2016.0,89.38,DesertWorld
Kepler-1045 b,Kepler-1045,26.41045478,0.1612,0.0,,0.21411403,,514.0,16.46,5443.0,0.801,0.738,,-0.38,,Transit,2016.0,89.95,SuperEarth
Kepler-1008 b,Kepler-1008,12.43929428,0.0951,0.0,,0.11597843,,627.0,36.57,4987.0,0.742,0.773,,-0.08,,Transit,2016.0,88.35,EarthLike
Kepler-1429 b,Kepler-1429,4.48487493,0.0549,0.0,,0.10616487,,1188.0,471.23,6210.0,1.093,1.033,,-0.1,,Transit,2016.0,89.38,DesertWorld
Kepler-1906 b,Kepler-1906,7.36272058,0.0738,0.0,,0.16683051,,901.0,155.72,5868.0,0.987,0.894,,-0.12,,Transit,2021.0,89.95,DesertWorld
Kepler-1427 b,Kepler-1427,0.968972376,0.0196,0.0,,0.09724345,,1851.0,2772.48,5853.0,1.075,1.007,,0.18,,Transit,2016.0,85.37,LavaWorld
Kepler-963 b,Kepler-963,9.97682072,0.0849,0.0,,0.25426041,,802.0,97.85,5500.0,0.821,0.928,,-0.16,,Transit,2016.0,89.94,MiniNeptune
Kepler-980 b,Kepler-980,11.55103848,0.1005,0.0,,0.19359477,,845.0,120.76,5907.0,1.014,1.058,,0.0,,Transit,2016.0,88.79,DesertWorld
Kepler-1055 b,Kepler-1055,2.295036233,0.0323,0.0,,0.09724345,,1290.0,653.8,5750.0,0.851,0.835,,-0.38,,Transit,2016.0,89.38,DesertWorld
Kepler-1426 b,Kepler-1426,14.2563227,0.1187,0.0,,0.13560555,,794.0,94.11,6131.0,1.094,1.024,,-0.04,,Transit,2016.0,89.38,EarthLike
Kepler-1430 b,Kepler-1430,2.46050095,0.0304,0.0,,0.0918906,,969.0,208.54,4811.0,0.62,0.634,,-0.58,,Transit,2016.0,89.71,DesertWorld
Kepler-1431 b,Kepler-1431,5.86601526,0.0648,0.0,,0.1302527,,1064.0,302.77,6020.0,1.051,1.04,,0.02,,Transit,2016.0,88.24,DesertWorld
Kepler-1768 b,Kepler-1768,15.13591895,0.1274,0.0,,0.22660401,,933.0,179.19,6047.0,1.202,1.559,,0.14,,Transit,2021.0,89.95,MiniNeptune
Kepler-1784 b,Kepler-1784,13.59056583,0.1072,0.0,,0.28548537,,724.0,64.8,5442.0,0.887,0.974,,0.1,,Transit,2021.0,84.8,MiniNeptune
Kepler-92 d,Kepler-92,49.3568849,0.2801,0.0,,0.17753621,,639.0,39.31,5871.0,1.207,1.703,,0.17,,Transit,2015.0,89.95,SuperEarth
Kepler-1003 b,Kepler-1003,3.554856338,0.0444,0.0,,0.11508629,,1157.0,425.04,6068.0,0.931,0.831,,-0.5,,Transit,2016.0,88.47,DesertWorld
Kepler-330 c,Kepler-330,15.95545002,0.116,0.0,,0.19716333,,570.0,25.0,5108.0,0.825,0.743,,-0.1,,Transit,2014.0,88.81,SuperEarth
Kepler-1058 b,Kepler-1058,110.96546,0.3679,0.0,,0.18913406,,239.0,0.77,4441.0,0.538,0.546,,-0.86,,Transit,2016.0,89.38,SuperEarth
Kepler-1905 b,Kepler-1905,3.42390809,0.0451,0.0,,0.11151772,,1212.0,508.75,5788.0,1.038,1.015,,0.16,,Transit,2021.0,89.16,DesertWorld
Kepler-25 b,Kepler-25,6.238534771,0.0703,0.0,,0.23552543,,1193.0,479.56,6270.0,1.187,1.309,,-0.04,,Transit,2011.0,89.95,MiniNeptune
Kepler-431 d,Kepler-431,11.9216214,0.1054,0.0,,0.1088413,,1109.0,357.45,6293.0,1.1,1.682,,-0.3,,Transit,2015.0,89.38,DesertWorld
Kepler-431 b,Kepler-431,6.80252171,0.0725,0.0,,0.08653775,,1337.0,755.47,6293.0,1.1,1.682,,-0.3,,Transit,2015.0,88.24,DesertWorld
Kepler-1030 b,Kepler-1030,19.32952416,0.1345,0.0,,0.22481973,,534.0,19.16,5023.0,0.866,0.78,,0.21,,Transit,2016.0,89.38,MiniNeptune
Kepler-1779 b,Kepler-1779,16.34355902,0.1264,0.0,,0.29083822,,730.0,67.34,5730.0,1.008,1.056,,0.16,,Transit,2021.0,87.56,MiniNeptune
Kepler-1424 b,Kepler-1424,29.6091744,0.1781,0.0,,0.08029276,,542.0,20.36,5850.0,0.857,0.785,,-0.52,,Transit,2016.0,89.38,EarthLike
Kepler-1016 b,Kepler-1016,1.954524342,0.031,0.0,,0.18913406,,1482.0,1140.67,6060.0,1.036,0.953,,-0.14,,Transit,2016.0,81.93,DesertWorld
Kepler-1007 b,Kepler-1007,5.185002073,0.048,0.0,,0.10438059,,652.0,42.62,4325.0,0.547,0.56,,-0.64,,Transit,2016.0,89.95,EarthLike
Kepler-127 d,Kepler-127,48.63038976,0.2799,0.0,,0.22660401,,593.0,29.33,6106.0,1.24,1.359,,0.33,,Transit,2014.0,89.95,MiniNeptune
Kepler-1039 b,Kepler-1039,0.934884242,0.0184,0.0,,0.31046534,,2081.0,4435.29,4777.0,0.953,1.795,,0.56,,Transit,2016.0,74.48,MiniNeptune
Kepler-1674 b,Kepler-1674,62.561528,0.3008,0.0,,0.31492605,,419.0,7.28,5679.0,0.925,0.841,,-0.14,,Transit,2020.0,89.38,MiniNeptune
Kepler-92 c,Kepler-92,26.72320599,0.186,0.0,,0.2114376,,784.0,89.14,5871.0,1.207,1.703,,0.17,,Transit,2013.0,89.38,SuperEarth
Kepler-329 c,Kepler-329,18.6848057,0.1114,0.0,,0.18378121,,384.0,5.12,4045.0,0.526,0.515,,-0.48,,Transit,2014.0,88.81,SuperEarth
Kepler-335 b,Kepler-335,6.56226483,0.0732,0.0,,0.27388753,,1290.0,654.67,5878.0,1.212,1.812,,0.24,,Transit,2014.0,86.26,MiniNeptune
Kepler-431 c,Kepler-431,8.70312154,0.085,0.0,,0.06423421,,945.0,188.7,6006.0,1.081,1.082,,0.07,,Transit,2015.0,82.35,DesertWorld
Kepler-1018 b,Kepler-1018,49.1013514,0.2657,0.0,,0.24266256,,477.0,12.25,5807.0,1.036,0.922,,0.07,,Transit,2016.0,89.38,MiniNeptune
Kepler-342 d,Kepler-342,39.4571522,0.2412,0.0,,0.20697689,,631.0,37.52,6475.0,1.2,1.178,,-0.06,,Transit,2014.0,84.8,SuperEarth
Kepler-1082 b,Kepler-1082,1.54320541,0.0257,0.0,,0.10973344,,1827.0,2636.85,5866.0,0.95,1.282,,-0.16,,Transit,2016.0,87.26,LavaWorld
Kepler-1081 b,Kepler-1081,3.856918547,0.0478,0.0,,0.16772265,,1385.0,869.91,5477.0,0.975,1.571,,0.07,,Transit,2016.0,89.38,DesertWorld
Kepler-1066 b,Kepler-1066,1.931559839,0.0284,0.0,,0.22749615,,1513.0,1239.6,5642.0,0.822,1.05,,-0.26,,Transit,2016.0,83.08,MiniNeptune
Kepler-1176 b,Kepler-1176,24.1738579,0.1557,0.0,,0.16950694,,552.0,21.94,5534.0,0.862,0.796,,-0.22,,Transit,2016.0,89.95,SuperEarth
Kepler-461 b,Kepler-461,8.313783059,0.0821,0.0,,0.23998614,,886.0,145.51,5900.0,1.065,0.951,,0.07,,Transit,2016.0,89.95,MiniNeptune
Kepler-1080 b,Kepler-1080,77.2548396,0.3799,0.0,,0.358641,,562.0,23.59,6549.0,1.23,1.438,,-0.16,,Transit,2016.0,88.81,MiniNeptune
Kepler-341 b,Kepler-341,5.19556758,0.0587,0.0,,0.10170416,,1095.0,340.45,6008.0,1.0,1.003,,-0.14,,Transit,2014.0,87.66,DesertWorld
Kepler-1083 b,Kepler-1083,33.4178173,0.1899,0.0,,0.27924038,,448.0,9.56,5136.0,0.827,0.744,,-0.12,,Transit,2016.0,88.08,MiniNeptune
Kepler-341 e,Kepler-341,42.4729078,0.2348,0.0,,0.18110478,,539.0,19.93,5616.0,0.957,1.111,,0.14,,Transit,2014.0,89.51,SuperEarth
Kepler-357 d,Kepler-357,49.5004952,0.2429,0.0,,0.30154392,,408.0,6.56,5033.0,0.779,0.821,,0.06,,Transit,2014.0,88.81,MiniNeptune
Kepler-1678 b,Kepler-1678,147.973027,0.5407,0.0,,0.30600463,,337.0,3.05,6008.0,0.961,0.875,,-0.32,,Transit,2020.0,89.95,MiniNeptune
Kepler-1789 b,Kepler-1789,80.2317349,0.3564,0.0,,0.30689677,,397.0,5.87,5685.0,0.939,0.893,,-0.06,,Transit,2021.0,89.38,MiniNeptune
Kepler-1078 b,Kepler-1078,3.00725068,0.0388,0.0,,0.13917412,,1122.0,373.99,5667.0,0.873,0.781,,-0.36,,Transit,2016.0,70.4,DesertWorld
Kepler-106 d,Kepler-106,23.9802348,0.1597,0.0,,0.08832204,,658.0,44.45,5881.0,0.944,1.029,,-0.16,,Transit,2014.0,89.38,EarthLike
Kepler-1077 b,Kepler-1077,34.3511339,0.2101,0.0,,0.24533899,,576.0,26.1,6091.0,1.045,0.967,,-0.14,,Transit,2016.0,88.39,MiniNeptune
Kepler-233 c,Kepler-233,60.4189369,0.2884,0.0,,0.21054546,,390.0,5.49,5354.0,0.884,0.788,,-0.08,,Transit,2014.0,89.94,SuperEarth
Kepler-230 c,Kepler-230,91.77221,0.3767,0.0,,0.1900262,,358.0,3.9,5588.0,0.846,0.796,,-0.3,,Transit,2014.0,89.95,SuperEarth
Kepler-1079 b,Kepler-1079,13.24503188,0.1231,0.0,,0.28013252,,1152.0,416.84,5750.0,1.416,2.541,,0.38,,Transit,2016.0,89.95,MiniNeptune
Kepler-1084 b,Kepler-1084,2.05333679,0.0316,0.0,,0.10170416,,1859.0,2823.41,6403.0,0.992,1.369,,-0.52,,Transit,2016.0,87.09,LavaWorld
Kepler-758 e,Kepler-758,8.1934719,0.0858,0.0,,0.13114484,,1171.0,445.01,6692.0,1.261,1.351,,-0.14,,Transit,2016.0,87.66,DesertWorld
Kepler-1792 b,Kepler-1792,4.195775379,0.0488,0.0,,0.27031896,,1047.0,283.78,5229.0,0.878,1.005,,0.32,,Transit,2021.0,89.38,MiniNeptune
Kepler-1791 b,Kepler-1791,7.72084349,0.0758,0.0,,0.17485979,,1077.0,317.66,6218.0,0.972,1.168,,-0.36,,Transit,2021.0,89.38,DesertWorld
Kepler-1790 b,Kepler-1790,31.5888952,0.2039,0.0,,0.18021264,,606.0,31.79,6108.0,1.132,1.03,,0.07,,Transit,2021.0,89.95,SuperEarth
Kepler-338 e,Kepler-338,9.34144548,0.0906,0.0,,0.15701695,,1143.0,403.94,5923.0,1.142,1.735,,-0.07,,Transit Timing Variations,2014.0,81.93,DesertWorld
Kepler-353 c,Kepler-353,8.41100287,0.066,0.0,,0.15701695,,485.0,13.04,3903.0,0.541,0.523,,-0.2,,Transit,2014.0,87.09,EarthLike
Kepler-338 c,Kepler-338,24.3111399,0.1715,0.0,,0.2114376,,831.0,112.73,5923.0,1.142,1.735,,-0.07,,Transit,2014.0,89.95,DesertWorld
Kepler-1088 b,Kepler-1088,23.12748644,0.1593,0.0,,0.12133128,,672.0,48.26,5930.0,1.007,1.052,,-0.04,,Transit,2016.0,89.38,EarthLike
Kepler-110 c,Kepler-110,31.71981013,0.1975,0.0,,0.27567181,,743.0,71.97,5869.0,1.019,1.626,,-0.16,,Transit,2014.0,89.86,MiniNeptune
Kepler-60 b,Kepler-60,7.13294363,0.075,0.0,,0.17575193,,1202.0,492.93,6200.0,1.105,1.448,,-0.1,,Transit,2012.0,83.65,DesertWorld
Kepler-338 d,Kepler-338,44.4301361,0.2564,0.0,,0.2497997,,680.0,50.44,5923.0,1.142,1.735,,-0.07,,Transit,2014.0,88.24,MiniNeptune
Kepler-341 d,Kepler-341,27.6665971,0.1791,0.0,,0.17485979,,627.0,36.57,6008.0,1.0,1.003,,-0.14,,Transit,2014.0,88.81,SuperEarth
Kepler-1086 b,Kepler-1086,18.78429232,0.1198,0.0,,0.19091834,,433.0,8.3,4243.0,0.651,0.641,,0.02,,Transit,2016.0,88.97,SuperEarth
Kepler-114 b,Kepler-114,5.188563677,0.0484,0.0,,0.08921418,,586.0,27.95,3980.0,0.56,0.54,,-0.2,,Transit,2014.0,89.39,EarthLike
Kepler-339 c,Kepler-339,6.98800953,0.0683,0.0,,0.12400771,,914.0,164.86,5353.0,0.87,1.023,,0.16,,Transit,2014.0,89.92,DesertWorld
Kepler-1085 c,Kepler-1085,56.7769831,0.3002,0.0,,0.28637751,,491.0,13.74,6063.0,1.117,1.012,,0.07,,Transit,2020.0,89.15,MiniNeptune
Kepler-358 c,Kepler-358,83.4887405,0.3779,0.0,,0.26318183,,411.0,6.76,5910.0,1.032,0.94,,-0.02,,Transit,2014.0,89.75,MiniNeptune
Kepler-339 d,Kepler-339,10.55838956,0.0903,0.0,,0.10348845,,742.0,71.84,5627.0,0.88,0.808,,-0.24,,Transit,2014.0,89.38,EarthLike
Kepler-1087 b,Kepler-1087,0.693842855,0.0154,0.0,,0.07315563,,2135.0,4912.96,5582.0,1.001,1.158,,0.3,,Transit,2016.0,89.38,LavaWorld
Kepler-238 f,Kepler-238,50.4473156,0.2724,0.0,,0.19181048,,486.0,13.17,5858.0,1.056,0.963,,0.1,,Transit,2013.0,88.81,SuperEarth
Kepler-1818 b,Kepler-1818,4.64493642,0.055,0.0,,0.13203698,,1209.0,504.23,6047.0,1.021,1.129,,-0.08,,Transit,2021.0,87.09,DesertWorld
Kepler-1177 b,Kepler-1177,106.247547,0.4383,0.0,,0.17753621,,397.0,5.9,5968.0,0.995,0.999,,-0.12,,Transit,2016.0,89.95,SuperEarth
Kepler-265 e,Kepler-265,67.8321638,0.3123,0.0,,0.21322189,,476.0,12.14,5839.0,0.881,1.067,,-0.28,,Transit,2014.0,89.98,SuperEarth
Kepler-265 d,Kepler-265,43.1308082,0.2444,0.0,,0.19627119,,557.0,22.79,6299.0,1.045,0.983,,-0.32,,Transit,2014.0,89.95,SuperEarth
Kepler-1683 b,Kepler-1683,15.03366411,0.1182,0.0,,0.1516641,,669.0,47.32,5523.0,0.972,0.891,,0.16,,Transit,2020.0,89.98,EarthLike
Kepler-113 c,Kepler-113,8.925079516,0.0763,0.0,,0.21054546,,628.0,36.89,4728.0,0.768,0.693,,0.04,,Transit,2014.0,87.69,SuperEarth
Kepler-763 c,Kepler-763,4.09666758,0.048,0.0,,0.12400771,,943.0,186.7,5258.0,0.879,0.793,,0.04,,Transit,2023.0,89.95,DesertWorld
Kepler-263 c,Kepler-263,47.3330262,0.2407,0.0,,0.21411403,,418.0,7.24,5265.0,0.829,0.781,,-0.1,,Transit,2014.0,89.95,SuperEarth
Kepler-1075 b,Kepler-1075,1.52372816,0.0214,0.0,,0.12311557,,862.0,130.37,3900.0,0.559,0.537,,-0.1,,Transit,2016.0,76.2,DesertWorld
Kepler-1179 b,Kepler-1179,2.685057492,0.0346,0.0,,0.119547,,1137.0,395.08,5266.0,0.765,0.829,,-0.18,,Transit,2016.0,89.38,DesertWorld
Kepler-1819 b,Kepler-1819,16.48688002,0.1334,0.0,,7.00420512,,754.0,76.6,6065.0,1.163,1.061,,0.21,,Transit,2021.0,86.52,GasGiant
Kepler-122 b,Kepler-122,5.76616658,0.0636,0.0,,0.16415409,,1040.0,276.44,6103.0,1.028,0.949,,-0.2,,Transit,2014.0,89.95,DesertWorld
Kepler-1816 b,Kepler-1816,91.5009237,0.3671,0.0,,0.16504623,,315.0,2.34,5120.0,0.799,0.716,,-0.24,,Transit,2021.0,89.95,SuperEarth
Kepler-24 e,Kepler-24,18.99850923,0.1378,0.0,,0.21054546,,748.0,74.15,6038.0,0.965,1.088,,-0.24,,Transit,2014.0,89.95,SuperEarth
Kepler-379 c,Kepler-379,62.7843981,0.3194,0.0,,0.20340833,,530.0,18.7,6053.0,1.098,1.26,,0.06,,Transit,2014.0,89.84,SuperEarth
Kepler-378 b,Kepler-378,16.09227518,0.1117,0.0,,0.08742989,,503.0,15.15,4657.0,0.748,0.67,,0.02,,Transit,2014.0,87.69,EarthLike
Kepler-1817 b,Kepler-1817,44.2994477,0.2277,0.0,,0.20340833,,433.0,8.34,5465.0,0.801,0.736,,-0.4,,Transit,2021.0,89.38,SuperEarth
Kepler-763 b,Kepler-763,1.196548464,0.0205,0.0,,0.11151772,,1414.0,945.12,4999.0,0.8,0.843,,0.18,,Transit,2016.0,87.27,DesertWorld
Kepler-2001 c,Kepler-2001,14.0926796,0.1085,0.0,,0.1623698,,604.0,31.44,5093.0,0.856,0.784,,0.12,,Transit,2023.0,88.24,SuperEarth
Kepler-27 d,Kepler-27,6.54626058,0.0681,0.0,,0.25247612,,836.0,115.56,5325.0,0.981,0.863,,0.36,,Transit,2021.0,84.8,MiniNeptune
Kepler-112 c,Kepler-112,28.5742649,0.1675,0.0,,0.2497997,,608.0,32.23,5763.0,0.766,0.957,,-0.56,,Transit,2014.0,89.38,MiniNeptune
Kepler-81 d,Kepler-81,20.83766355,0.1207,0.0,,0.09099846,,357.0,3.83,3896.0,0.54,0.52,,-0.2,,Transit,2014.0,89.95,EarthLike
Kepler-1076 b,Kepler-1076,6.14727918,0.0611,0.0,,0.07226348,,770.0,83.12,4996.0,0.806,0.746,,0.0,,Transit,2016.0,89.38,EarthLike
Kepler-1821 b,Kepler-1821,16.4581861,0.1244,0.0,,0.1623698,,644.0,40.61,5475.0,0.946,0.884,,0.14,,Transit,2021.0,89.9,SuperEarth
Kepler-1184 b,Kepler-1184,53.5991044,0.2863,0.0,,0.22928044,,529.0,18.54,6319.0,1.084,1.032,,-0.22,,Transit,2016.0,89.38,MiniNeptune
Kepler-1788 b,Kepler-1788,2.800118124,0.0343,0.0,,0.17575193,,956.0,197.81,4786.0,0.686,0.704,,-0.2,,Transit,2021.0,89.95,DesertWorld
Kepler-1065 b,Kepler-1065,3.609313059,0.0455,0.0,,0.29083822,,1092.0,336.16,5668.0,0.963,0.868,,-0.02,,Transit,2016.0,88.42,MiniNeptune
Kepler-32 f,Kepler-32,0.742958836,0.0129,0.0,,0.16772265,,1024.0,259.42,3727.0,0.52,0.5,,0.04,,Transit,2012.0,66.46,DesertWorld
Kepler-1181 b,Kepler-1181,4.89336495,0.0621,0.0,,0.14274268,,1374.0,842.45,6688.0,1.336,1.347,,0.07,,Transit,2016.0,88.82,DesertWorld
Kepler-1180 b,Kepler-1180,16.8601286,0.1246,0.0,,0.14898768,,765.0,80.9,6205.0,0.906,0.973,,-0.58,,Transit,2016.0,88.81,EarthLike
Kepler-262 b,Kepler-262,13.06076688,0.1075,0.0,,0.13292913,,734.0,68.66,5830.0,0.97,0.876,,-0.14,,Transit,2014.0,88.24,EarthLike
Kepler-1182 b,Kepler-1182,11.17394617,0.0981,0.0,,0.18288907,,796.0,94.84,5911.0,1.006,0.914,,-0.1,,Transit,2016.0,85.94,SuperEarth
Kepler-722 c,Kepler-722,105.145959,0.4471,0.0,,0.30600463,,401.0,6.09,6077.0,1.077,0.999,,-0.04,,Transit,2016.0,88.39,MiniNeptune
Kepler-1183 b,Kepler-1183,28.5057189,0.1793,0.0,,0.21679045,,555.0,22.43,5712.0,0.944,0.87,,-0.1,,Transit,2016.0,89.95,SuperEarth
Kepler-1820 b,Kepler-1820,31.032699,0.1964,0.0,,0.24087828,,561.0,23.41,5841.0,1.047,0.931,,0.07,,Transit,2021.0,89.95,MiniNeptune
Kepler-1680 b,Kepler-1680,8.77426218,0.0784,0.0,,0.12668413,,771.0,83.63,5146.0,0.832,0.905,,0.2,,Transit,2020.0,89.95,EarthLike
Kepler-1107 b,Kepler-1107,0.571038347,0.0126,0.0,,0.14720339,,1897.0,3069.59,5132.0,0.82,0.886,,0.16,,Transit,2016.0,66.6,LavaWorld
Kepler-327 d,Kepler-327,13.96950181,0.0909,0.0,,0.18199692,,387.0,5.29,3716.0,0.513,0.506,,0.04,,Transit,2014.0,88.5,SuperEarth
Kepler-1795 b,Kepler-1795,13.36020599,0.1004,0.0,,0.17039908,,525.0,18.0,4491.0,0.76,0.706,,0.28,,Transit,2021.0,89.95,SuperEarth
Kepler-1106 b,Kepler-1106,1.252752174,0.0229,0.0,,0.12400771,,1775.0,2346.25,6231.0,1.025,0.955,,-0.32,,Transit,2016.0,89.95,DesertWorld
Kepler-327 c,Kepler-327,5.21231585,0.0467,0.0,,0.11062558,,544.0,20.69,3799.0,0.499,0.492,,-0.2,,Transit,2014.0,85.94,EarthLike
Kepler-416 d,Kepler-416,3.076452083,0.0414,0.0,,0.14987982,,1343.0,770.12,5977.0,0.999,1.075,,-0.1,,Transit,2023.0,89.38,DesertWorld
Kepler-1109 b,Kepler-1109,37.6467384,0.2116,0.0,,0.1579091,,508.0,15.76,5758.0,0.892,0.847,,-0.28,,Transit,2016.0,89.38,EarthLike
Kepler-416 c,Kepler-416,12.20951755,0.1021,0.0,,0.232849,,791.0,92.68,5670.0,0.949,1.022,,0.06,,Transit Timing Variations,2014.0,86.99,MiniNeptune
Kepler-1108 b,Kepler-1108,4.51005082,0.0511,0.0,,0.15523267,,1063.0,301.74,5362.0,0.873,1.032,,0.16,,Transit,2016.0,89.59,DesertWorld
Kepler-1785 b,Kepler-1785,19.58557219,0.1382,0.0,,0.33187674,,668.0,47.07,5971.0,0.916,0.889,,-0.38,,Transit,2021.0,87.66,MiniNeptune
Kepler-329 b,Kepler-329,7.41634311,0.0601,0.0,,0.12133128,,522.0,17.59,4045.0,0.526,0.515,,-0.48,,Transit,2014.0,87.66,EarthLike
Kepler-106 e,Kepler-106,43.84439721,0.2395,0.0,,0.25604469,,531.0,18.77,5854.0,0.951,1.012,,-0.12,,Transit,2014.0,88.27,MiniNeptune
Kepler-11 f,Kepler-11,46.6856205,0.2472,0.0,,0.22481973,,513.0,16.41,5657.0,0.921,1.046,,0.0,,Transit,2010.0,89.78,MiniNeptune
Kepler-417 c,Kepler-417,15.94251522,0.1194,0.0,,0.24087828,,616.0,34.06,5376.0,0.897,0.806,,-0.02,,Transit Timing Variations,2014.0,89.95,MiniNeptune
Kepler-360 b,Kepler-360,3.289722169,0.0436,0.0,,0.14452697,,1296.0,667.45,6052.0,1.022,1.028,,-0.12,,Transit,2014.0,89.38,DesertWorld
Kepler-114 d,Kepler-114,11.776138457,0.0835,0.0,,0.18288907,,447.0,9.42,3983.0,0.56,0.54,,-0.2,,Transit,2013.0,89.38,SuperEarth
Kepler-67 b,Kepler-67,15.72589061,0.1153,0.0,,0.25069184,,599.0,30.51,5324.0,0.832,0.751,,-0.22,,Transit,2013.0,89.38,MiniNeptune
Kepler-1105 b,Kepler-1105,4.421572182,0.0461,0.0,,0.17129122,,697.0,55.8,4189.0,0.668,0.656,,0.22,,Transit,2016.0,86.52,SuperEarth
Kepler-1996 b,Kepler-1996,32.3763405,0.1726,0.0,,0.15077196,,380.0,4.92,4528.0,0.651,0.624,,-0.3,,Transit,2023.0,89.95,EarthLike
Kepler-325 d,Kepler-325,38.7146833,0.2157,0.0,,0.26853468,,541.0,20.26,5749.0,0.892,0.982,,-0.18,,Transit,2014.0,89.38,MiniNeptune
Kepler-326 b,Kepler-326,2.248288213,0.0315,0.0,,0.11151772,,1127.0,380.75,5103.0,0.82,0.789,,0.04,,Transit,2014.0,89.97,DesertWorld
Kepler-100 b,Kepler-100,6.88706037,0.0727,0.0,,0.11687057,,1163.0,432.81,5825.0,1.08,1.49,,0.02,,Transit,2014.0,87.09,DesertWorld
Kepler-104 d,Kepler-104,51.75529576,0.2539,0.0,,0.30422035,,588.0,28.21,5755.0,0.814,1.361,,-0.52,,Transit,2014.0,89.38,MiniNeptune
Kepler-106 b,Kepler-106,6.16491696,0.0646,0.0,,0.07583205,,1035.0,271.63,5881.0,0.944,1.029,,-0.16,,Transit,2014.0,87.66,DesertWorld
Kepler-326 d,Kepler-326,6.76689811,0.0685,0.0,,0.21679045,,1104.0,351.72,5192.0,0.933,1.593,,0.14,,Transit,2014.0,89.95,DesertWorld
Kepler-100 d,Kepler-100,35.3330866,0.2163,0.0,,0.13382127,,674.0,48.89,5825.0,1.08,1.49,,0.02,,Transit,2014.0,88.81,EarthLike
Kepler-1798 b,Kepler-1798,16.85593514,0.1067,0.0,,0.18556549,,403.0,6.25,3972.0,0.568,0.565,,-0.1,,Transit,2021.0,88.81,SuperEarth
Kepler-1797 b,Kepler-1797,23.3594822,0.1637,0.0,,0.26318183,,684.0,51.68,6244.0,1.069,1.009,,-0.2,,Transit,2021.0,86.52,MiniNeptune
Kepler-1796 b,Kepler-1796,29.4557154,0.1879,0.0,,0.19716333,,598.0,30.3,6036.0,1.018,0.949,,-0.16,,Transit,2021.0,89.95,SuperEarth
Kepler-256 b,Kepler-256,1.620467654,0.0265,0.0,,0.14006626,,1681.0,1893.42,5553.0,0.949,1.25,,0.16,,Transit,2014.0,87.2,DesertWorld
Kepler-975 c,Kepler-975,5.05821338,0.0567,0.0,,0.95369956,,1168.0,439.8,4883.0,0.951,1.667,,0.56,,Transit,2023.0,85.01,HotJupiter
Kepler-1110 b,Kepler-1110,9.69312032,0.0754,0.0,,0.20876118,,608.0,32.4,4818.0,0.607,0.618,,-0.68,,Transit,2016.0,88.24,SuperEarth
Kepler-1111 b,Kepler-1111,8.79617863,0.0872,0.0,,0.16772265,,939.0,183.73,6140.0,1.142,1.048,,0.07,,Transit,2016.0,89.95,DesertWorld
Kepler-1089 b,Kepler-1089,5.132486123,0.0497,0.0,,0.15077196,,584.0,27.41,3879.0,0.619,0.578,,0.32,,Transit,2016.0,89.54,EarthLike
Kepler-1093 b,Kepler-1093,25.0824626,0.1685,0.0,,0.18110478,,776.0,85.76,6429.0,1.011,1.262,,-0.46,,Transit,2016.0,89.95,SuperEarth
Kepler-336 c,Kepler-336,9.59993139,0.0866,0.0,,0.12668413,,841.0,117.97,6029.0,0.938,0.865,,-0.4,,Transit,2014.0,88.81,DesertWorld
Kepler-1092 b,Kepler-1092,58.6017925,0.2996,0.0,,0.19181048,,508.0,15.8,6250.0,1.038,1.019,,-0.22,,Transit,2016.0,89.95,SuperEarth
Kepler-1794 b,Kepler-1794,9.7629522,0.0821,0.0,,0.17485979,,703.0,57.59,5052.0,0.773,0.816,,0.02,,Transit,2021.0,89.38,SuperEarth
Kepler-113 b,Kepler-113,4.75400115,0.0491,0.0,,0.16950694,,770.0,82.9,4591.0,0.696,0.709,,0.0,,Transit,2014.0,89.38,SuperEarth
Kepler-334 d,Kepler-334,25.0985083,0.1654,0.0,,0.14185054,,656.0,43.84,5782.0,0.957,1.095,,-0.02,,Transit,2014.0,88.88,EarthLike
Kepler-85 b,Kepler-85,8.3053749,0.0796,0.0,,0.18913406,,831.0,112.98,5695.0,0.971,0.872,,-0.02,,Transit,2012.0,83.08,DesertWorld
Kepler-1095 b,Kepler-1095,4.27103727,0.0514,0.0,,0.1088413,,1108.0,356.54,5984.0,0.993,0.906,,-0.2,,Transit,2016.0,89.92,DesertWorld
Kepler-334 b,Kepler-334,5.47033694,0.06,0.0,,0.0918906,,1049.0,286.03,5827.0,0.959,0.999,,-0.08,,Transit,2014.0,89.38,DesertWorld
Kepler-1094 b,Kepler-1094,78.1000231,0.3653,0.0,,0.23641757,,447.0,9.48,6153.0,1.065,0.993,,-0.14,,Transit,2016.0,89.38,MiniNeptune
Kepler-337 b,Kepler-337,3.29276965,0.043,0.0,,0.11597843,,1438.0,1011.58,5684.0,0.975,1.415,,0.02,,Transit,2014.0,86.52,DesertWorld
Kepler-1793 b,Kepler-1793,8.77995434,0.0786,0.0,,0.25961326,,714.0,61.46,5189.0,0.845,0.765,,-0.06,,Transit,2021.0,82.51,MiniNeptune
Kepler-1995 b,Kepler-1995,73.7579317,0.3259,0.0,,0.37737597,,375.0,4.66,5029.0,0.847,0.93,,0.48,,Transit,2023.0,89.95,MiniNeptune
Kepler-359 c,Kepler-359,57.6899118,0.3015,0.0,,0.45945302,,507.0,15.62,6210.0,1.093,1.033,,-0.1,,Transit,2014.0,88.81,MiniNeptune
Kepler-1091 b,Kepler-1091,1.434745129,0.0252,0.0,,0.13382127,,1664.0,1813.0,5806.0,1.037,1.064,,0.16,,Transit,2016.0,88.96,DesertWorld
Kepler-336 b,Kepler-336,2.024820339,0.0307,0.0,,0.06512635,,1412.0,938.74,6029.0,0.938,0.865,,-0.4,,Transit,2014.0,85.37,DesertWorld
Kepler-1090 c,Kepler-1090,42.4267342,0.2212,0.0,,0.27477967,,482.0,12.79,5403.0,0.8,0.906,,-0.14,,Transit,2021.0,87.09,MiniNeptune
Kepler-1067 c,Kepler-1067,5.42587228,0.0585,0.0,,0.11865486,,931.0,177.66,5614.0,0.908,0.827,,-0.14,,Transit,2021.0,89.38,DesertWorld
Kepler-1103 b,Kepler-1103,19.79191978,0.1475,0.0,,0.18199692,,732.0,67.88,6277.0,1.085,1.031,,-0.18,,Transit,2016.0,89.95,SuperEarth
Kepler-1102 b,Kepler-1102,51.3285623,0.2731,0.0,,0.27924038,,546.0,21.06,6119.0,1.027,1.119,,-0.1,,Transit,2016.0,88.81,MiniNeptune
Kepler-330 b,Kepler-330,8.25981532,0.0748,0.0,,0.11687057,,710.0,60.12,5108.0,0.825,0.743,,-0.1,,Transit,2014.0,89.95,EarthLike
Kepler-331 c,Kepler-331,17.28116957,0.1064,0.0,,0.18199692,,425.0,7.75,4347.0,0.537,0.524,,-0.84,,Transit,2014.0,89.75,SuperEarth
Kepler-1101 b,Kepler-1101,81.3151059,0.3522,0.0,,0.19805548,,370.0,4.45,5565.0,0.879,0.802,,-0.2,,Transit,2016.0,89.95,SuperEarth
Kepler-1679 b,Kepler-1679,9.75369069,0.0892,0.0,,0.19448691,,813.0,103.3,5806.0,0.996,0.899,,-0.04,,Transit,2020.0,88.24,DesertWorld
Kepler-256 e,Kepler-256,10.68167916,0.0973,0.0,,0.16058552,,825.0,109.3,5936.0,1.075,0.965,,0.07,,Transit,2014.0,89.38,DesertWorld
Kepler-1001 c,Kepler-1001,9.18186435,0.084,0.0,,0.13828198,,806.0,99.6,5735.0,0.934,0.852,,-0.16,,Transit,2020.0,88.81,DesertWorld
Kepler-1104 b,Kepler-1104,5.03728015,0.0614,0.0,,0.09545917,,1256.0,587.47,6452.0,1.216,1.195,,0.0,,Transit,2016.0,89.38,DesertWorld
Kepler-1098 b,Kepler-1098,2.543072855,0.0346,0.0,,0.10081202,,1280.0,634.16,5753.0,0.852,0.88,,-0.34,,Transit,2016.0,89.38,DesertWorld
Kepler-331 d,Kepler-331,32.1340737,0.1607,0.0,,0.17129122,,345.0,3.35,4345.0,0.535,0.521,,-0.86,,Transit,2014.0,89.38,SuperEarth
Kepler-333 c,Kepler-333,24.0882568,0.1373,0.0,,0.10705701,,378.0,4.83,4159.0,0.589,0.583,,-0.24,,Transit,2014.0,88.81,EarthLike
Kepler-1097 b,Kepler-1097,187.747029,0.5791,0.0,,0.27834824,,267.0,1.2,5303.0,0.734,0.753,,-0.4,,Transit,2016.0,89.95,MiniNeptune
Kepler-1096 b,Kepler-1096,2.892216772,0.034,0.0,,0.11687057,,794.0,93.66,4229.0,0.625,0.615,,-0.12,,Transit,2016.0,85.46,EarthLike
Kepler-1100 b,Kepler-1100,6.42200058,0.0689,0.0,,0.11419415,,1036.0,272.65,6201.0,1.058,0.989,,-0.2,,Transit,2016.0,89.38,DesertWorld
Kepler-48 d,Kepler-48,42.89605505,0.2365,0.0,,0.18021264,,443.0,9.14,5296.0,0.955,0.852,,0.3,,Transit,2014.0,89.95,SuperEarth
Kepler-1099 b,Kepler-1099,2.168452593,0.0337,0.0,,0.27745609,,1557.0,1389.18,6153.0,1.077,1.109,,0.02,,Transit,2016.0,77.35,MiniNeptune
Kepler-1141 b,Kepler-1141,2.344511944,0.0342,0.0,,0.07672419,,1490.0,1164.46,5915.0,0.969,1.115,,-0.12,,Transit,2016.0,89.38,DesertWorld
Kepler-1311 c,Kepler-1311,2.53573424,0.0364,0.0,,0.09367489,,1539.0,1326.69,5988.0,1.002,1.236,,-0.12,,Transit,2016.0,89.38,DesertWorld
Kepler-1142 b,Kepler-1142,18.3027248,0.1274,0.0,,0.1088413,,629.0,37.04,5692.0,0.822,0.8,,-0.44,,Transit,2016.0,86.52,EarthLike
Kepler-1312 c,Kepler-1312,1.116128999,0.02,0.0,,0.07493991,,1565.0,1418.14,5674.0,0.851,0.782,,-0.38,,Transit,2021.0,89.38,DesertWorld
Kepler-1140 b,Kepler-1140,24.0862707,0.1478,0.0,,0.26139754,,500.0,14.78,4973.0,0.741,0.768,,-0.08,,Transit,2016.0,89.38,MiniNeptune
Kepler-1143 b,Kepler-1143,2.888904849,0.0347,0.0,,0.13114484,,959.0,200.11,4905.0,0.665,0.682,,-0.4,,Transit,2016.0,89.38,DesertWorld
Kepler-396 b,Kepler-396,42.99255302,0.2277,0.0,,0.31135748,,531.0,18.79,5579.0,0.85,1.06,,-0.12,,Transit,2013.0,89.95,MiniNeptune
Kepler-490 b,Kepler-490,3.268695154,0.0464,0.0,,1.08216798,,1422.0,967.13,6418.0,1.241,1.171,,0.07,,Transit,2016.0,89.38,HotJupiter
Kepler-1311 b,Kepler-1311,11.1726994,0.0979,0.0,,0.09456703,,939.0,183.4,5988.0,1.002,1.236,,-0.12,,Transit,2016.0,89.38,DesertWorld
Kepler-1072 b,Kepler-1072,1.569066502,0.0282,0.0,,0.12489985,,1777.0,2355.1,6343.0,1.213,1.137,,0.07,,Transit,2016.0,88.24,DesertWorld
Kepler-397 b,Kepler-397,22.2508509,0.1426,0.0,,0.18467335,,539.0,20.01,5307.0,0.782,0.757,,-0.28,,Transit,2014.0,89.33,SuperEarth
Kepler-1138 b,Kepler-1138,3.17060005,0.0394,0.0,,0.14809554,,1200.0,489.46,5725.0,0.809,0.889,,-0.42,,Transit,2016.0,88.81,DesertWorld
Kepler-1869 b,Kepler-1869,8.16735028,0.0854,0.0,,0.18467335,,1263.0,601.1,5895.0,1.241,2.014,,0.14,,Transit,2021.0,89.38,DesertWorld
Kepler-1806 b,Kepler-1806,9.03326435,0.0813,0.0,,0.17485979,,729.0,66.89,5311.0,0.884,0.788,,-0.04,,Transit,2021.0,88.82,SuperEarth
Kepler-398 c,Kepler-398,11.41941928,0.0871,0.0,,0.08832204,,536.0,19.47,4498.0,0.698,0.635,,-0.08,,Transit,2014.0,85.38,EarthLike
Kepler-1137 b,Kepler-1137,23.9210791,0.1847,0.0,,0.19894762,,980.0,217.61,7143.0,1.466,1.785,,-0.14,,Transit,2016.0,89.95,DesertWorld
Kepler-1807 b,Kepler-1807,10.86060638,0.0988,0.0,,0.19091834,,1108.0,356.24,6455.0,1.087,1.496,,-0.36,,Transit,2021.0,89.95,DesertWorld
Kepler-1071 b,Kepler-1071,6.1799844,0.0533,0.0,,0.13114484,,661.0,45.12,4932.0,0.528,0.492,,-2.5,,Transit,2016.0,88.24,EarthLike
Kepler-1139 b,Kepler-1139,0.813166719,0.0163,0.0,,0.0918906,,1613.0,1598.83,5285.0,0.875,0.78,,-0.06,,Transit,2016.0,88.24,DesertWorld
Kepler-1144 b,Kepler-1144,17.14648756,0.1291,0.0,,0.32473961,,811.0,102.24,5559.0,0.974,1.412,,0.14,,Transit,2016.0,86.25,MiniNeptune
Kepler-1149 b,Kepler-1149,3.73090026,0.0473,0.0,,0.13203698,,1128.0,383.51,5709.0,1.014,0.95,,0.14,,Transit,2016.0,81.98,DesertWorld
Kepler-1148 b,Kepler-1148,1.104463509,0.0188,0.0,,0.14631125,,1396.0,898.79,5002.0,0.723,0.753,,-0.18,,Transit,2016.0,89.38,DesertWorld
Kepler-501 c,Kepler-501,3.62269606,0.0471,0.0,,0.12936056,,1257.0,589.5,6217.0,1.056,0.989,,-0.22,,Transit,2021.0,88.81,DesertWorld
Kepler-1147 b,Kepler-1147,10.62784997,0.0961,0.0,,0.20519261,,871.0,136.34,6082.0,1.041,1.014,,-0.08,,Transit,2016.0,83.08,DesertWorld
Kepler-124 d,Kepler-124,30.9505927,0.1719,0.0,,0.13471341,,428.0,7.91,4983.0,0.715,0.651,,-0.44,,Transit,2014.0,86.47,EarthLike
Kepler-495 c,Kepler-495,5.89661966,0.0614,0.0,,0.11419415,,1000.0,237.1,5392.0,0.888,1.087,,0.18,,Transit,2021.0,89.84,DesertWorld
Kepler-1151 b,Kepler-1151,65.6478424,0.3007,0.0,,0.2221433,,456.0,10.24,5788.0,0.841,0.96,,-0.36,,Transit,2016.0,89.95,SuperEarth
Kepler-896 b,Kepler-896,144.547396,0.5162,0.0,,0.23195686,,304.0,2.03,5514.0,0.875,0.808,,-0.16,,Transit,2016.0,89.95,MiniNeptune
Kepler-308 c,Kepler-308,15.3825006,0.1211,0.0,,0.19537905,,715.0,61.61,5896.0,1.0,0.914,,-0.1,,Transit,2014.0,89.95,SuperEarth
Kepler-1150 b,Kepler-1150,2.787874175,0.0382,0.0,,0.20786903,,1432.0,993.06,4827.0,0.952,1.727,,0.56,,Transit,2016.0,89.16,DesertWorld
Kepler-374 c,Kepler-374,3.28280266,0.0416,0.0,,0.09724345,,1226.0,533.9,5975.0,0.891,0.9,,-0.44,,Transit,2014.0,88.24,DesertWorld
Kepler-1808 b,Kepler-1808,23.34036251,0.1467,0.0,,0.19716333,,601.0,30.94,5530.0,0.773,0.892,,-0.34,,Transit,2021.0,89.83,SuperEarth
Kepler-2000 c,Kepler-2000,20.6181066,0.1234,0.0,,0.12489985,,354.0,3.72,3769.0,0.59,0.56,,0.4,,Transit,2023.0,89.95,EarthLike
Kepler-1146 b,Kepler-1146,2.352273912,0.0325,0.0,,0.11508629,,1019.0,255.03,4816.0,0.836,0.748,,0.24,,Transit,2016.0,89.48,DesertWorld
Kepler-1145 b,Kepler-1145,3.97076766,0.0443,0.0,,0.12936056,,957.0,198.43,5178.0,0.732,0.778,,-0.26,,Transit,2016.0,88.81,DesertWorld
Kepler-1809 b,Kepler-1809,3.757294695,0.0435,0.0,,0.10973344,,877.0,139.89,4901.0,0.807,0.716,,0.04,,Transit,2021.0,88.7,DesertWorld
Kepler-373 b,Kepler-373,5.53532955,0.0592,0.0,,0.12311557,,962.0,202.49,5783.0,0.904,0.842,,-0.28,,Transit,2014.0,89.38,DesertWorld
Kepler-124 b,Kepler-124,3.41045981,0.0395,0.0,,0.09456703,,892.0,149.88,4983.0,0.715,0.651,,-0.44,,Transit,2014.0,70.06,DesertWorld
Kepler-398 d,Kepler-398,6.83437001,0.0626,0.0,,0.07583205,,643.0,40.45,4494.0,0.698,0.659,,-0.04,,Transit,2016.0,89.38,EarthLike
Kepler-372 c,Kepler-372,20.0545077,0.1528,0.0,,0.22035902,,792.0,92.88,6517.0,1.181,1.159,,-0.14,,Transit,2014.0,84.8,SuperEarth
Kepler-1321 d,Kepler-1321,5.72087524,0.0566,0.0,,0.27477967,,683.0,51.48,4385.0,0.736,0.706,,0.38,,Transit,2021.0,87.66,MiniNeptune
Kepler-368 b,Kepler-368,26.8476325,0.1608,0.0,,0.1088413,,523.0,17.69,5501.0,0.77,0.747,,-0.48,,Transit,2014.0,89.38,EarthLike
Kepler-1322 c,Kepler-1322,6.46008273,0.0651,0.0,,0.14631125,,881.0,142.68,5693.0,0.88,0.802,,-0.3,,Transit,2021.0,89.95,DesertWorld
Kepler-367 b,Kepler-367,37.8156219,0.2014,0.0,,0.1025963,,393.0,5.66,4722.0,0.759,0.718,,0.07,,Transit,2014.0,89.95,EarthLike
Kepler-1801 b,Kepler-1801,10.44091127,0.0915,0.0,,0.28013252,,829.0,111.52,5738.0,0.936,0.981,,-0.06,,Transit,2021.0,87.09,MiniNeptune
Kepler-1132 b,Kepler-1132,62.8916228,0.2867,0.0,,0.18378121,,371.0,4.49,5314.0,0.798,0.719,,-0.34,,Transit,2016.0,89.95,SuperEarth
Kepler-1133 b,Kepler-1133,11.55562042,0.0983,0.0,,0.18824192,,703.0,57.75,5420.0,0.945,0.85,,0.14,,Transit,2016.0,88.21,SuperEarth
Kepler-401 c,Kepler-401,47.3183002,0.2606,0.0,,0.21946688,,643.0,40.32,6347.0,1.051,1.373,,-0.32,,Transit,2014.0,87.09,SuperEarth
Kepler-369 c,Kepler-369,14.87149773,0.0977,0.0,,0.14185054,,391.0,5.51,3825.0,0.561,0.524,,0.07,,Transit,2014.0,89.98,EarthLike
Kepler-1321 c,Kepler-1321,2.226491086,0.0302,0.0,,0.29083822,,935.0,180.83,4385.0,0.736,0.706,,0.38,,Transit,2016.0,89.95,MiniNeptune
Kepler-402 e,Kepler-402,11.24283541,0.1026,0.0,,0.14185054,,990.0,227.09,6522.0,1.14,1.215,,-0.22,,Transit,2014.0,86.52,DesertWorld
Kepler-1130 b,Kepler-1130,5.45298175,0.0596,0.0,,0.07672419,,916.0,166.26,5406.0,0.947,0.879,,0.2,,Transit,2016.0,88.24,DesertWorld
Kepler-366 b,Kepler-366,3.28192091,0.0446,0.0,,0.13203698,,1318.0,714.01,6210.0,1.093,1.033,,-0.1,,Transit,2014.0,87.66,DesertWorld
Kepler-402 d,Kepler-402,8.9211602,0.0879,0.0,,0.11240986,,1070.0,309.39,6522.0,1.14,1.215,,-0.22,,Transit,2014.0,89.95,DesertWorld
Kepler-1129 b,Kepler-1129,24.3397804,0.1631,0.0,,0.26585825,,690.0,53.59,6240.0,0.975,1.025,,-0.38,,Transit,2016.0,89.38,MiniNeptune
Kepler-1131 b,Kepler-1131,3.53232449,0.0458,0.0,,0.12846842,,1189.0,471.7,5957.0,1.026,0.937,,-0.08,,Transit,2016.0,89.95,DesertWorld
Kepler-354 b,Kepler-354,5.47665368,0.0542,0.0,,0.17842836,,740.0,71.0,4650.0,0.704,0.706,,-0.04,,Transit,2014.0,87.09,SuperEarth
Kepler-402 b,Kepler-402,4.02875481,0.0518,0.0,,0.11240986,,1393.0,890.89,6522.0,1.14,1.215,,-0.22,,Transit,2014.0,86.52,DesertWorld
Kepler-478 b,Kepler-478,13.2217576,0.1005,0.0,,0.25515255,,667.0,46.69,5237.0,0.774,0.837,,-0.12,,Transit,2016.0,87.66,MiniNeptune
Kepler-445 b,Kepler-445,2.984157711,0.0217,0.0,,0.08207704,,401.0,6.12,3157.0,0.153,0.18,,0.26,,Transit,2015.0,88.49,EarthLike
Kepler-1805 b,Kepler-1805,8.84786839,0.0652,0.0,,0.09010632,,436.0,8.57,3724.0,0.471,0.46,,-0.2,,Transit,2021.0,89.38,EarthLike
Kepler-1070 b,Kepler-1070,6.22161107,0.0693,0.0,,0.14185054,,1101.0,348.15,6277.0,1.148,1.097,,-0.02,,Transit,2016.0,83.97,DesertWorld
Kepler-399 b,Kepler-399,14.42525565,0.1034,0.0,,0.09010632,,623.0,35.63,5500.0,0.707,0.682,,-0.82,,Transit,2014.0,89.95,EarthLike
Kepler-1135 b,Kepler-1135,76.957857,0.3436,0.0,,0.17753621,,451.0,9.81,5878.0,0.912,1.041,,-0.24,,Transit,2016.0,89.38,SuperEarth
Kepler-1315 c,Kepler-1315,6.56606842,0.064,0.0,,0.15344839,,777.0,86.27,4818.0,0.809,0.856,,0.56,,Transit,2021.0,89.38,EarthLike
Kepler-371 b,Kepler-371,34.7629923,0.2085,0.0,,0.15077196,,560.0,23.26,6038.0,1.0,0.922,,-0.22,,Transit,2014.0,89.38,EarthLike
Kepler-1136 b,Kepler-1136,2.361724472,0.0299,0.0,,0.13649769,,922.0,170.59,4478.0,0.637,0.651,,-0.22,,Transit,2016.0,89.97,DesertWorld
Kepler-1134 b,Kepler-1134,17.13263989,0.1243,0.0,,0.23195686,,613.0,33.48,5489.0,0.872,0.798,,-0.16,,Transit,2016.0,89.38,MiniNeptune
Kepler-126 c,Kepler-126,21.86967617,0.1622,0.0,,0.13917412,,796.0,95.05,6239.0,1.188,1.358,,-0.14,,Transit,2014.0,88.24,EarthLike
Kepler-1804 b,Kepler-1804,12.2885046,0.1017,0.0,,0.28726965,,913.0,164.61,5109.0,0.929,1.671,,0.1,,Transit,2021.0,88.64,MiniNeptune
Kepler-400 c,Kepler-400,17.34088462,0.1343,0.0,,0.13382127,,786.0,90.17,6099.0,1.07,1.146,,0.0,,Transit,2014.0,89.95,EarthLike
Kepler-1069 b,Kepler-1069,23.8990296,0.1632,0.0,,0.18021264,,693.0,54.65,5790.0,1.013,1.203,,0.1,,Transit,2016.0,87.09,SuperEarth
Kepler-462 b,Kepler-462,84.6877524,0.4172,0.0,,0.30065178,,611.0,32.96,6688.0,1.353,1.79,,-0.2,,Transit,2016.0,89.99,MiniNeptune
Kepler-399 c,Kepler-399,26.6757054,0.1558,0.0,,0.1409584,,508.0,15.69,5500.0,0.707,0.682,,-0.82,,Transit,2014.0,89.38,EarthLike
Kepler-370 c,Kepler-370,19.023152,0.1381,0.0,,0.17039908,,649.0,41.84,5845.0,0.968,0.874,,-0.16,,Transit,2014.0,89.38,SuperEarth
Kepler-1682 b,Kepler-1682,14.83340944,0.1134,0.0,,0.22660401,,694.0,54.74,5570.0,0.882,0.904,,-0.08,,Transit,2020.0,89.16,MiniNeptune
Kepler-281 d,Kepler-281,148.2722671,0.5456,0.0,,0.40324808,,321.0,2.51,5717.0,0.984,0.884,,0.0,,Transit,2021.0,89.95,MiniNeptune
Kepler-1169 b,Kepler-1169,6.11009134,0.0681,0.0,,0.08832204,,1123.0,376.57,5971.0,1.126,1.239,,0.16,,Transit,2016.0,89.38,DesertWorld
Kepler-1073 b,Kepler-1073,8.67888593,0.0802,0.0,,0.17396765,,816.0,104.88,5741.0,0.91,0.833,,-0.24,,Transit,2016.0,89.95,DesertWorld
Kepler-282 b,Kepler-282,9.2206889,0.0852,0.0,,0.09278275,,868.0,134.48,6102.0,0.968,0.887,,-0.38,,Transit,2014.0,89.38,DesertWorld
Kepler-1168 b,Kepler-1168,55.8226539,0.2661,0.0,,0.19716333,,379.0,4.89,5167.0,0.812,0.737,,-0.18,,Transit,2016.0,89.95,SuperEarth
Kepler-282 c,Kepler-282,13.639525,0.1106,0.0,,0.1088413,,762.0,79.81,6102.0,0.968,0.887,,-0.38,,Transit,2014.0,88.24,EarthLike
Kepler-1167 b,Kepler-1167,1.003933739,0.0175,0.0,,0.1516641,,1421.0,962.58,4949.0,0.715,0.741,,-0.18,,Transit,2016.0,88.24,DesertWorld
Kepler-279 d,Kepler-279,54.4205407,0.2901,0.0,,0.28548537,,574.0,25.6,6781.0,1.097,1.067,,-0.58,,Transit,2013.0,87.09,MiniNeptune
Kepler-1170 b,Kepler-1170,9.98970266,0.088,0.0,,0.22125116,,705.0,58.26,5265.0,0.91,0.81,,0.14,,Transit,2016.0,89.99,SuperEarth
Kepler-480 b,Kepler-480,4.919583795,0.06,0.0,,0.21679045,,1264.0,603.54,6495.0,1.19,1.168,,-0.1,,Transit,2016.0,88.24,DesertWorld
Kepler-1165 c,Kepler-1165,29.9685917,0.1969,0.0,,0.17039908,,644.0,40.76,6249.0,1.13,1.076,,-0.04,,Transit,2021.0,89.52,SuperEarth
Kepler-286 e,Kepler-286,29.2215101,0.1857,0.0,,0.15969338,,582.0,27.18,5970.0,0.996,0.908,,-0.18,,Transit,2014.0,89.95,EarthLike
Kepler-1164 b,Kepler-1164,3.97599629,0.0457,0.0,,0.09902774,,936.0,181.47,5143.0,0.803,0.778,,-0.06,,Transit,2016.0,88.57,DesertWorld
Kepler-288 d,Kepler-288,56.6388791,0.2818,0.0,,0.32295532,,508.0,15.77,5918.0,0.931,1.068,,-0.22,,Transit,2014.0,87.09,MiniNeptune
Kepler-1163 b,Kepler-1163,6.11786898,0.0679,0.0,,0.07850848,,1150.0,413.9,6444.0,1.111,1.112,,-0.22,,Transit,2016.0,87.66,DesertWorld
Kepler-1166 b,Kepler-1166,33.2406882,0.1957,0.0,,0.17307551,,563.0,23.76,5605.0,0.904,1.015,,0.0,,Transit,2016.0,89.38,SuperEarth
Kepler-23 c,Kepler-23,10.74242766,0.0977,0.0,,0.28102466,,1023.0,259.2,5828.0,1.078,1.548,,-0.05,,Transit,2011.0,89.38,MiniNeptune
Kepler-283 c,Kepler-283,92.749023,0.3661,0.0,,3.44991227,,321.0,2.51,5189.0,0.76,0.72,,-0.37,,Transit,2014.0,87.09,GasGiant
Kepler-1815 b,Kepler-1815,12.19138811,0.0984,0.0,,0.2497997,,763.0,80.01,5516.0,0.856,0.967,,-0.06,,Transit,2021.0,88.81,MiniNeptune
Kepler-769 c,Kepler-769,15.9868932,0.1297,0.0,,0.14452697,,803.0,98.51,6049.0,1.14,1.176,,0.16,,Transit,2016.0,88.79,DesertWorld
Kepler-12 b,Kepler-12,4.437962934,0.0545,0.0,,1.61031591,,1338.0,757.65,5953.0,1.093,1.415,,0.08,,Transit,2011.0,89.51,HotJupiter
Kepler-1174 b,Kepler-1174,6.89225223,0.0712,0.0,,0.12489985,,962.0,202.71,6046.0,1.011,0.927,,-0.2,,Transit,2016.0,89.95,DesertWorld
Kepler-770 c,Kepler-770,1.475323222,0.0309,0.0,,0.52457937,,2740.0,13331.51,4941.0,1.808,4.885,,0.4,,Transit,2016.0,88.41,MiniNeptune
Kepler-1787 b,Kepler-1787,39.3135699,0.227,0.0,,0.18467335,,540.0,20.04,6060.0,1.008,0.925,,-0.22,,Transit,2021.0,89.99,SuperEarth
Kepler-770 d,Kepler-770,4.15244722,0.0474,0.0,,0.10170416,,969.0,208.64,5513.0,0.822,0.753,,-0.36,,Transit,2016.0,89.38,DesertWorld
Kepler-1173 b,Kepler-1173,0.7698536,0.0158,0.0,,0.0811849,,1643.0,1724.44,5178.0,0.879,0.818,,0.16,,Transit,2016.0,82.51,DesertWorld
Kepler-1175 b,Kepler-1175,37.9456138,0.2181,0.0,,0.24890756,,515.0,16.61,5861.0,0.957,0.865,,-0.2,,Transit,2016.0,89.79,MiniNeptune
Kepler-24 d,Kepler-24,4.24437621,0.0507,0.0,,0.14363483,,1234.0,547.8,6038.0,0.965,1.088,,-0.24,,Transit,2014.0,86.52,DesertWorld
Kepler-376 c,Kepler-376,14.17220432,0.1127,0.0,,0.15344839,,804.0,98.7,5906.0,0.95,1.073,,-0.16,,Transit,2014.0,89.95,DesertWorld
Kepler-783 b,Kepler-783,4.29264638,0.0487,0.0,,0.08296919,,1218.0,520.87,5775.0,0.839,1.114,,-0.34,,Transit,2016.0,85.94,DesertWorld
Kepler-784 c,Kepler-784,17.1570874,0.1329,0.0,,0.18199692,,909.0,161.11,5611.0,1.062,1.791,,0.02,,Transit,2023.0,84.8,DesertWorld
Kepler-1171 b,Kepler-1171,1.44259224,0.0284,0.0,,0.24355471,,2700.0,12557.23,7216.0,1.462,2.043,,-0.36,,Transit,2016.0,88.81,MiniNeptune
Kepler-377 c,Kepler-377,27.0141783,0.1723,0.0,,0.1409584,,626.0,36.35,6167.0,0.933,0.913,,-0.5,,Transit,2014.0,89.95,EarthLike
Kepler-1172 b,Kepler-1172,26.0203329,0.168,0.0,,0.40414023,,675.0,49.09,5624.0,0.931,1.244,,0.04,,Transit,2016.0,88.67,MiniNeptune
Kepler-270 c,Kepler-270,25.2630268,0.1768,0.0,,0.13382127,,769.0,82.82,6432.0,1.155,1.3,,-0.14,,Transit,2014.0,88.24,EarthLike
Kepler-1153 b,Kepler-1153,1.755843555,0.0277,0.0,,0.17307551,,1343.0,771.02,5569.0,0.928,0.829,,-0.08,,Transit,2016.0,75.45,DesertWorld
Kepler-1812 b,Kepler-1812,7.16521372,0.0765,0.0,,0.2221433,,1034.0,270.34,6174.0,1.162,1.103,,0.1,,Transit,2021.0,89.38,DesertWorld
Kepler-481 b,Kepler-481,10.06083238,0.0894,0.0,,0.23017258,,899.0,154.16,5705.0,0.939,1.14,,0.0,,Transit,2016.0,87.02,MiniNeptune
Kepler-864 c,Kepler-864,2.42150341,0.0382,0.0,,0.14452697,,1532.0,1305.04,6213.0,1.27,1.195,,0.36,,Transit,2023.0,84.11,DesertWorld
Kepler-865 c,Kepler-865,6.20925415,0.061,0.0,,0.08029276,,914.0,164.98,5440.0,0.782,0.885,,-0.24,,Transit,2023.0,89.38,DesertWorld
Kepler-1811 b,Kepler-1811,76.4217472,0.3581,0.0,,0.25604469,,442.0,8.98,6091.0,1.045,0.967,,-0.14,,Transit,2021.0,88.24,MiniNeptune
Kepler-1156 b,Kepler-1156,11.89520511,0.1025,0.0,,0.11151772,,812.0,102.66,6061.0,1.012,0.945,,-0.2,,Transit,2016.0,89.38,DesertWorld
Kepler-1669 d,Kepler-1669,4.72941969,0.0457,0.0,,0.12311557,,626.0,36.37,4056.0,0.57,0.56,,-0.23,,Transit,2023.0,87.09,EarthLike
Kepler-1155 b,Kepler-1155,33.469743,0.2006,0.0,,0.19181048,,609.0,32.52,5912.0,0.96,1.094,,-0.14,,Transit,2016.0,89.95,SuperEarth
Kepler-1154 b,Kepler-1154,5.18560081,0.0631,0.0,,0.20876118,,1314.0,705.79,6172.0,1.25,1.471,,0.16,,Transit,2016.0,89.93,DesertWorld
Kepler-355 c,Kepler-355,25.7624524,0.1765,0.0,,0.25247612,,662.0,45.27,6184.0,1.1,1.038,,-0.06,,Transit,2014.0,88.24,MiniNeptune
Kepler-1064 b,Kepler-1064,16.54080322,0.1126,0.0,,0.11240986,,537.0,19.71,5094.0,0.694,0.644,,-0.58,,Transit,2016.0,89.95,EarthLike
Kepler-114 c,Kepler-114,8.041347775,0.0648,0.0,,0.11508629,,507.0,15.59,3980.0,0.56,0.54,,-0.2,,Transit,2013.0,89.36,EarthLike
KIC 9663113 b,KIC 9663113,572.376632,1.4062,0.0,,0.51744223,,264.0,1.15,6226.0,1.129,1.299,,0.0,,Transit,2015.0,89.7,MiniNeptune
Kepler-887 c,Kepler-887,7.63846084,0.0797,0.0,,0.09991988,,1089.0,333.3,6119.0,1.157,1.299,,0.1,,Transit,2016.0,88.3,DesertWorld
Kepler-375 c,Kepler-375,19.9865916,0.1404,0.0,,0.37648383,,720.0,63.67,5500.0,0.922,1.238,,0.14,,Transit,2014.0,85.75,MiniNeptune
Kepler-1810 b,Kepler-1810,101.1326568,0.4235,0.0,,0.33812173,,380.0,4.92,5783.0,0.988,0.939,,0.0,,Transit,2021.0,89.95,MiniNeptune
Kepler-58 e,Kepler-58,4.45814897,0.0533,0.0,,0.14363483,,1212.0,511.6,6100.0,1.017,1.083,,-0.12,,Transit,2023.0,84.65,DesertWorld
Kepler-1160 b,Kepler-1160,7.97034958,0.0755,0.0,,0.17575193,,842.0,118.57,5782.0,0.902,0.822,,-0.3,,Transit,2016.0,89.95,DesertWorld
Kepler-1159 b,Kepler-1159,22.70816791,0.1603,0.0,,0.1623698,,677.0,49.67,6170.0,1.063,0.992,,-0.16,,Transit,2016.0,89.38,SuperEarth
Kepler-290 d,Kepler-290,0.764020072,0.0154,0.0,,0.07940062,,1596.0,1532.82,5153.0,0.848,0.759,,-0.04,,Transit,2023.0,87.09,DesertWorld
Kepler-1158 b,Kepler-1158,13.5396293,0.1174,0.0,,0.13828198,,952.0,194.5,6398.0,1.176,1.337,,-0.08,,Transit,2016.0,89.38,DesertWorld
Kepler-295 c,Kepler-295,21.5262569,0.1408,0.0,,0.10705701,,620.0,35.03,5607.0,0.8,0.886,,-0.34,,Transit,2014.0,89.38,EarthLike
Kepler-356 c,Kepler-356,13.12162167,0.1123,0.0,,0.17753621,,913.0,164.48,6140.0,1.094,1.277,,0.0,,Transit,2014.0,87.29,DesertWorld
Kepler-1162 b,Kepler-1162,32.5637069,0.194,0.0,,0.19805548,,510.0,15.98,5575.0,0.917,0.834,,-0.08,,Transit,2016.0,88.81,SuperEarth
Kepler-58 d,Kepler-58,40.1014272,0.2307,0.0,,0.29529893,,583.0,27.31,6100.0,1.017,1.083,,-0.12,,Transit,2014.0,87.66,MiniNeptune
Kepler-1161 b,Kepler-1161,10.71252541,0.077,0.0,,0.17218336,,468.0,11.3,4083.0,0.53,0.519,,-0.5,,Transit,2016.0,88.81,SuperEarth
Kepler-299 e,Kepler-299,38.2856338,0.2231,0.0,,0.15255624,,527.0,18.23,5896.0,1.008,0.916,,-0.08,,Transit,2014.0,89.95,EarthLike
Kepler-1157 b,Kepler-1157,4.45743164,0.0448,0.0,,0.08564561,,732.0,67.7,4487.0,0.601,0.612,,-0.44,,Transit,2016.0,84.22,EarthLike
Kepler-295 d,Kepler-295,33.8845825,0.1905,0.0,,0.15523267,,533.0,19.13,5607.0,0.8,0.886,,-0.34,,Transit,2014.0,85.87,EarthLike
Kepler-1814 b,Kepler-1814,2.935362067,0.0371,0.0,,0.28102466,,1022.0,258.48,4922.0,0.79,0.823,,0.2,,Transit,2021.0,84.29,MiniNeptune
Kepler-1813 b,Kepler-1813,2.81814715,0.0364,0.0,,0.11597843,,1059.0,298.2,5167.0,0.812,0.787,,-0.04,,Transit,2021.0,88.52,DesertWorld
Kepler-452 b,Kepler-452,384.843022,0.9892,0.0,,0.10081202,,220.0,0.56,5578.0,0.87,0.794,,-0.24,,Transit,2015.0,89.95,EarthLike
Kepler-1726 b,Kepler-1726,18.39628156,0.1295,0.0,,0.21768259,,630.0,37.34,5470.0,0.854,0.884,,-0.08,,Transit,2021.0,89.38,SuperEarth
Kepler-49 b,Kepler-49,7.203850636,0.0595,0.0,,0.19894762,,493.0,13.94,3816.0,0.54,0.51,,-0.05,,Transit,2012.0,89.38,SuperEarth
Kepler-731 b,Kepler-731,3.855603916,0.0505,0.0,,1.21420496,,1212.0,508.65,6033.0,1.153,1.046,,0.21,,Transit,2016.0,87.96,HotJupiter
Kepler-586 b,Kepler-586,2.104721971,0.0331,0.0,,0.25782897,,1365.0,821.44,5703.0,1.091,0.975,,0.36,,Transit,2016.0,89.99,MiniNeptune
Kepler-732 b,Kepler-732,9.467814048,0.0677,0.0,,0.18556549,,403.0,6.22,3581.0,0.46,0.44,,0.14,,Transit,2016.0,89.95,SuperEarth
Kepler-31 b,Kepler-31,20.86021229,0.1462,0.0,,0.49067798,,781.0,87.76,6035.0,0.958,1.257,,-0.28,,Transit,2011.0,89.88,MiniNeptune
Kepler-254 b,Kepler-254,5.826659194,0.0629,0.0,,0.32830818,,983.0,220.71,5941.0,0.975,0.885,,-0.22,,Transit,2014.0,88.81,MiniNeptune
Kepler-612 b,Kepler-612,3.722156413,0.0451,0.0,,0.21589831,,1051.0,288.29,5618.0,0.884,0.811,,-0.22,,Transit,2016.0,87.09,DesertWorld
Kepler-192 b,Kepler-192,9.92672514,0.0871,0.0,,0.19627119,,747.0,73.61,5543.0,0.891,0.813,,-0.14,,Transit,2014.0,89.38,SuperEarth
Kepler-729 b,Kepler-729,3.166353562,0.0432,0.0,,0.34079816,,1273.0,621.92,6007.0,1.072,0.998,,0.02,,Transit,2016.0,89.76,MiniNeptune
Kepler-611 b,Kepler-611,2.437033302,0.0365,0.0,,0.14363483,,1371.0,834.02,5984.0,1.09,0.984,,0.07,,Transit,2016.0,84.8,DesertWorld
Kepler-191 d,Kepler-191,5.945041017,0.0616,0.0,,0.20162404,,832.0,113.11,5275.0,0.883,0.787,,0.0,,Transit,2016.0,89.95,DesertWorld
Kepler-502 b,Kepler-502,4.286866229,0.0535,0.0,,0.3693467,,1217.0,517.66,6228.0,1.107,1.049,,-0.08,,Transit,2016.0,81.72,MiniNeptune
Kepler-730 b,Kepler-730,6.491682808,0.0715,0.0,,0.86180896,,1062.0,301.54,6123.0,1.159,1.107,,0.14,,Transit,2016.0,87.17,HotJupiter
Kepler-548 b,Kepler-548,4.454194338,0.0495,0.0,,1.08930511,,1016.0,252.22,5359.0,0.812,0.915,,-0.06,,Transit,2016.0,88.24,HotJupiter
Kepler-733 b,Kepler-733,20.83424726,0.1483,0.0,,0.25604469,,595.0,29.62,5537.0,0.999,0.88,,0.21,,Transit,2016.0,89.38,MiniNeptune
WASP-47 d,WASP-47,9.095,0.088,0.006,0.05285845,0.33098403,1.8,,,5576.0,1.11,1.16,,0.36,,Transit,2015.0,89.22,MiniNeptune
Kepler-257 c,Kepler-257,6.581478842,0.0656,0.0,,0.42555163,,881.0,142.63,5188.0,0.868,0.973,,0.32,,Transit,2014.0,89.38,MiniNeptune
WASP-47 e,WASP-47,0.789636,0.0173,0.03,0.02863166,0.16236952,8.5,,,5576.0,1.11,1.16,,0.36,,Transit,2015.0,86.2,SuperEarth
Kepler-734 b,Kepler-734,6.104849417,0.0583,0.0,,0.28370109,,784.0,89.25,5085.0,0.71,0.712,,-0.36,,Transit,2016.0,89.78,MiniNeptune
Kepler-757 b,Kepler-757,1.022678821,0.0191,0.0,,0.08475347,,1593.0,1521.94,5559.0,0.883,0.806,,-0.18,,Transit,2016.0,88.24,DesertWorld
Kepler-735 b,Kepler-735,11.51516988,0.0966,0.0,,0.26585825,,658.0,44.28,5173.0,0.905,0.803,,0.21,,Transit,2016.0,89.95,MiniNeptune
Kepler-613 b,Kepler-613,15.77979614,0.1232,0.0,,0.19537905,,713.0,60.96,5941.0,1.001,0.911,,-0.14,,Transit,2016.0,89.95,SuperEarth
Kepler-216 c,Kepler-216,17.40665938,0.1354,0.0,,0.22303545,,764.0,80.56,6277.0,1.085,1.031,,-0.18,,Transit,2014.0,89.95,SuperEarth
Kepler-736 b,Kepler-736,3.60147201,0.0446,0.0,,0.25872112,,1003.0,239.14,5335.0,0.908,0.81,,0.07,,Transit,2016.0,80.21,MiniNeptune
Kepler-759 b,Kepler-759,41.805985,0.2329,0.0,,0.19359477,,533.0,19.02,5907.0,0.961,0.973,,-0.16,,Transit,2016.0,89.95,SuperEarth
Kepler-33 d,Kepler-33,21.77568158,0.1577,0.0,,0.42465949,,853.0,125.14,5900.0,1.1,1.694,,0.0,,Transit,2011.0,89.93,MiniNeptune
Kepler-96 b,Kepler-96,16.238467767,0.1257,0.0,,0.20251618,,682.0,51.06,5763.0,1.002,0.904,,0.02,,Transit,2014.0,89.95,SuperEarth
Kepler-255 c,Kepler-255,9.94602357,0.0864,0.0,,0.27834824,,807.0,100.34,5344.0,0.867,1.013,,0.16,,Transit,2014.0,89.91,MiniNeptune
Wolf 1061 d,Wolf 1061,217.21,0.47,0.55,0.02422679,,,,0.06,3342.0,0.294,0.307,-1.9914,-0.09,M3.5,Radial Velocity,2015.0,,
Wolf 1061 c,Wolf 1061,17.8719,0.089,0.11,0.01072901,,,,1.3,3342.0,0.294,0.307,-1.9914,-0.09,M3.5,Radial Velocity,2015.0,,
Wolf 1061 b,Wolf 1061,4.8869,0.0375,0.15,0.0060095,,,,7.34,3342.0,0.294,0.307,-1.9914,-0.09,M3.5,Radial Velocity,2015.0,,
Kepler-256 c,Kepler-256,3.388011854,0.0453,0.0,,0.15969338,,1209.0,504.25,5936.0,1.075,0.965,,0.07,,Transit,2014.0,84.8,DesertWorld
Kepler-758 b,Kepler-758,12.1097104,0.1114,0.0,,0.20876118,,1028.0,263.98,6692.0,1.261,1.351,,-0.14,,Transit,2016.0,88.81,DesertWorld
Kepler-215 d,Kepler-215,30.86436512,0.187,0.0,,0.19894762,,527.0,18.22,5677.0,0.92,0.828,,-0.18,,Transit,2014.0,88.93,SuperEarth
Kepler-214 c,Kepler-214,28.7796446,0.191,0.0,,0.17396765,,619.0,34.65,6000.0,1.122,1.044,,0.16,,Transit,2014.0,86.15,SuperEarth
Kepler-1534 b,Kepler-1534,5.71668787,0.0599,0.0,,0.17129122,,955.0,196.51,5638.0,0.875,0.883,,-0.18,,Transit,2016.0,88.04,DesertWorld
KOI-3503 c,KOI-3503,31.8245304,0.1911,0.0,,0.07137134,,589.0,28.37,6338.0,0.918,0.847,,-0.8,,Transit,2021.0,89.38,EarthLike
Kepler-649 b,Kepler-649,29.90722674,0.1761,0.0,,0.21946688,,606.0,31.85,5741.0,0.813,1.008,,-0.38,,Transit,2016.0,89.95,SuperEarth
Kepler-1491 c,Kepler-1491,61.569462,0.3064,0.0,,0.14452697,,449.0,9.58,5880.0,1.01,0.917,,-0.06,,Transit,2023.0,89.95,EarthLike
Kepler-1482 b,Kepler-1482,12.25384348,0.1016,0.0,,0.08921418,,678.0,50.05,5413.0,0.931,0.82,,0.07,,Transit,2016.0,89.3,EarthLike
Kepler-648 b,Kepler-648,17.4211749,0.1302,0.0,,0.25426041,,661.0,45.2,5796.0,0.966,0.871,,-0.12,,Transit,2016.0,87.66,MiniNeptune
WASP-138 b,WASP-138,3.634433,0.0494,,1.22,1.09,1.2,1590.0,,6272.0,1.22,1.36,,-0.09,,Transit,2016.0,88.5,HotJupiter
WASP-136 b,WASP-136,5.215357,0.0661,,1.51,1.38,0.773,1742.0,,6260.0,1.41,2.21,,-0.18,,Transit,2016.0,84.7,HotJupiter
Kepler-418 b,Kepler-418,86.67855186,0.389,0.0,,0.88143608,,446.0,9.37,6177.0,1.039,1.043,,-0.14,,Transit,2014.0,89.95,GasGiant
Kepler-1542 d,Kepler-1542,5.99273265,0.0632,0.0,,0.0811849,,1010.0,245.32,5574.0,0.933,1.065,,0.12,,Transit,2016.0,88.08,DesertWorld
Kepler-177 c,Kepler-177,49.41121127,0.2655,0.0,,0.60397999,,497.0,14.48,5768.0,1.021,1.015,,0.14,,Transit,2013.0,88.79,GasGiant
WASP-127 b,WASP-127,4.178062,0.052,,0.18,1.37,0.09,1400.0,,5620.0,1.08,1.39,,-0.18,,Transit,2016.0,88.7,HotJupiter
Kepler-176 e,Kepler-176,51.16579,0.2534,0.0,,0.13738983,,429.0,8.01,5229.0,0.826,0.877,,0.07,,Transit,2016.0,89.38,EarthLike
Kepler-760 b,Kepler-760,8.70419416,0.0805,0.0,,0.358641,,892.0,149.57,5423.0,0.919,1.119,,0.24,,Transit,2016.0,88.24,MiniNeptune
Kepler-401 d,Kepler-401,184.262741,0.6503,0.0,,0.22928044,,380.0,4.93,6115.0,1.077,1.291,,-0.04,,Transit,2016.0,89.15,MiniNeptune
Kepler-474 b,Kepler-474,5.660669429,0.0606,0.0,,0.28905394,,1115.0,365.53,5746.0,0.927,1.173,,-0.08,,Transit,2016.0,86.77,MiniNeptune
Kepler-1834 c,Kepler-1834,0.766689534,0.0147,0.0,,0.09902774,,1491.0,1167.52,4894.0,0.716,0.701,,-0.22,,Transit,2023.0,88.24,DesertWorld
Kepler-1143 c,Kepler-1143,210.630591,0.605,0.0,,0.28637751,,230.0,0.66,4905.0,0.665,0.682,,-0.4,,Transit,2016.0,89.95,MiniNeptune
GJ 3138 b,GJ 3138,1.22003,0.0197,0.19,0.00560048,,,,118.1,3717.0,0.681,0.5,-1.34679,-0.3,M0,Radial Velocity,2017.0,,
GJ 3138 c,GJ 3138,5.974,0.057,0.11,0.01315168,,,,13.9,3717.0,0.681,0.5,-1.34679,-0.3,M0,Radial Velocity,2017.0,,
GJ 3138 d,GJ 3138,257.8,0.698,0.32,0.03303653,,,,0.1,3717.0,0.681,0.5,-1.34679,-0.3,M0,Radial Velocity,2017.0,,MiniNeptune
GJ 3323 b,GJ 3323,5.3636,0.03282,0.23,0.0063556,,,,2.58,3159.0,0.164,0.119,-2.56864,-0.27,M4,Radial Velocity,2017.0,,
GJ 3323 c,GJ 3323,40.54,0.1264,0.17,0.00726804,,,,0.17,3159.0,0.164,0.119,-2.56864,-0.27,M4,Radial Velocity,2017.0,,
GJ 273 b,GJ 273,18.6498,0.091101,0.1,0.00909291,,,,1.06,3382.0,0.29,0.293,-2.05552,0.09,M3.5,Radial Velocity,2017.0,,
Kepler-768 b,Kepler-768,11.39102358,0.092,0.0,,0.14898768,,618.0,34.55,4983.0,0.836,0.728,,0.07,,Transit,2016.0,88.44,EarthLike
Kepler-1388 e,Kepler-1388,37.6327084,0.1793,0.0,,0.18645763,,294.0,1.77,3903.0,0.541,0.523,,-0.2,,Transit,2016.0,89.95,SuperEarth
TRAPPIST-1 h,TRAPPIST-1,18.772866,0.06189,,0.00102571,0.0673567,4.16278,,0.144,2566.0,0.0898,0.1192,-3.25727,,,Transit,2017.0,89.805,EarthLike
Kepler-1388 d,Kepler-1388,20.9568158,0.1214,0.0,,0.21679045,,357.0,3.85,3903.0,0.541,0.523,,-0.2,,Transit,2016.0,89.38,SuperEarth
Kepler-1542 e,Kepler-1542,5.10115756,0.0553,0.0,,0.08386133,,1173.0,447.07,5731.0,0.866,1.19,,-0.24,,Transit,2016.0,89.95,DesertWorld
Kepler-266 b,Kepler-266,6.61834191,0.0702,0.0,,0.22392759,,990.0,226.65,5888.0,1.053,1.019,,0.1,,Transit,2014.0,89.38,MiniNeptune
Kepler-728 b,Kepler-728,5.743477265,0.0625,0.0,,0.2881618,,982.0,219.95,5897.0,0.983,0.891,,-0.16,,Transit,2016.0,89.95,MiniNeptune
Kepler-650 b,Kepler-650,3.032145588,0.0415,0.0,,0.31135748,,1641.0,1715.71,6042.0,1.033,1.574,,-0.22,,Transit,2016.0,89.95,MiniNeptune
Kepler-1972 c,Kepler-1972,11.3220104,0.1041,0.0,,0.0811849,,1215.0,515.77,6003.0,1.173,2.193,,-0.28,,Transit,2022.0,89.38,DesertWorld
Kepler-347 d,Kepler-347,85.517344,0.3802,0.0,,0.2712111,,482.0,12.75,5592.0,1.0,1.451,,0.16,,Transit,2023.0,88.0,MiniNeptune
Kepler-561 b,Kepler-561,58.3620495,0.2918,0.0,,0.62806781,,446.0,9.33,5592.0,0.973,0.953,,0.16,,Transit,2016.0,89.95,GasGiant
Proxima Cen b,Proxima Cen,11.18465,0.04848,0.0,0.0033194,,,218.0,0.641,2900.0,0.1221,0.141,-2.82102,,M5.5 V,Radial Velocity,2016.0,,EarthLike
Kepler-1721 b,Kepler-1721,4.592390839,0.052,0.0,,0.22928044,,927.0,174.53,5361.0,0.889,0.799,,-0.04,,Transit,2021.0,89.95,MiniNeptune
Kepler-1185 b,Kepler-1185,104.3518976,0.4425,0.0,,0.12846842,,371.0,4.46,5754.0,1.061,0.943,,0.21,,Transit,2016.0,89.95,EarthLike
Kepler-761 b,Kepler-761,10.12804789,0.0904,0.0,,0.19983976,,902.0,156.2,6124.0,0.959,1.007,,-0.34,,Transit,2016.0,89.95,DesertWorld
GJ 536 b,GJ 536,8.70874,0.0668,0.0,0.02004226,,,451.0,9.9,3641.0,0.528,0.529,-1.35291,-0.08,,Radial Velocity,2016.0,,EarthLike
Kepler-1600 b,Kepler-1600,386.370548,1.0144,0.0,,0.28102466,,211.0,0.47,5303.0,0.929,0.828,,0.18,,Transit,2016.0,89.95,MiniNeptune
Kepler-610 b,Kepler-610,6.996926554,0.0719,0.0,,0.2926225,,888.0,147.07,5713.0,1.01,0.893,,0.07,,Transit,2016.0,89.95,MiniNeptune
Kepler-727 b,Kepler-727,5.154484417,0.0546,0.0,,0.23641757,,964.0,204.1,5431.0,0.816,0.884,,-0.14,,Transit,2016.0,85.37,MiniNeptune
Kepler-1518 c,Kepler-1518,9.630953,0.0905,0.0,,0.29708321,,1094.0,338.33,6432.0,1.06,1.345,,-0.34,,Transit,2023.0,77.92,MiniNeptune
Kepler-560 b,Kepler-560,18.47764449,0.0916,0.0,,0.14006626,,270.0,1.26,3387.0,0.3,0.3,,-0.09,,Transit,2016.0,89.95,EarthLike
Kepler-1518 b,Kepler-1518,5.1117547,0.0593,0.0,,0.25069184,,1351.0,788.0,6432.0,1.06,1.345,,-0.34,,Transit,2016.0,76.53,MiniNeptune
KOI-142 b,KOI-142,10.916108342,0.098,0.0,,0.35061172,,758.0,78.19,5575.0,1.051,0.932,,0.36,,Transit,2013.0,87.09,MiniNeptune
Kepler-1723 b,Kepler-1723,39.7530284,0.2249,0.0,,0.2497997,,568.0,24.54,6072.0,0.96,1.01,,-0.3,,Transit,2021.0,88.24,MiniNeptune
Kepler-220 c,Kepler-220,9.034195469,0.0765,0.0,,0.14541911,,622.0,35.28,4709.0,0.731,0.685,,-0.08,,Transit,2014.0,89.38,EarthLike
Kepler-413 b,Kepler-413,66.262,0.3553,0.1181,0.211,0.388,3.2,,,4700.0,0.82,0.7761,,-0.2,,Transit,2014.0,89.929,GasGiant
Kepler-654 b,Kepler-654,13.72462702,0.1116,0.0,,0.1900262,,831.0,112.82,5817.0,0.982,1.171,,0.0,,Transit,2016.0,85.87,DesertWorld
Kepler-221 c,Kepler-221,5.690584519,0.0559,0.0,,0.24533899,,854.0,125.55,5280.0,0.72,0.751,,-0.42,,Transit,2014.0,89.38,MiniNeptune
Kepler-616 b,Kepler-616,9.99761851,0.0927,0.0,,0.22125116,,860.0,129.18,6004.0,1.061,0.977,,-0.02,,Transit,2016.0,89.38,DesertWorld
Kepler-219 b,Kepler-219,4.585466941,0.0571,0.0,,0.29351465,,1307.0,688.54,5788.0,1.179,1.495,,0.26,,Transit,2014.0,82.38,MiniNeptune
Kepler-742 b,Kepler-742,8.360868238,0.0744,0.0,,0.33276888,,690.0,53.68,4743.0,0.786,0.81,,0.4,,Transit,2016.0,88.81,MiniNeptune
Kepler-653 b,Kepler-653,14.70748976,0.1205,0.0,,0.15612481,,753.0,76.11,5665.0,1.076,1.095,,0.48,,Transit,2016.0,89.95,EarthLike
Kepler-148 d,Kepler-148,51.84688575,0.2623,0.0,,0.79846689,,416.0,7.05,5271.0,0.893,0.838,,0.14,,Transit,2016.0,89.38,GasGiant
Kepler-178 b,Kepler-178,9.57666498,0.0841,0.0,,0.25247612,,881.0,142.5,5675.0,0.861,1.042,,-0.18,,Transit,2014.0,89.95,MiniNeptune
Kepler-655 b,Kepler-655,46.40626,0.2559,0.0,,0.23730971,,588.0,28.23,6086.0,1.037,1.227,,-0.1,,Transit,2016.0,89.98,MiniNeptune
Kepler-656 b,Kepler-656,1.260259094,0.0232,0.0,,0.32920032,,1570.0,1437.7,5546.0,1.042,0.956,,0.44,,Transit,2016.0,77.35,MiniNeptune
HD 120084 b,HD 120084,2142.0,4.21,0.483,6.4,,,,,4879.0,2.16,10.37,1.73783,0.1,G7 III,Radial Velocity,2013.0,38.0,GasGiant
Kepler-223 d,Kepler-223,14.78767172,0.1201,0.0,,0.30868106,,827.0,110.42,5814.0,1.055,1.248,,0.16,,Transit,2014.0,89.94,MiniNeptune
Kepler-224 c,Kepler-224,5.924991308,0.0586,0.0,,0.29708321,,791.0,92.75,5195.0,0.768,0.699,,-0.36,,Transit,2014.0,85.37,MiniNeptune
Kepler-587 b,Kepler-587,10.94027841,0.0955,0.0,,0.19270262,,767.0,81.96,5757.0,0.968,0.872,,-0.08,,Transit,2016.0,89.38,SuperEarth
Kepler-549 d,Kepler-549,24.61482073,0.1562,0.0,,0.32563175,,565.0,24.01,5467.0,0.839,0.856,,-0.14,,Transit,2023.0,89.95,MiniNeptune
Kepler-116 b,Kepler-116,5.968717469,0.0684,0.0,,0.24801541,,1184.0,465.23,6484.0,1.195,1.173,,-0.08,,Transit,2014.0,87.09,MiniNeptune
Kepler-48 b,Kepler-48,4.77800306,0.0528,0.0,,0.16504623,,932.0,177.79,5192.0,0.856,0.873,,0.18,,Transit,2012.0,89.91,DesertWorld
Kepler-163 c,Kepler-163,21.3473612,0.1506,0.0,,0.19894762,,623.0,35.56,5772.0,0.999,0.901,,0.0,,Transit,2014.0,89.95,SuperEarth
Kepler-222 b,Kepler-222,3.936993706,0.048,0.0,,0.28459323,,1004.0,240.16,5431.0,0.945,0.843,,0.12,,Transit,2014.0,88.24,MiniNeptune
Kepler-1720 b,Kepler-1720,12.70637048,0.1043,0.0,,0.28280894,,703.0,57.71,5582.0,0.937,0.85,,-0.02,,Transit,2021.0,87.09,MiniNeptune
Kepler-565 b,Kepler-565,4.243747226,0.0501,0.0,,0.28726965,,1061.0,299.93,5876.0,0.926,0.84,,-0.3,,Transit,2016.0,89.95,MiniNeptune
Kepler-506 b,Kepler-506,6.8834055,0.0749,0.0,,0.23820186,,1086.0,329.27,6184.0,1.18,1.188,,0.12,,Transit,2016.0,89.95,MiniNeptune
Kepler-615 b,Kepler-615,10.35584657,0.0756,0.0,,0.12133128,,534.0,19.18,4523.0,0.537,0.541,,-0.98,,Transit,2016.0,89.38,EarthLike
Kepler-614 b,Kepler-614,14.03491514,0.1027,0.0,,0.20965332,,641.0,39.97,5258.0,0.731,0.785,,-0.32,,Transit,2016.0,89.38,SuperEarth
Kepler-1666 b,Kepler-1666,25.8474958,0.1761,0.0,,0.21411403,,672.0,48.23,6297.0,1.084,1.031,,-0.2,,Transit,2020.0,89.91,SuperEarth
Kepler-738 b,Kepler-738,24.58716355,0.1552,0.0,,0.2114376,,530.0,18.72,5474.0,0.831,0.749,,-0.34,,Transit,2016.0,89.02,SuperEarth
Kepler-756 b,Kepler-756,1.224866322,0.0217,0.0,,0.10616487,,1518.0,1253.88,5573.0,0.902,0.827,,-0.12,,Transit,2016.0,88.81,DesertWorld
Kepler-737 b,Kepler-737,28.59914031,0.1422,0.0,,0.16326195,,298.0,1.87,3755.0,0.47,0.461,,-0.26,,Transit,2016.0,89.99,SuperEarth
Kepler-652 b,Kepler-652,4.182002531,0.0484,0.0,,0.22928044,,1022.0,257.53,5392.0,0.861,0.893,,0.02,,Transit,2016.0,89.95,MiniNeptune
K2-5 b,K2-5,5.73594,0.0532,,,0.17039879,,565.0,24.1,3930.0,0.61,0.57,,-0.33,K7.5 V,Transit,2015.0,87.35,SuperEarth
Kepler-562 b,Kepler-562,18.009314436,0.1333,0.0,,0.45677659,,658.0,44.29,5815.0,0.973,0.877,,-0.12,,Transit,2016.0,88.81,MiniNeptune
K2-16 b,K2-16,7.6188,0.0667,,,0.18021233,,658.0,44.5,4742.0,0.68,0.66,,-0.33,K3 V,Transit,2015.0,87.97,SuperEarth
K2-16 c,K2-16,19.07863,0.1229,,,0.22660362,,485.0,13.1,4742.0,0.68,0.66,,-0.33,K3 V,Transit,2015.0,87.83,MiniNeptune
Kepler-651 b,Kepler-651,21.38521506,0.1449,0.0,,0.20430047,,602.0,31.13,5655.0,0.888,0.845,,-0.2,,Transit,2016.0,88.81,SuperEarth
K2-18 b,K2-18,32.939614,0.1429,0.0,,0.20331876,,,1.05,3457.0,0.359,0.411,,0.123,M2.5 V,Transit,2015.0,89.5785,SuperEarth
Kepler-563 b,Kepler-563,22.18432708,0.1418,0.0,,0.29708321,,546.0,21.06,5157.0,0.771,0.818,,-0.08,,Transit,2016.0,89.95,MiniNeptune
Kepler-218 c,Kepler-218,44.699504,0.2451,0.0,,0.26496611,,502.0,15.05,5497.0,0.983,1.052,,0.36,,Transit,2014.0,89.95,MiniNeptune
K2-5 c,K2-5,10.93241,0.0818,,,0.2016237,,456.0,10.2,3930.0,0.61,0.57,,-0.33,K7.5 V,Transit,2015.0,86.95,SuperEarth
K2-7 b,K2-7,28.6781,0.1867,0.24,,0.36,,786.0,,5700.0,1.056,1.533,0.35025,0.049,,Transit,2015.0,89.08,MiniNeptune
K2-8 b,K2-8,10.35239,0.0856,,,0.31938621,,631.0,37.7,4870.0,0.78,0.74,,-0.02,K3 V,Transit,2015.0,86.42,MiniNeptune
K2-19 b,K2-19,7.9194,0.074,,,0.69051655,,854.0,125.9,5430.0,0.93,0.86,,0.1,G9 V,Transit,2015.0,89.47,GasGiant
Kepler-217 b,Kepler-217,5.37493491,0.0676,0.0,,0.16147766,,1377.0,849.39,6765.0,1.426,1.439,,0.21,,Transit,2014.0,89.95,DesertWorld
K2-19 c,K2-19,11.90715,0.0971,,,0.43358016,,745.0,73.1,5430.0,0.93,0.86,,0.1,G9 V,Transit,2015.0,87.99,MiniNeptune
HD 7924 d,HD 7924,24.451,0.1551,0.21,0.0202624,,,499.0,15.17,5075.0,0.832,0.7821,,-0.15,K0.5 V,Radial Velocity,2015.0,,EarthLike
Kepler-564 b,Kepler-564,3.750832285,0.0484,0.0,,0.4228752,,1129.0,383.77,5776.0,1.068,0.95,,0.21,,Transit,2016.0,89.38,MiniNeptune
Kepler-740 b,Kepler-740,3.584101216,0.0462,0.0,,0.43447305,,1131.0,386.66,5739.0,1.021,0.922,,0.1,,Transit,2016.0,89.38,MiniNeptune
Kepler-1646 b,Kepler-1646,4.48559215,0.0295,0.0,,0.08475347,,365.0,4.2,3236.0,0.169,0.193,,0.0,,Transit,2016.0,89.36,EarthLike
Kepler-289 d,Kepler-289,66.0634,0.33,,0.013,0.239,1.2,,,5990.0,1.08,1.0,0.061,0.05,,Transit,2014.0,89.73,MiniNeptune
GJ 3293 b,GJ 3293,30.5987,0.14339,0.06,0.07406475,,,,1.07,3466.0,0.42,0.404,-1.65758,0.02,M2.5,Radial Velocity,2015.0,,MiniNeptune
GJ 3293 c,GJ 3293,122.6196,0.36175,0.11,0.06635623,,,,0.17,3466.0,0.42,0.404,-1.65758,0.02,M2.5,Radial Velocity,2015.0,,MiniNeptune
Kepler-755 b,Kepler-755,1.269090374,0.0207,0.0,,0.15880124,,1372.0,836.67,5095.0,0.733,0.771,,-0.2,,Transit,2016.0,72.19,DesertWorld
Kepler-32 b,Kepler-32,5.901282819,0.0514,0.0,,0.18645763,,513.0,16.34,3727.0,0.52,0.5,,0.04,,Transit,2011.0,89.95,SuperEarth
Kepler-259 b,Kepler-259,8.11529219,0.0785,0.0,,0.239094,,879.0,140.92,5926.0,0.978,0.887,,-0.2,,Transit,2014.0,88.24,MiniNeptune
GJ 15 A b,GJ 15 A,11.4433,0.0717,0.0,0.0168329,,,550.0,,3567.0,0.375,0.3863,-1.663,-0.32,M2 V,Radial Velocity,2014.0,,EarthLike
Kepler-741 b,Kepler-741,7.03902374,0.074,0.0,,0.22125116,,1041.0,277.52,6319.0,1.084,1.032,,-0.22,,Transit,2016.0,89.95,DesertWorld
HD 14067 b,HD 14067,2744.0,5.15,0.65,15.3,,,,,4815.0,2.4,12.4,1.898,-0.1,G9 III,Radial Velocity,2014.0,39.0,GasGiant
Kepler-445 d,Kepler-445,8.15275885,0.0439,0.0,,0.21768259,,305.0,2.03,3327.0,0.169,0.189,,-0.38,,Transit,2015.0,89.38,SuperEarth
Kepler-193 b,Kepler-193,11.38839971,0.1058,0.0,,0.21768259,,917.0,167.32,6343.0,1.213,1.137,,0.07,,Transit,2014.0,89.95,DesertWorld
Kepler-265 c,Kepler-265,17.02902105,0.1315,0.0,,0.21500617,,760.0,78.73,6299.0,1.045,0.983,,-0.32,,Transit,2014.0,89.95,SuperEarth
HD 7924 c,HD 7924,15.299,0.1134,0.098,0.0247302,,,583.6,28.35,5075.0,0.832,0.7821,,-0.15,K0.5 V,Radial Velocity,2015.0,,EarthLike
Kepler-739 b,Kepler-739,12.53248465,0.1054,0.0,,0.30065178,,775.0,85.15,5997.0,0.991,0.904,,-0.22,,Transit,2016.0,88.24,MiniNeptune
Kepler-1734 b,Kepler-1734,6.79684436,0.0714,0.0,,0.18913406,,985.0,222.91,6061.0,1.05,0.97,,-0.1,,Transit,2021.0,87.09,DesertWorld
Kepler-258 b,Kepler-258,13.19721496,0.1027,0.0,,0.36756241,,641.0,40.03,4954.0,0.827,0.885,,0.44,,Transit,2014.0,89.95,MiniNeptune
Kepler-657 b,Kepler-657,24.5434566,0.1654,0.0,,0.27477967,,616.0,34.07,5955.0,0.999,0.91,,-0.16,,Transit,2016.0,89.91,MiniNeptune
Kepler-851 b,Kepler-851,8.50699658,0.0802,0.0,,0.17129122,,900.0,155.42,5822.0,0.951,0.986,,-0.1,,Transit,2016.0,86.52,DesertWorld
Kepler-212 c,Kepler-212,31.80475991,0.2061,0.0,,0.26675039,,664.0,45.9,5867.0,1.153,1.356,,0.24,,Transit,2014.0,86.65,MiniNeptune
Teegarden's Star b,Teegarden's Star,4.90634,0.0259,0.03,0.00364977,,,277.0,1.08,3034.0,0.097,0.12,-3.14146,-0.11,,Radial Velocity,2019.0,,EarthLike
Teegarden's Star c,Teegarden's Star,11.409,0.0443,0.0,0.00349243,,,,0.37,2904.0,0.089,0.107,-3.13668,-0.19,M7.0 V,Radial Velocity,2019.0,,
Kepler-211 c,Kepler-211,6.04045294,0.0634,0.0,,0.22571187,,1147.0,409.76,5244.0,0.929,1.56,,0.12,,Transit,2014.0,89.38,MiniNeptune
Kepler-850 b,Kepler-850,7.19303878,0.0744,0.0,,0.14720339,,996.0,232.36,6185.0,1.06,0.991,,-0.18,,Transit,2016.0,89.95,DesertWorld
Kepler-1633 b,Kepler-1633,186.404271,0.6407,0.0,,0.09456703,,336.0,3.01,6351.0,1.008,0.921,,-0.5,,Transit,2016.0,89.95,EarthLike
Kepler-407 b,Kepler-407,0.669309686,0.0152,0.0,,0.10794916,,2079.0,4418.23,5626.0,1.051,1.067,,0.44,,Transit,2014.0,87.09,LavaWorld
Kepler-714 b,Kepler-714,8.09888906,0.0832,0.0,,0.79846689,,986.0,223.19,6214.0,1.169,1.076,,0.07,,Transit,2016.0,89.93,GasGiant
DS Tuc A b,DS Tuc A,8.138268,,0.0,,0.50851994,,850.0,,5428.0,1.01,0.964,-0.13966,0.0,G6 V,Transit,2019.0,89.5,MiniNeptune
Kepler-1631 b,Kepler-1631,4.09513932,0.0511,0.0,,0.12400771,,1122.0,374.3,5858.0,1.056,0.963,,0.1,,Transit,2016.0,88.81,DesertWorld
Kepler-54 b,Kepler-54,8.01081478,0.0618,0.0,,0.20786903,,453.0,9.98,3726.0,0.49,0.47,,-0.12,,Transit,2012.0,83.65,SuperEarth
Kepler-210 c,Kepler-210,7.972513469,0.064,0.0,,0.2881618,,497.0,14.4,3914.0,0.55,0.53,,-0.12,,Transit,2014.0,87.66,MiniNeptune
GJ 357 c,GJ 357,9.1247,0.061,,0.01069754,,,401.2,4.45,3505.0,0.342,0.337,-1.79833,-0.12,M2.5 V,Radial Velocity,2019.0,,EarthLike
GJ 357 d,GJ 357,55.661,0.204,,0.01919265,,,219.6,0.38,3505.0,0.342,0.337,-1.79833,-0.12,M2.5 V,Radial Velocity,2019.0,,EarthLike
Kepler-848 b,Kepler-848,6.91134416,0.0703,0.0,,0.12846842,,978.0,216.09,5907.0,0.967,0.99,,-0.14,,Transit,2016.0,85.94,DesertWorld
Kepler-1632 b,Kepler-1632,224.150923,0.6762,0.0,,0.21500617,,369.0,4.4,6072.0,0.818,1.286,,-0.76,,Transit,2016.0,89.99,SuperEarth
Kepler-713 b,Kepler-713,7.411141,0.0748,0.0,,0.20786903,,904.0,158.11,5849.0,1.014,0.919,,-0.02,,Transit,2016.0,89.95,DesertWorld
Kepler-472 b,Kepler-472,4.176255514,0.0479,0.0,,0.28726965,,878.0,140.17,4911.0,0.836,0.786,,0.26,,Transit,2016.0,83.08,MiniNeptune
EPIC 212737443 c,EPIC 212737443,65.55,0.28,0.2,,0.23998573,,316.0,,4684.0,0.69,0.673,,-0.137,K3,Transit,2019.0,89.63,MiniNeptune
Kepler-476 b,Kepler-476,14.00640607,0.1151,0.0,,0.2497997,,767.0,81.73,5883.0,1.036,1.005,,0.06,,Transit,2016.0,88.81,MiniNeptune
Kepler-605 b,Kepler-605,3.383538066,0.0429,0.0,,0.11865486,,1049.0,285.94,5438.0,0.92,0.82,,0.02,,Transit,2016.0,89.95,DesertWorld
Kepler-270 b,Kepler-270,11.4761013,0.1045,0.0,,0.16326195,,1001.0,237.05,6432.0,1.155,1.3,,-0.14,,Transit,2014.0,88.81,DesertWorld
Kepler-248 c,Kepler-248,16.23946714,0.1229,0.0,,0.37648383,,591.0,28.75,5130.0,0.936,0.837,,0.48,,Transit,2014.0,89.95,MiniNeptune
Gl 686 b,Gl 686,15.53209,0.091,0.0,0.02233899,,,379.0,,3663.0,0.42,0.42,-1.55284,-0.3,M1,Radial Velocity,2018.0,,EarthLike
Kepler-1636 b,Kepler-1636,425.47785,1.1546,0.0,,0.28726965,,248.0,0.89,5977.0,1.133,1.022,,0.21,,Transit,2016.0,89.95,MiniNeptune
Kepler-121 b,Kepler-121,3.177414418,0.0389,0.0,,0.22035902,,1008.0,244.18,5316.0,0.774,0.719,,-0.38,,Transit,2014.0,89.95,DesertWorld
Kepler-644 b,Kepler-644,3.173917103,0.0469,0.0,,0.26318183,,1686.0,1912.28,6440.0,1.365,1.653,,0.16,,Transit,2016.0,89.38,MiniNeptune
Kepler-780 b,Kepler-780,0.677375164,0.0149,0.0,,0.08653775,,2173.0,5267.01,5735.0,0.955,1.099,,0.02,,Transit,2016.0,88.24,LavaWorld
Kepler-499 b,Kepler-499,5.632528453,0.0598,0.0,,0.18734977,,841.0,118.31,5210.0,0.895,0.801,,0.14,,Transit,2016.0,88.24,DesertWorld
Kepler-249 c,Kepler-249,7.11373257,0.0551,0.0,,0.10348845,,429.0,8.01,3561.0,0.44,0.411,,0.0,,Transit,2014.0,89.21,EarthLike
Kepler-83 b,Kepler-83,9.77045194,0.0729,0.0,,0.2114376,,459.0,10.46,3893.0,0.54,0.52,,-0.15,,Transit,2012.0,89.95,SuperEarth
Kepler-718 b,Kepler-718,2.052349905,0.0331,0.0,,1.1936857,,1495.0,1181.14,6015.0,1.143,1.051,,0.21,,Transit,2016.0,87.09,HotJupiter
Gl 378 b,Gl 378,3.822,0.039435,0.109,0.0409653,,,830.0,,3879.0,0.56,0.56,-1.22185,0.06,M1,Radial Velocity,2019.0,,MiniNeptune
Kepler-715 b,Kepler-715,10.00652995,0.0933,0.0,,0.31849462,,876.0,139.21,6063.0,1.079,1.001,,-0.02,,Transit,2016.0,84.8,MiniNeptune
Kepler-1635 b,Kepler-1635,469.63111,1.1123,0.0,,0.2926225,,202.0,0.39,5484.0,0.831,0.775,,-0.28,,Transit,2016.0,89.38,MiniNeptune
K2-133 e,K2-133,26.5841,0.1346,,,0.15434026,,296.0,1.8,3655.0,0.461,0.455,-1.47886,,M1.5 V,Transit,2019.0,89.164,EarthLike
Kepler-120 b,Kepler-120,6.312503728,0.0561,0.0,,0.18378121,,576.0,26.01,4096.0,0.59,0.57,,-0.17,,Transit,2014.0,89.38,SuperEarth
Kepler-1634 b,Kepler-1634,374.878133,1.0525,0.0,,0.38094454,,282.0,1.49,5636.0,1.103,1.354,,0.42,,Transit,2016.0,89.84,MiniNeptune
Kepler-418 c,Kepler-418,12.218278,0.1054,0.0,,0.42376735,,857.0,127.59,6177.0,1.039,1.043,,-0.14,,Transit,2021.0,88.81,MiniNeptune
HD 221420 b,HD 221420,10090.0,10.15,0.14,22.9,,,,,5847.0,1.351,1.947,0.60293,0.33,G2 IV-V,Radial Velocity,2019.0,164.0,GasGiant
Kepler-717 b,Kepler-717,4.40840023,0.052,0.0,,0.24355471,,1139.0,398.0,6007.0,0.968,0.961,,-0.24,,Transit,2016.0,77.35,MiniNeptune
Kepler-716 b,Kepler-716,10.37168453,0.0874,0.0,,0.24890756,,669.0,47.36,5174.0,0.834,0.751,,-0.12,,Transit,2016.0,88.81,MiniNeptune
Kepler-271 b,Kepler-271,10.43547031,0.0881,0.0,,0.1088413,,759.0,78.35,5528.0,0.838,0.853,,-0.2,,Transit,2014.0,89.57,EarthLike
Kepler-184 b,Kepler-184,10.68758211,0.0909,0.0,,0.23552543,,780.0,87.41,5788.0,0.877,0.848,,-0.34,,Transit,2014.0,86.89,MiniNeptune
Kepler-298 b,Kepler-298,10.47548084,0.0811,0.0,,0.18824192,,540.0,20.15,4463.0,0.662,0.611,,-0.24,,Transit,2014.0,88.61,SuperEarth
Kepler-1627 b,Kepler-1627,7.20281185,0.0643,0.0,,0.27299538,,794.0,93.79,5388.0,0.681,0.717,,-0.7,,Transit,2016.0,89.92,MiniNeptune
Kepler-604 b,Kepler-604,25.85501786,0.1735,0.0,,0.21589831,,637.0,38.81,6122.0,1.041,0.964,,-0.18,,Transit,2016.0,89.95,SuperEarth
GJ 1061 b,GJ 1061,3.204,0.021,0.31,0.00431048,,,,3.8,2953.0,0.12,0.156,-2.76955,-0.08,M5.5 V,Radial Velocity,2020.0,,
Kepler-95 b,Kepler-95,11.523069953,0.1026,0.0,,0.27924038,,934.0,179.56,5699.0,1.084,1.415,,0.3,,Transit,2014.0,89.95,MiniNeptune
Kepler-1750 b,Kepler-1750,205.912735,0.6785,0.0,,0.41752235,,298.0,1.85,5644.0,0.981,0.969,,0.14,,Transit,2021.0,89.93,MiniNeptune
GJ 1061 c,GJ 1061,6.689,0.035,0.29,0.00547462,,,,1.4,2953.0,0.12,0.156,-2.76955,-0.08,M5.5 V,Radial Velocity,2020.0,,
Kepler-299 c,Kepler-299,6.88595222,0.0685,0.0,,0.239094,,946.0,189.35,5616.0,0.903,0.999,,-0.02,,Transit,2014.0,78.69,MiniNeptune
Kepler-1729 b,Kepler-1729,4.220967148,0.0419,0.0,,0.24623113,,600.0,30.63,3861.0,0.55,0.52,,-0.05,,Transit,2021.0,84.8,MiniNeptune
HD 213885 c,HD 213885,4.78503,0.056798,0.0,0.06276941,,,1265.4,,5978.0,1.068,1.1011,0.13862,-0.04,G,Radial Velocity,2019.0,,MiniNeptune
Kepler-246 b,Kepler-246,4.601816855,0.052,0.0,,0.2114376,,906.0,159.41,5202.0,0.885,0.811,,0.14,,Transit,2014.0,87.66,DesertWorld
Kepler-642 b,Kepler-642,4.41745855,0.0557,0.0,,0.17753621,,1311.0,698.85,6528.0,1.177,1.155,,-0.16,,Transit,2016.0,89.38,DesertWorld
GJ 1061 d,GJ 1061,13.031,0.054,0.53,0.00515999,,,,0.6,2953.0,0.12,0.156,-2.76955,-0.08,M5.5 V,Radial Velocity,2020.0,,
Kepler-845 b,Kepler-845,0.927859821,0.017,0.0,,0.18734977,,1470.0,1104.37,4911.0,0.754,0.783,,0.04,,Transit,2016.0,73.34,DesertWorld
Kepler-558 b,Kepler-558,29.00790538,0.176,0.0,,0.20876118,,497.0,14.39,5292.0,0.863,0.797,,-0.02,,Transit,2016.0,89.95,SuperEarth
Kepler-1626 b,Kepler-1626,4.13960513,0.0537,0.0,,0.11062558,,1352.0,789.48,6535.0,1.202,1.181,,-0.1,,Transit,2016.0,87.83,DesertWorld
Kepler-844 b,Kepler-844,2.613020856,0.0301,0.0,,0.13471341,,704.0,58.11,3878.0,0.53,0.51,,-0.2,,Transit,2016.0,81.93,EarthLike
Kepler-208 b,Kepler-208,4.22864988,0.0532,0.0,,0.14987982,,1371.0,834.72,6220.0,1.123,1.328,,0.02,,Transit,2014.0,89.38,DesertWorld
Kepler-495 b,Kepler-495,3.413036353,0.0427,0.0,,0.59059786,,1200.0,490.24,5392.0,0.888,1.087,,0.18,,Transit,2016.0,89.75,HotJupiter
Kepler-710 b,Kepler-710,4.347288783,0.0524,0.0,,0.21054546,,1174.0,449.79,5754.0,1.014,1.122,,0.16,,Transit,2016.0,89.91,DesertWorld
Kepler-209 b,Kepler-209,16.08786478,0.1194,0.0,,0.23195686,,719.0,63.13,5514.0,0.876,1.043,,0.02,,Transit,2014.0,89.95,MiniNeptune
Kepler-1628 b,Kepler-1628,76.378033,0.2956,0.0,,0.64591065,,241.0,0.79,3877.0,0.589,0.586,,0.21,,Transit,2016.0,89.95,GasGiant
Kepler-712 b,Kepler-712,21.02247699,0.1367,0.0,,0.27834824,,539.0,19.93,5330.0,0.77,0.718,,-0.4,,Transit,2016.0,89.95,MiniNeptune
Kepler-301 b,Kepler-301,2.508554095,0.0355,0.0,,0.11865486,,1278.0,629.8,5814.0,0.944,0.881,,-0.18,,Transit,2014.0,89.95,DesertWorld
Kepler-82 b,Kepler-82,26.44435456,0.1718,0.0,,0.41930664,,588.0,28.33,5739.0,0.966,0.928,,-0.02,,Transit,2012.0,88.24,MiniNeptune
Kepler-144 b,Kepler-144,5.88528169,0.0652,0.0,,0.0981356,,1106.0,353.44,6363.0,1.065,1.012,,-0.32,,Transit,2014.0,89.38,DesertWorld
Kepler-247 c,Kepler-247,9.439460801,0.084,0.0,,0.38718953,,690.0,53.44,5094.0,0.884,0.791,,0.21,,Transit,2014.0,89.38,MiniNeptune
Kepler-1751 b,Kepler-1751,7.01733571,0.0712,0.0,,0.14363483,,984.0,221.46,6052.0,0.974,0.967,,-0.26,,Transit,2021.0,87.34,DesertWorld
Kepler-161 b,Kepler-161,4.921354681,0.0528,0.0,,0.18467335,,838.0,116.67,5079.0,0.817,0.739,,-0.1,,Transit,2014.0,88.81,DesertWorld
Kepler-1630 b,Kepler-1630,509.997402,1.1218,0.0,,0.23374115,,182.0,0.26,5037.0,0.724,0.756,,-0.2,,Transit,2016.0,89.95,MiniNeptune
Kepler-300 c,Kepler-300,40.7150498,0.2293,0.0,,0.19627119,,516.0,16.76,5968.0,0.97,0.881,,-0.26,,Transit,2014.0,88.74,SuperEarth
Kepler-1718 b,Kepler-1718,135.1879934,0.4878,0.0,,0.20697689,,345.0,3.33,5731.0,0.846,0.906,,-0.32,,Transit,2021.0,89.99,SuperEarth
Kepler-846 b,Kepler-846,19.80792185,0.1406,0.0,,0.20519261,,628.0,36.77,5787.0,0.941,0.851,,-0.18,,Transit,2016.0,89.95,SuperEarth
Kepler-81 b,Kepler-81,5.95489993,0.0554,0.0,,0.20786903,,635.0,38.52,4261.0,0.64,0.633,,-0.06,,Transit,2012.0,89.0,SuperEarth
Kepler-643 b,Kepler-643,16.33889626,0.1321,0.0,,0.98046382,,972.0,210.99,4883.0,1.15,2.69,,0.16,,Transit,2016.0,89.38,GasGiant
Kepler-160 c,Kepler-160,13.69941722,0.1077,0.0,,0.27745609,,733.0,68.25,5857.0,0.887,0.867,,-0.36,,Transit,2014.0,89.38,MiniNeptune
Kepler-711 b,Kepler-711,23.58917143,0.1429,0.0,,0.2819168,,487.0,13.34,4919.0,0.697,0.721,,-0.24,,Transit,2016.0,86.86,MiniNeptune
Kepler-847 b,Kepler-847,2.343230566,0.0315,0.0,,0.10527273,,1054.0,292.31,4798.0,0.761,0.782,,0.16,,Transit,2016.0,89.7,DesertWorld
Kepler-1641 c,Kepler-1641,32.657212,0.2065,0.0,,0.33722959,,767.0,81.91,6486.0,1.098,1.485,,-0.34,,Transit,2016.0,89.38,MiniNeptune
Kepler-1641 b,Kepler-1641,19.672324,0.1473,0.0,,0.3631017,,908.0,160.98,6486.0,1.098,1.485,,-0.34,,Transit,2016.0,88.19,MiniNeptune
Kepler-269 b,Kepler-269,5.32670215,0.0601,0.0,,0.21857474,,1007.0,242.97,5831.0,1.016,0.921,,0.0,,Transit,2014.0,88.24,DesertWorld
Kepler-723 b,Kepler-723,4.082275068,0.0477,0.0,,0.96797383,,1019.0,254.43,5649.0,0.868,0.797,,-0.3,,Transit,2016.0,89.95,HotJupiter
HATS-50 b,HATS-50,3.8297015,0.05046,0.516,0.39,1.13,0.33,,,5990.0,1.168,1.117,0.14301,,,Transit,2017.0,87.54,GasGiant
Kepler-1640 b,Kepler-1640,7.5844126,0.0834,0.0,,0.48978584,,1222.0,527.0,6266.0,1.345,1.63,,0.26,,Transit,2016.0,87.09,MiniNeptune
Kepler-252 c,Kepler-252,10.84844792,0.0813,0.0,,0.21232974,,500.0,14.78,4208.0,0.61,0.59,,-0.19,,Transit,2014.0,89.95,SuperEarth
K2-138 b,K2-138,2.35309,0.03385,0.048,0.00975364,0.13471318,4.9,,,5356.3,0.935,0.863,,0.14,,Transit,2017.0,87.2,EarthLike
Kepler-607 c,Kepler-607,39.6769617,0.2122,0.0,,0.26585825,,473.0,11.85,5244.0,0.808,0.888,,0.02,,Transit,2021.0,87.66,MiniNeptune
Kepler-213 b,Kepler-213,2.462342175,0.0356,0.0,,0.10794916,,1290.0,654.26,5822.0,0.994,0.898,,-0.06,,Transit,2014.0,89.95,DesertWorld
HD 176986 b,HD 176986,6.4898,0.06296,0.066,0.01805997,,,,83.5,4931.0,0.789,0.782,-0.48017,0.03,K2.5 V,Radial Velocity,2017.0,,
HD 176986 c,HD 176986,16.8191,0.11878,0.111,0.02888337,,,,23.5,4931.0,0.789,0.782,-0.48017,0.03,K2.5 V,Radial Velocity,2017.0,,
GJ 3942 b,GJ 3942,6.905,0.0608,0.121,0.02246484,,,590.0,,3867.0,0.63,0.61,-1.12,-0.04,M0,Radial Velocity,2017.0,,EarthLike
Kepler-500 b,Kepler-500,8.508324398,0.0846,0.0,,0.22928044,,906.0,159.1,5934.0,1.116,1.013,,0.21,,Transit,2016.0,89.95,MiniNeptune
K2-138 c,K2-138,3.56015,0.0442,,,0.2016237,,1012.0,248.95,5283.0,0.916,0.839,,0.134,G8 V,Transit,2017.0,88.59,DesertWorld
LHS 3844 b,LHS 3844,0.46292913,0.00622,,,0.11624587,,805.0,70.1,3036.0,0.151,0.189,-2.56543,,M5,Transit,2019.0,88.5,DesertWorld
Kepler-145 c,Kepler-145,42.88232415,0.2627,0.0,,0.3416903,,719.0,63.25,6144.0,1.319,1.85,,0.13,,Transit,2013.0,88.24,MiniNeptune
K2-147 b,K2-147,0.961939,0.01575,0.38,,0.1314,,1077.0,,3690.0,0.563,0.578,-1.25181,-0.02,,Transit,2018.0,83.6,DesertWorld
Kepler-776 b,Kepler-776,4.89718784,0.0523,0.0,,0.12311557,,904.0,157.93,5093.0,0.794,0.847,,0.08,,Transit,2016.0,89.95,DesertWorld
Kepler-722 b,Kepler-722,4.093573252,0.0514,0.0,,0.21946688,,1182.0,461.07,6077.0,1.077,0.999,,-0.04,,Transit,2016.0,89.38,DesertWorld
Kepler-647 c,Kepler-647,29.66629667,0.1831,0.0,,0.24087828,,630.0,37.22,5955.0,0.93,1.053,,-0.26,,Transit,2020.0,89.95,MiniNeptune
K2-138 f,K2-138,12.75758,0.10447,0.062,0.00512853,0.25907753,0.4,,,5356.3,0.935,0.863,,0.14,,Transit,2017.0,88.8,MiniNeptune
K2-138 d,K2-138,5.40478,0.05883,0.348,,0.23730931,,,160.0,5378.0,0.93,0.86,,0.16,K1 V,Transit,2017.0,87.9,MiniNeptune
Kepler-775 b,Kepler-775,0.974868926,0.0187,0.0,,0.10616487,,1614.0,1605.87,5487.0,0.924,0.832,,0.0,,Transit,2016.0,87.09,DesertWorld
K2-138 e,K2-138,8.26144,0.07807,0.315,,0.29351414,,,91.1,5378.0,0.93,0.86,,0.16,K1 V,Transit,2017.0,88.7,MiniNeptune
Kepler-1645 b,Kepler-1645,16.17803,0.1285,0.0,,0.2007319,,754.0,76.54,5929.0,1.079,1.069,,0.14,,Transit,2016.0,89.81,SuperEarth
Kepler-1644 b,Kepler-1644,21.0907909,0.142,0.0,,0.16772265,,606.0,31.86,5723.0,0.857,0.818,,-0.36,,Transit,2016.0,87.63,SuperEarth
Kepler-540 b,Kepler-540,172.7049784,0.5866,0.0,,0.27924038,,376.0,4.72,5839.0,0.901,1.25,,-0.26,,Transit,2016.0,89.95,MiniNeptune
Kepler-475 b,Kepler-475,3.105507835,0.0399,0.0,,0.239094,,980.0,217.91,4989.0,0.878,0.791,,0.3,,Transit,2016.0,84.85,MiniNeptune
WASP-167 b,WASP-167,2.0219596,0.0365,,8.0,1.58,,2329.0,,7000.0,1.59,1.79,,0.1,F1 V,Transit,2017.0,79.9,HotJupiter
Kepler-725 b,Kepler-725,39.64317811,0.2205,0.0,,0.93853315,,476.0,12.14,5552.0,0.909,0.833,,-0.08,,Transit,2016.0,89.95,GasGiant
Kepler-1052 c,Kepler-1052,180.92477,0.613,0.0,,0.19983976,,303.0,1.98,5835.0,0.935,0.847,,-0.24,,Transit,2023.0,89.95,SuperEarth
Kepler-1642 b,Kepler-1642,12.2064304,0.1016,0.0,,0.4826487,,895.0,151.44,5254.0,0.937,1.514,,0.21,,Transit,2016.0,89.85,MiniNeptune
GJ 273 c,GJ 273,4.7234,0.036467,0.17,0.00371268,,,,6.66,3382.0,0.29,0.293,-2.05552,0.09,M3.5,Radial Velocity,2017.0,,
GJ 3293 d,GJ 3293,48.1345,0.19394,0.12,0.02391215,,,,0.59,3466.0,0.42,0.404,-1.65758,0.02,M2.5,Radial Velocity,2017.0,,
GJ 3293 e,GJ 3293,13.2543,0.08208,0.21,0.01031998,,,,3.34,3466.0,0.42,0.404,-1.65758,0.02,M2.5,Radial Velocity,2017.0,,
Kepler-253 c,Kepler-253,10.28194593,0.088,0.0,,0.22571187,,680.0,50.6,5196.0,0.869,0.775,,0.04,,Transit,2014.0,89.59,MiniNeptune
Kepler-726 b,Kepler-726,21.80451088,0.1411,0.0,,0.24266256,,549.0,21.5,5511.0,0.786,0.72,,-0.5,,Transit,2016.0,88.81,MiniNeptune
Kepler-724 b,Kepler-724,3.314946338,0.0433,0.0,,0.32384747,,1155.0,421.03,5609.0,0.983,0.944,,0.16,,Transit,2016.0,89.95,MiniNeptune
Kepler-608 b,Kepler-608,6.412512953,0.0685,0.0,,0.34704315,,1069.0,308.76,6026.0,1.038,1.108,,-0.02,,Transit,2016.0,86.11,MiniNeptune
Kepler-1642 c,Kepler-1642,6.6513802,0.0678,0.0,,0.43447305,,1095.0,340.06,5254.0,0.937,1.514,,0.21,,Transit,2016.0,89.38,MiniNeptune
Kepler-190 b,Kepler-190,2.019997006,0.0293,0.0,,0.1302527,,1166.0,437.85,5103.0,0.823,0.787,,0.04,,Transit,2014.0,86.2,DesertWorld
Kepler-1643 b,Kepler-1643,5.34264143,0.0531,0.0,,0.15344839,,799.0,96.47,5101.0,0.699,0.67,,-0.5,,Transit,2016.0,89.93,EarthLike
Kepler-609 b,Kepler-609,6.521210666,0.0682,0.0,,0.23195686,,932.0,178.27,5822.0,0.994,0.898,,-0.06,,Transit,2016.0,88.24,MiniNeptune
Kepler-311 d,Kepler-311,232.058029,0.7319,0.0,,0.1793205,,316.0,2.36,5897.0,0.97,1.081,,-0.1,,Transit,2023.0,89.95,SuperEarth
Kepler-1981 b,Kepler-1981,453.543999,1.1712,0.0,,0.3309846,,270.0,1.26,6109.0,1.038,1.179,,-0.08,,Transit,2023.0,89.95,MiniNeptune
Kepler-719 b,Kepler-719,5.007317779,0.0557,0.0,,0.6512635,,1001.0,237.33,5861.0,0.917,0.835,,-0.32,,Transit,2016.0,88.81,HotJupiter
Kepler-176 c,Kepler-176,12.75934489,0.0988,0.0,,0.23017258,,633.0,37.95,4963.0,0.789,0.826,,0.16,,Transit,2014.0,88.25,MiniNeptune
Kepler-1639 b,Kepler-1639,9.878482,0.0934,0.0,,0.22303545,,1003.0,239.35,6495.0,1.11,1.145,,-0.26,,Transit,2016.0,89.95,DesertWorld
Kepler-175 b,Kepler-175,11.90350858,0.1047,0.0,,0.24266256,,827.0,110.54,6063.0,1.079,1.001,,-0.02,,Transit,2014.0,88.24,MiniNeptune
Kepler-778 b,Kepler-778,3.75574267,0.0453,0.0,,0.1409584,,977.0,215.46,5311.0,0.884,0.788,,-0.04,,Transit,2016.0,89.43,DesertWorld
Kepler-1638 b,Kepler-1638,259.33683,0.7307,0.0,,0.1516641,,281.0,1.47,5906.0,0.773,0.85,,-0.76,,Transit,2016.0,89.38,EarthLike
Kepler-55 d,Kepler-55,2.211122847,0.0287,0.0,,0.14631125,,952.0,193.76,4505.0,0.645,0.658,,-0.2,,Transit,2014.0,89.38,DesertWorld
Kepler-186 c,Kepler-186,7.26730117,0.0575,0.0,,0.10973344,,469.0,11.46,3761.0,0.48,0.46,,-0.21,,Transit,2014.0,89.38,EarthLike
Kepler-777 b,Kepler-777,5.72812599,0.0526,0.0,,0.13471341,,590.0,28.7,4065.0,0.59,0.57,,-0.13,,Transit,2016.0,89.95,EarthLike
Kepler-559 b,Kepler-559,17.58752333,0.1299,0.0,,0.37202312,,719.0,63.2,5602.0,0.944,1.1,,0.12,,Transit,2016.0,89.38,MiniNeptune
Kepler-174 b,Kepler-174,13.98177228,0.095,0.0,,0.16772265,,507.0,15.58,4590.0,0.583,0.595,,-0.64,,Transit,2014.0,89.95,SuperEarth
Kepler-185 c,Kepler-185,20.72913358,0.1381,0.0,,0.16772265,,550.0,21.6,5205.0,0.815,0.792,,-0.06,,Transit,2014.0,89.95,SuperEarth
Kepler-162 c,Kepler-162,19.44638698,0.1355,0.0,,0.2926225,,681.0,50.73,5815.0,0.875,0.954,,-0.3,,Transit,2014.0,88.24,MiniNeptune
HD 202696 b,HD 202696,517.8,1.566,0.011,1.996,,,,,5040.0,1.91,6.43,1.36922,0.02,K0 III-IV,Radial Velocity,2019.0,90.0,GasGiant
HD 202696 c,HD 202696,946.6,2.342,0.028,1.864,,,,,5040.0,1.91,6.43,1.36922,0.02,K0 III-IV,Radial Velocity,2019.0,90.0,GasGiant
Kepler-779 b,Kepler-779,7.09714223,0.0537,0.0,,0.07404777,,428.0,7.93,3555.0,0.41,0.4,,-0.07,,Transit,2016.0,88.81,EarthLike
Kepler-1730 b,Kepler-1730,13.81020094,0.1131,0.0,,0.42376735,,833.0,113.75,5942.0,1.009,1.142,,-0.04,,Transit,2021.0,88.24,MiniNeptune
K2-286 b,K2-286,27.359,0.1768,,,0.18734945,,347.0,,3926.0,0.64,0.62,-1.04576,0.0,M0 V,Transit,2018.0,89.67,SuperEarth
HATS-59 c,HATS-59,1422.0,2.504,0.083,12.7,,,175.9,0.159,5670.0,1.038,1.036,-0.00436,0.18,,Radial Velocity,2018.0,,GasGiant
Kepler-585 b,Kepler-585,2.752359753,0.0384,0.0,,0.32473961,,1400.0,907.58,5749.0,0.994,1.17,,0.1,,Transit,2016.0,83.65,MiniNeptune
K2-287 b,K2-287,14.893291,0.1206,0.478,0.315,0.847,,804.0,,5695.0,1.056,1.07,,0.2,,Transit,2018.0,88.13,GasGiant
Kepler-1637 b,Kepler-1637,6.10960324,0.0596,0.0,,0.07493991,,1093.0,337.78,6024.0,0.756,1.009,,-0.88,,Transit,2016.0,89.38,DesertWorld
K2-288 B b,K2-288 B,31.393463,0.164,,,0.16950665,,226.36,,3341.0,0.33,0.32,-1.93,-0.21,M3 V,Transit,2018.0,89.81,SuperEarth
NGTS-3 A b,NGTS-3 A,1.6753728,0.023,,2.38,1.48,0.31,,,5600.0,1.017,0.93,,0.12,G6 V,Transit,2018.0,89.56,GasGiant
Kepler-189 c,Kepler-189,20.13488968,0.1361,0.0,,0.25069184,,543.0,20.57,5228.0,0.836,0.755,,-0.14,,Transit,2014.0,88.81,MiniNeptune
K2-239 b,K2-239,5.24,0.0441,,,0.09813543,,502.0,,3420.0,0.4,0.36,-1.79588,-0.1,M3.0 V,Transit,2018.0,88.99,EarthLike
K2-239 c,K2-239,7.775,0.0576,,,0.08921402,,427.0,,3420.0,0.4,0.36,-1.79588,-0.1,M3.0 V,Transit,2018.0,88.77,EarthLike
K2-239 d,K2-239,10.115,0.0685,,,0.09813543,,399.0,,3420.0,0.4,0.36,-1.79588,-0.1,M3.0 V,Transit,2018.0,89.43,EarthLike
K2-240 b,K2-240,6.034,0.0513,,,0.17842805,,586.0,,3810.0,0.58,0.54,-1.27572,-0.1,M0.5 V,Transit,2018.0,89.26,SuperEarth
K2-240 c,K2-240,20.523,0.1159,,,0.16058524,,389.0,,3810.0,0.58,0.54,-1.27572,-0.1,M0.5 V,Transit,2018.0,89.66,EarthLike
Kepler-547 b,Kepler-547,6.010384289,0.058,0.0,,0.358641,,768.0,82.31,4882.0,0.718,0.738,,-0.12,,Transit,2016.0,88.24,MiniNeptune
Kepler-188 c,Kepler-188,5.996534997,0.0644,0.0,,0.27477967,,1094.0,338.58,6020.0,0.989,1.093,,-0.14,,Transit,2014.0,87.09,MiniNeptune
Kepler-645 b,Kepler-645,3.275822621,0.0442,0.0,,0.19448691,,1527.0,1284.07,6449.0,1.07,1.273,,-0.28,,Transit,2016.0,88.81,DesertWorld
Kepler-646 b,Kepler-646,15.87364565,0.1149,0.0,,0.14363483,,632.0,37.63,5654.0,0.801,0.737,,-0.56,,Transit,2016.0,88.81,EarthLike
Kepler-721 b,Kepler-721,5.392025388,0.0581,0.0,,0.24623113,,851.0,123.92,5192.0,0.896,0.802,,0.16,,Transit,2016.0,88.81,MiniNeptune
Kepler-606 b,Kepler-606,24.31574009,0.17,0.0,,0.2497997,,683.0,51.53,6242.0,1.104,1.047,,-0.1,,Transit,2016.0,88.94,MiniNeptune
K2-250 b,K2-250,4.01392,0.04606,0.21,,0.242,,1003.0,,5003.0,0.809,0.797,-0.44491,-0.02,,Transit,2018.0,88.26,MiniNeptune
Kepler-720 b,Kepler-720,4.708326542,0.0539,0.0,,0.99027738,,1162.0,431.02,5560.0,0.94,1.21,,0.14,,Transit,2016.0,89.95,HotJupiter
Kepler-250 c,Kepler-250,7.15681773,0.0689,0.0,,0.21500617,,773.0,84.6,5162.0,0.849,0.795,,0.06,,Transit,2014.0,89.38,SuperEarth
Kepler-187 c,Kepler-187,10.64022272,0.0913,0.0,,0.23017258,,910.0,161.98,5945.0,0.896,1.099,,-0.34,,Transit,2014.0,85.94,MiniNeptune
Kepler-1989 b,Kepler-1989,10.161032261,0.0918,0.0,,0.39432667,,904.0,157.97,6032.0,0.999,1.06,,-0.14,,Transit,2023.0,88.81,MiniNeptune
K2-264 c,K2-264,19.66365,,0.45,,0.24712285,,326.0,,3580.0,0.471,0.473,-1.48149,0.12,M2.5 V,Transit,2018.0,89.6,MiniNeptune
K2-264 b,K2-264,5.83977,,0.5,,0.20251584,,489.0,,3580.0,0.471,0.473,-1.48149,0.12,M2.5 V,Transit,2018.0,88.9,SuperEarth
Kepler-251 c,Kepler-251,16.51410989,0.1199,0.0,,0.24266256,,655.0,43.57,5527.0,0.841,0.866,,-0.18,,Transit,2014.0,89.22,MiniNeptune
Kepler-128 b,Kepler-128,15.08960174,0.1263,0.0,,0.12757627,,971.0,209.9,6072.0,1.184,1.659,,-0.09,,Transit,2013.0,89.95,DesertWorld
Kepler-122 c,Kepler-122,12.466004437,0.1051,0.0,,0.50406011,,897.0,152.76,6038.0,0.995,1.191,,-0.16,,Transit,2014.0,89.39,MiniNeptune
Kepler-774 b,Kepler-774,11.08956602,0.1114,0.0,,0.31314176,,1422.0,965.62,6353.0,1.497,2.867,,-0.1,,Transit,2016.0,89.92,MiniNeptune
Kepler-232 b,Kepler-232,4.431242593,0.0536,0.0,,0.27388753,,1074.0,314.29,5841.0,1.047,0.931,,0.07,,Transit,2014.0,89.38,MiniNeptune
Kepler-772 b,Kepler-772,12.99207337,0.1056,0.0,,0.17485979,,855.0,126.29,5721.0,0.928,1.212,,-0.06,,Transit,2016.0,89.95,DesertWorld
Kepler-100 c,Kepler-100,12.81588378,0.11,0.0,,0.20340833,,946.0,189.05,5825.0,1.08,1.49,,0.02,,Transit,2014.0,87.09,DesertWorld
Kepler-119 b,Kepler-119,2.422084448,0.0343,0.0,,0.32117104,,1214.0,513.44,5588.0,0.914,0.832,,-0.1,,Transit,2014.0,89.38,MiniNeptune
Kepler-681 b,Kepler-681,26.39435646,0.1642,0.0,,0.2819168,,491.0,13.78,5127.0,0.845,0.775,,0.04,,Transit,2016.0,89.95,MiniNeptune
Kepler-268 b,Kepler-268,25.9340674,0.176,0.0,,0.20965332,,707.0,59.04,6322.0,1.074,1.131,,-0.12,,Transit,2014.0,89.95,SuperEarth
Kepler-620 b,Kepler-620,12.91375431,0.1053,0.0,,0.24444685,,849.0,122.66,6253.0,0.93,0.997,,-0.54,,Transit,2016.0,82.51,MiniNeptune
Kepler-573 b,Kepler-573,22.18329658,0.145,0.0,,0.18378121,,583.0,27.32,5843.0,0.831,0.742,,-0.7,,Transit,2016.0,89.95,SuperEarth
Kepler-1736 b,Kepler-1736,37.8101174,0.2188,0.0,,0.21768259,,566.0,24.27,6085.0,0.976,0.973,,-0.28,,Transit,2021.0,89.95,SuperEarth
Kepler-679 b,Kepler-679,12.3935651,0.0983,0.0,,0.23730971,,677.0,49.68,5557.0,0.832,0.75,,-0.4,,Transit,2016.0,86.13,MiniNeptune
Kepler-197 c,Kepler-197,10.34971385,0.0905,0.0,,0.11240986,,932.0,178.12,6004.0,0.922,1.12,,-0.38,,Transit,2014.0,89.38,DesertWorld
Kepler-231 c,Kepler-231,19.2715468,0.1125,0.0,,0.15434053,,343.0,3.28,3767.0,0.51,0.48,,-0.1,,Transit,2014.0,89.95,EarthLike
Kepler-572 b,Kepler-572,17.20522898,0.1192,0.0,,0.19805548,,553.0,22.05,5211.0,0.766,0.689,,-0.4,,Transit,2016.0,89.98,SuperEarth
Kepler-155 b,Kepler-155,5.931196562,0.0528,0.0,,0.1793205,,562.0,23.5,3984.0,0.557,0.539,,-0.22,,Transit,2014.0,84.76,SuperEarth
Kepler-680 b,Kepler-680,3.689926291,0.0469,0.0,,0.17485979,,1147.0,408.99,5880.0,1.01,0.917,,-0.06,,Transit,2016.0,89.38,DesertWorld
Kepler-595 b,Kepler-595,25.30292332,0.1648,0.0,,0.33633745,,519.0,17.15,5271.0,0.93,0.821,,0.21,,Transit,2016.0,89.95,MiniNeptune
Kepler-770 b,Kepler-770,18.92540274,0.1302,0.0,,0.17218336,,585.0,27.65,5513.0,0.822,0.753,,-0.36,,Transit,2016.0,89.95,SuperEarth
Kepler-1733 b,Kepler-1733,9.22958009,0.0886,0.0,,0.20608475,,959.0,200.2,6363.0,1.083,1.035,,-0.26,,Transit,2021.0,89.95,DesertWorld
Kepler-754 b,Kepler-754,14.5596237,0.116,0.0,,0.15701695,,759.0,78.26,5959.0,0.983,0.966,,-0.16,,Transit,2016.0,88.24,EarthLike
Kepler-682 b,Kepler-682,12.611906672,0.1058,0.0,,0.6833806,,753.0,76.15,5795.0,0.992,0.919,,-0.02,,Transit,2016.0,88.24,GasGiant
Kepler-753 b,Kepler-753,5.747725012,0.0508,0.0,,0.13560555,,556.0,22.53,3937.0,0.53,0.52,,-0.27,,Transit,2016.0,88.24,EarthLike
Kepler-11 c,Kepler-11,13.02492819,0.1055,0.0,,0.26228968,,786.0,90.1,5657.0,0.921,1.046,,0.0,,Transit,2010.0,89.95,MiniNeptune
Kepler-752 b,Kepler-752,18.82747265,0.1353,0.0,,0.2605054,,632.0,37.82,5687.0,0.93,0.86,,-0.12,,Transit,2016.0,89.95,MiniNeptune
Kepler-574 b,Kepler-574,7.65880048,0.0723,0.0,,0.19537905,,858.0,128.18,5657.0,0.858,0.855,,-0.26,,Transit,2016.0,89.95,DesertWorld
Kepler-156 b,Kepler-156,4.973451411,0.053,0.0,,0.22392759,,853.0,124.98,5075.0,0.801,0.769,,-0.02,,Transit,2014.0,85.94,MiniNeptune
Kepler-263 b,Kepler-263,16.56805949,0.1195,0.0,,0.25069184,,594.0,29.37,5265.0,0.829,0.781,,-0.1,,Transit,2014.0,89.38,MiniNeptune
Kepler-261 b,Kepler-261,10.38122447,0.0871,0.0,,0.19448691,,672.0,48.37,5095.0,0.816,0.78,,0.02,,Transit,2014.0,89.36,SuperEarth
Kepler-766 b,Kepler-766,6.10027621,0.066,0.0,,0.23106472,,990.0,227.15,5957.0,1.026,0.937,,-0.08,,Transit,2016.0,89.92,MiniNeptune
Kepler-554 b,Kepler-554,1.902208556,0.0294,0.0,,0.34971958,,1271.0,616.28,5438.0,0.938,0.825,,0.07,,Transit,2016.0,89.38,MiniNeptune
Kepler-767 b,Kepler-767,161.5280101,0.5733,0.0,,0.5486672,,318.0,2.43,5870.0,0.959,0.867,,-0.2,,Transit,2016.0,89.95,GasGiant
Kepler-233 b,Kepler-233,8.47237844,0.0778,0.0,,0.24177042,,752.0,75.44,5354.0,0.884,0.788,,-0.08,,Transit,2014.0,89.95,MiniNeptune
Kepler-260 b,Kepler-260,8.1874109,0.0776,0.0,,0.18645763,,798.0,95.73,5523.0,0.933,0.832,,-0.02,,Transit,2014.0,87.66,SuperEarth
Kepler-773 b,Kepler-773,3.749105745,0.047,0.0,,0.14987982,,1160.0,428.25,5751.0,0.987,0.983,,0.06,,Transit,2016.0,80.24,DesertWorld
Kepler-771 b,Kepler-771,8.73485836,0.0843,0.0,,0.14898768,,890.0,148.62,5982.0,1.047,0.96,,-0.04,,Transit,2016.0,88.81,DesertWorld
Kepler-596 b,Kepler-596,21.30022655,0.1542,0.0,,0.2605054,,752.0,75.75,6343.0,1.069,1.115,,-0.16,,Transit,2016.0,89.95,MiniNeptune
HAT-P-13 c,HAT-P-13,428.5,1.188,0.691,15.2,,,340.0,,5653.0,1.22,1.56,0.346,0.41,G4,Radial Velocity,2009.0,,GasGiant
Kepler-52 c,Kepler-52,16.38489988,0.1084,0.0,,0.17842836,,433.0,8.35,4126.0,0.633,0.615,,0.04,,Transit,2012.0,90.0,SuperEarth
Kepler-123 b,Kepler-123,17.23231686,0.1312,0.0,,0.22392759,,774.0,85.06,6086.0,1.012,1.092,,-0.14,,Transit,2014.0,89.38,MiniNeptune
Kepler-673 b,Kepler-673,3.728731093,0.0456,0.0,,0.5593729,,1022.0,258.17,5492.0,0.911,0.812,,-0.08,,Transit,2016.0,87.09,HotJupiter
Kepler-674 b,Kepler-674,2.243381847,0.0261,0.0,,0.11776272,,685.0,52.11,3741.0,0.47,0.45,,-0.16,,Transit,2016.0,89.38,EarthLike
Kepler-181 c,Kepler-181,4.302143627,0.0488,0.0,,0.18556549,,927.0,174.86,5324.0,0.84,0.761,,-0.18,,Transit,2014.0,89.38,DesertWorld
Kepler-501 b,Kepler-501,5.640677572,0.0632,0.0,,0.36667027,,1085.0,327.41,6217.0,1.056,0.989,,-0.22,,Transit,2016.0,86.52,MiniNeptune
GJ 581 b,GJ 581,5.3686,0.0399,0.0342,0.06450021,,,,,3500.0,0.295,0.302,-1.90781,-0.08,M3.0 V,Radial Velocity,2005.0,47.0,MiniNeptune
GJ 581 c,GJ 581,12.9211,0.0718,0.032,0.02142666,,,,,3500.0,0.295,0.302,-1.90781,-0.08,M3.0 V,Radial Velocity,2007.0,47.0,
GJ 581 e,GJ 581,3.1481,0.02799,0.012,0.00780295,,,,,3500.0,0.295,0.302,-1.90781,-0.08,M3.0 V,Radial Velocity,2009.0,47.0,
Kepler-769 b,Kepler-769,7.42608998,0.0763,0.0,,0.20965332,,999.0,235.02,6225.0,1.07,1.009,,-0.18,,Transit,2016.0,86.52,DesertWorld
Kepler-180 c,Kepler-180,41.8854433,0.2259,0.0,,0.2926225,,540.0,20.05,5735.0,0.875,1.028,,-0.2,,Transit,2014.0,87.62,MiniNeptune
Kepler-594 b,Kepler-594,13.64617478,0.1089,0.0,,0.18378121,,678.0,49.89,5569.0,0.928,0.829,,-0.08,,Transit,2016.0,89.79,SuperEarth
EPIC 212737443 b,EPIC 212737443,13.603,0.098,0.2,,0.23070747,,536.0,,4684.0,0.69,0.673,,-0.137,K3,Transit,2019.0,89.071,MiniNeptune
Kepler-154 d,Kepler-154,20.54981883,0.1426,0.0,,0.29351465,,633.0,37.85,5937.0,0.916,0.832,,-0.4,,Transit,2016.0,89.38,MiniNeptune
CoRoT-2 b,CoRoT-2,1.74299673,0.0281,0.024,3.3,1.466,1.3,,,5625.0,0.97,0.902,,0.0,,Transit,2008.0,88.08,GasGiant
Kepler-483 b,Kepler-483,30.229104,0.1967,0.0,,0.20965332,,679.0,50.37,6543.0,1.109,1.09,,-0.34,,Transit,2016.0,89.38,SuperEarth
Kepler-595 c,Kepler-595,12.3860474,0.0983,0.0,,0.09902774,,679.0,50.23,5121.0,0.822,0.888,,0.18,,Transit,2020.0,89.01,EarthLike
CoRoT-3 b,CoRoT-3,4.2567994,0.05783,,21.96,1.037,24.5,1695.0,,6740.0,1.403,1.575,,-0.02,,Transit,2008.0,85.8,HotJupiter
Kepler-730 c,Kepler-730,2.85188338,0.0413,0.0,,0.10973344,,1398.0,903.77,6123.0,1.159,1.107,,0.14,,Transit,2018.0,85.13,DesertWorld
Kepler-182 c,Kepler-182,20.68420772,0.1559,0.0,,0.2926225,,729.0,66.83,6246.0,1.18,1.092,,0.07,,Transit,2014.0,88.74,MiniNeptune
CoRoT-4 b,CoRoT-4,9.20205,0.09025,0.14,0.703,1.19,0.517,,,6190.0,1.16,1.17,,0.05,,Transit,2008.0,90.0,GasGiant
Kepler-1649 c,Kepler-1649,19.5352551,0.0649,0.0,,0.04728351,,161.0,0.16,2703.0,0.096,0.118,,0.0,,Transit,2020.0,89.65,IceWorld
Kepler-676 b,Kepler-676,11.59822172,0.0802,0.0,,0.27388753,,400.0,6.07,3672.0,0.51,0.49,,0.09,,Transit,2016.0,88.24,MiniNeptune
Kepler-675 b,Kepler-675,2.33743801,0.0317,0.0,,0.21232974,,1054.0,291.62,4989.0,0.778,0.727,,-0.1,,Transit,2016.0,86.52,DesertWorld
Kepler-289 e,Kepler-289,330.071558,0.9342,0.0,,0.26228968,,286.0,1.58,5933.0,0.998,1.115,,-0.06,,Transit,2025.0,89.91,MiniNeptune
Kepler-279 e,Kepler-279,98.353149,0.439,0.0,,0.36845456,,552.0,21.96,6366.0,1.164,1.697,,-0.2,,Transit,2025.0,86.4,MiniNeptune
GJ 3021 b,GJ 3021,133.71,0.49,0.511,3.37,,,350.0,,5540.0,0.9,0.9,-0.18,0.1,G6 V,Radial Velocity,2000.0,,GasGiant
Kepler-677 b,Kepler-677,6.57531678,0.067,0.0,,0.47997228,,1015.0,251.38,5992.0,0.927,0.989,,-0.32,,Transit,2016.0,89.95,MiniNeptune
Kepler-24 c,Kepler-24,12.33340885,0.1033,0.0,,0.42376735,,864.0,131.96,6038.0,0.965,1.088,,-0.24,,Transit,2011.0,77.35,MiniNeptune
Kepler-678 b,Kepler-678,7.27503724,0.0732,0.0,,0.43804161,,833.0,113.64,5485.0,0.986,0.867,,0.21,,Transit,2016.0,85.94,MiniNeptune
Kepler-1732 b,Kepler-1732,32.3122867,0.2015,0.0,,0.43179662,,699.0,56.49,5821.0,1.043,1.494,,0.04,,Transit,2021.0,86.72,MiniNeptune
Kepler-166 d,Kepler-166,1.554003928,0.0246,0.0,,0.1409584,,1326.0,731.43,5413.0,0.819,0.759,,-0.28,,Transit,2016.0,88.81,DesertWorld
Kepler-52 b,Kepler-52,7.87740709,0.0639,0.0,,0.20786903,,500.0,14.76,3898.0,0.56,0.54,,-0.09,,Transit,2012.0,87.09,SuperEarth
Kepler-174 c,Kepler-174,44.0003975,0.21,0.0,,0.13917412,,377.0,4.79,4859.0,0.636,0.651,,-0.52,,Transit,2014.0,89.97,EarthLike
Kepler-197 d,Kepler-197,15.67750191,0.1185,0.0,,0.12668413,,810.0,101.79,6003.0,0.902,1.109,,-0.38,,Transit,2014.0,84.55,DesertWorld
Kepler-1711 b,Kepler-1711,21.06075303,0.1463,0.0,,0.15880124,,669.0,47.39,5706.0,0.94,1.034,,0.0,,Transit,2021.0,89.67,EarthLike
Kepler-186 d,Kepler-186,13.34300789,0.0862,0.0,,0.13649769,,383.0,5.1,3761.0,0.48,0.46,,-0.21,,Transit,2014.0,87.66,EarthLike
Kepler-83 d,Kepler-83,5.169809946,0.0477,0.0,,0.16147766,,567.0,24.43,3893.0,0.54,0.52,,-0.15,,Transit,2014.0,88.81,SuperEarth
Kepler-228 c,Kepler-228,4.13443005,0.0514,0.0,,0.26942682,,1160.0,427.65,6046.0,1.053,0.972,,-0.08,,Transit,2014.0,83.08,MiniNeptune
Kepler-55 b,Kepler-55,27.9537959,0.1557,0.0,,0.2988675,,409.0,6.58,4505.0,0.645,0.658,,-0.2,,Transit,2012.0,85.37,MiniNeptune
Kepler-184 c,Kepler-184,20.30302457,0.1391,0.0,,0.18199692,,634.0,38.26,5783.0,0.869,0.86,,-0.34,,Transit,2014.0,89.38,SuperEarth
Kepler-222 c,Kepler-222,10.088796973,0.0898,0.0,,0.4291202,,734.0,68.62,5431.0,0.945,0.843,,0.12,,Transit,2014.0,87.66,MiniNeptune
Kepler-247 d,Kepler-247,20.47748843,0.1402,0.0,,0.2605054,,530.0,18.65,5097.0,0.891,0.779,,0.21,,Transit,2014.0,89.43,MiniNeptune
Kepler-229 b,Kepler-229,6.252962249,0.0617,0.0,,0.23641757,,823.0,108.3,5031.0,0.801,0.848,,0.16,,Transit,2014.0,89.68,MiniNeptune
Kepler-712 c,Kepler-712,226.8904775,0.6732,0.0,,0.40414023,,236.0,0.73,5067.0,0.789,0.75,,-0.08,,Transit,2016.0,89.76,MiniNeptune
Kepler-210 b,Kepler-210,2.453236139,0.0293,0.0,,0.20162404,,737.0,69.36,3912.0,0.556,0.533,,-0.12,,Transit,2014.0,87.23,SuperEarth
Kepler-248 b,Kepler-248,6.308203234,0.0654,0.0,,0.2819168,,810.0,101.52,5130.0,0.936,0.837,,0.48,,Transit,2014.0,88.24,MiniNeptune
Kepler-184 d,Kepler-184,29.02235217,0.177,0.0,,0.22749615,,559.0,23.06,5788.0,0.877,0.848,,-0.34,,Transit,2014.0,88.09,MiniNeptune
Kepler-257 d,Kepler-257,24.66461416,0.1582,0.0,,0.47640371,,567.0,24.53,5188.0,0.868,0.973,,0.32,,Transit,2014.0,88.98,MiniNeptune
Kepler-165 c,Kepler-165,15.31296388,0.1145,0.0,,0.20876118,,581.0,26.98,5081.0,0.864,0.77,,0.12,,Transit,2014.0,88.89,SuperEarth
Kepler-251 d,Kepler-251,30.1329303,0.1859,0.0,,0.37916026,,624.0,35.78,5883.0,0.941,1.074,,-0.16,,Transit,2014.0,88.24,MiniNeptune
Kepler-257 b,Kepler-257,2.382652169,0.0333,0.0,,0.23820186,,1237.0,553.53,5188.0,0.868,0.973,,0.32,,Transit,2014.0,89.38,MiniNeptune
Kepler-192 c,Kepler-192,21.22349325,0.1474,0.0,,0.23463329,,623.0,35.69,5475.0,0.947,0.982,,0.24,,Transit,2014.0,87.86,MiniNeptune
Kepler-216 b,Kepler-216,7.69364042,0.0785,0.0,,0.17039908,,1003.0,239.66,6277.0,1.085,1.031,,-0.18,,Transit,2014.0,85.37,DesertWorld
Kepler-32 c,Kepler-32,8.75210645,0.0669,0.0,,0.19627119,,449.0,9.65,3727.0,0.52,0.5,,0.04,,Transit,2011.0,87.66,SuperEarth
Kepler-259 c,Kepler-259,36.9249531,0.2155,0.0,,0.24177042,,530.0,18.7,5926.0,0.978,0.887,,-0.2,,Transit,2014.0,89.95,MiniNeptune
Kepler-33 f,Kepler-33,41.0280637,0.2405,0.0,,0.3693467,,691.0,53.8,5900.0,1.1,1.694,,0.0,,Transit,2011.0,89.95,MiniNeptune
Kepler-491 b,Kepler-491,4.225384512,0.0524,0.0,,0.81720187,,1118.0,369.43,5649.0,1.071,1.055,,0.48,,Transit,2016.0,89.95,HotJupiter
Kepler-215 b,Kepler-215,9.36059705,0.0844,0.0,,0.12668413,,784.0,89.47,5677.0,0.92,0.828,,-0.18,,Transit,2014.0,86.69,EarthLike
Kepler-29 c,Kepler-29,13.28689074,0.1088,0.0,,109.41226797,,714.0,61.37,5716.0,0.97,0.872,,-0.04,,Transit,2011.0,55.0,GasGiant
Kepler-253 d,Kepler-253,18.11993039,0.1284,0.0,,0.26318183,,563.0,23.77,5196.0,0.869,0.775,,0.04,,Transit,2014.0,89.64,MiniNeptune
Kepler-179 b,Kepler-179,2.735903375,0.0361,0.0,,0.1409584,,1072.0,312.39,5294.0,0.849,0.761,,-0.16,,Transit,2014.0,89.95,DesertWorld
Kepler-561 c,Kepler-561,5.350161983,0.0593,0.0,,0.23730971,,989.0,226.02,5592.0,0.973,0.953,,0.16,,Transit,2016.0,89.38,MiniNeptune
Kepler-148 c,Kepler-148,4.180049552,0.049,0.0,,0.31671033,,962.0,202.06,5271.0,0.893,0.838,,0.14,,Transit,2014.0,89.38,MiniNeptune
Kepler-222 d,Kepler-222,28.08194365,0.1777,0.0,,0.33455317,,522.0,17.52,5431.0,0.945,0.843,,0.12,,Transit,2014.0,89.38,MiniNeptune
Kepler-30 c,Kepler-30,60.32488611,0.2998,0.0,,1.14907861,,411.0,6.77,5485.0,0.986,0.867,,0.21,,Transit,2012.0,89.95,GasGiant
KOI-984 b,KOI-984,4.287455473,0.0516,0.0,,0.24801541,,998.0,234.19,5505.0,0.992,0.871,,0.21,,Transit,2022.0,89.95,MiniNeptune
Kepler-158 c,Kepler-158,28.55156868,0.1589,0.0,,0.16950694,,418.0,7.21,4621.0,0.656,0.668,,-0.24,,Transit,2014.0,89.38,SuperEarth
Kepler-633 c,Kepler-633,23.783247,0.1636,0.0,,0.21857474,,853.0,124.95,6282.0,1.03,1.549,,-0.4,,Transit,2021.0,89.95,DesertWorld
K2-225 b,K2-225,15.8723,0.1409,0.23,,0.322,,923.0,,5520.0,1.482,1.7,0.38202,0.486,,Transit,2018.0,88.64,MiniNeptune
K2-226 b,K2-226,3.27109,0.04095,0.22,,0.1373,,1187.0,,5288.0,0.856,0.889,-0.25337,-0.05,,Transit,2018.0,87.6,DesertWorld
Kepler-150 d,Kepler-150,12.56092796,0.1045,0.0,,0.25693683,,772.0,83.88,5862.0,0.963,0.931,,-0.14,,Transit,2014.0,89.95,MiniNeptune
KOI-7913 b,KOI-7913 A,24.2783801,0.1456,0.0,,0.18110478,,432.0,8.27,4450.0,0.698,0.707,,0.14,,Transit,2022.0,88.62,SuperEarth
Kepler-505 b,Kepler-505,27.52197994,0.1444,0.0,,0.22392759,,313.0,2.26,3770.0,0.53,0.51,,0.02,,Transit,2016.0,89.95,MiniNeptune
Kepler-234 c,Kepler-234,7.21204152,0.0765,0.0,,0.31314176,,1015.0,250.42,6167.0,1.149,1.064,,0.07,,Transit,2014.0,89.95,MiniNeptune
Kepler-748 b,Kepler-748,7.40742793,0.0745,0.0,,0.19894762,,938.0,183.15,5922.0,1.002,0.961,,-0.08,,Transit,2016.0,89.95,DesertWorld
Kepler-264 b,Kepler-264,40.8065333,0.2641,0.0,,0.3309846,,772.0,83.75,6207.0,1.472,2.097,,0.24,,Transit,2014.0,89.96,MiniNeptune
Kepler-262 c,Kepler-262,21.8536791,0.1515,0.0,,0.15523267,,618.0,34.57,5830.0,0.97,0.876,,-0.14,,Transit,2014.0,89.95,EarthLike
Kepler-745 b,Kepler-745,9.93146307,0.0915,0.0,,0.21500617,,931.0,177.83,5782.0,1.035,1.22,,0.16,,Transit,2016.0,89.84,DesertWorld
Kepler-457 d,KOI-7892,10.692115,0.0996,0.0,,0.24177042,,1008.0,244.47,6474.0,1.148,1.242,,-0.16,,Transit,2021.0,86.62,MiniNeptune
Kepler-146 c,Kepler-146,76.7324556,0.3553,0.0,,0.27477967,,473.0,11.86,5951.0,1.015,1.155,,-0.02,,Transit,2014.0,89.69,MiniNeptune
Kepler-159 c,Kepler-159,43.58642609,0.195,0.0,,0.23552543,,275.0,1.35,3894.0,0.52,0.5,,-0.28,,Transit,2014.0,88.81,MiniNeptune
Kepler-82 c,Kepler-82,51.53998542,0.2681,0.0,,0.54509863,,471.0,11.63,5739.0,0.966,0.928,,-0.02,,Transit,2012.0,89.38,GasGiant
Kepler-28 c,Kepler-28,8.98584768,0.071,0.0,,0.17307551,,509.0,15.86,4072.0,0.59,0.57,,-0.17,,Transit,2011.0,87.09,SuperEarth
Kepler-245 d,Kepler-245,36.27594657,0.1995,0.0,,0.31224962,,485.0,13.12,5257.0,0.804,0.874,,-0.02,,Transit,2014.0,89.95,MiniNeptune
Kepler-108 c,Kepler-108,190.3200468,0.6972,0.0,,0.69408631,,426.0,7.8,5626.0,1.247,2.057,,0.36,,Transit,2014.0,89.24,GasGiant
Kepler-477 b,Kepler-477,11.11990653,0.0869,0.0,,0.16415409,,636.0,38.71,5074.0,0.707,0.702,,-0.38,,Transit,2016.0,88.24,SuperEarth
Kepler-196 c,Kepler-196,47.42766,0.2501,0.0,,0.38183668,,574.0,25.69,5313.0,0.926,1.501,,0.12,,Transit,2014.0,89.95,MiniNeptune
Kepler-108 b,Kepler-108,49.18394185,0.2829,0.0,,0.73155626,,669.0,47.4,5626.0,1.247,2.057,,0.36,,Transit,2014.0,89.94,GasGiant
Kepler-197 b,Kepler-197,5.59931973,0.0601,0.0,,0.09545917,,1143.0,403.88,6004.0,0.922,1.12,,-0.38,,Transit,2014.0,89.95,DesertWorld
Kepler-166 c,Kepler-166,34.25951372,0.1931,0.0,,0.2221433,,473.0,11.87,5413.0,0.819,0.759,,-0.28,,Transit,2014.0,89.95,SuperEarth
Kepler-81 c,Kepler-81,12.03991407,0.0837,0.0,,0.16683051,,428.0,7.96,3896.0,0.54,0.52,,-0.2,,Transit,2012.0,89.38,SuperEarth
Kepler-42 b,Kepler-42,1.213770423,0.0113,0.0,,0.06958706,,525.0,18.03,3292.0,0.132,0.148,,-0.42,,Transit,2011.0,85.57,EarthLike
Kepler-203 c,Kepler-203,5.370639542,0.0595,0.0,,0.22660401,,1096.0,341.68,5821.0,0.972,1.085,,-0.02,,Transit,2014.0,87.46,MiniNeptune
Kepler-202 c,Kepler-202,16.28248353,0.1147,0.0,,0.18199692,,531.0,18.81,4806.0,0.758,0.72,,0.0,,Transit,2014.0,89.38,SuperEarth
K2-203 b,K2-203,9.6952,0.0824,0.23,,0.1129,,738.4,,5026.0,0.793,0.765,-0.47237,-0.021,,Transit,2018.0,89.12,EarthLike
K2-204 b,K2-204,7.055908,0.0738,0.28,,0.283,,1148.0,,5783.0,1.076,1.253,0.19866,0.21,,Transit,2018.0,88.76,MiniNeptune
K2-208 b,K2-208,4.19097,0.04878,0.37,,0.1494,,1122.0,,5500.0,0.881,0.872,-0.20135,-0.064,,Transit,2018.0,86.94,DesertWorld
K2-211 b,K2-211,0.669561,0.01419,0.19,,0.1188,,1873.0,,5117.0,0.851,0.818,-0.383,0.134,,Transit,2018.0,84.1,LavaWorld
Kepler-170 c,Kepler-170,16.66591162,0.1312,0.0,,0.24266256,,685.0,52.11,5655.0,1.081,0.99,,0.44,,Transit,2014.0,89.95,MiniNeptune
Kepler-205 c,Kepler-205,20.30652862,0.1209,0.0,,0.1409584,,389.0,5.4,4121.0,0.57,0.553,,-0.34,,Transit,2014.0,89.0,EarthLike
Kepler-9 d,Kepler-9,1.59295975,0.027,0.0,,0.13203698,,1517.0,1251.43,5779.0,1.034,0.956,,0.12,,Transit,2010.0,89.38,DesertWorld
Kepler-172 c,Kepler-172,6.38901755,0.0652,0.0,,0.20965332,,968.0,207.42,5583.0,0.903,1.007,,0.02,,Transit,2014.0,89.95,DesertWorld
K2-277 b,K2-277,6.326768,0.0664,0.52,,0.195,,1049.0,,5680.0,0.974,0.973,-0.05061,0.078,,Transit,2018.0,86.83,DesertWorld
Kepler-227 b,Kepler-227,9.48803557,0.0853,0.0,,0.20162404,,793.0,93.59,5455.0,0.919,0.927,,0.14,,Transit,2014.0,89.66,SuperEarth
WASP-50 b,WASP-50,1.9550938,0.02945,0.022,1.46,1.153,1.18,,,5400.0,0.892,0.843,,-0.12,,Transit,2011.0,84.74,GasGiant
Kepler-618 b,Kepler-618,3.595769645,0.0468,0.0,,0.21322189,,1252.0,581.32,6108.0,1.052,1.011,,-0.08,,Transit,2016.0,79.64,DesertWorld
Kepler-487 b,Kepler-487,15.358768403,0.117,0.0,,1.00901235,,686.0,52.24,5700.0,0.903,0.87,,-0.18,,Transit,2016.0,88.81,GasGiant
Kepler-551 b,Kepler-551,12.3764661,0.0837,0.0,,0.18824192,,401.0,6.12,3797.0,0.51,0.48,,-0.1,,Transit,2016.0,88.81,SuperEarth
K2-8 c,K2-8,5.06416,0.0532,,,0.2150058,,801.0,97.8,4870.0,0.78,0.74,,-0.02,K3 V,Transit,2016.0,86.7,DesertWorld
Kepler-153 b,Kepler-153,18.87021566,0.1274,0.0,,0.25604469,,621.0,35.13,5402.0,0.774,0.865,,-0.24,,Transit,2014.0,89.95,MiniNeptune
WASP-7 b,WASP-7,4.9546416,0.0619,,0.96,1.363,0.473,1502.0,,6400.0,1.285,1.466,,0.0,,Transit,2008.0,87.03,HotJupiter
XO-4 b,XO-4,4.1250823,0.05524,0.0039,1.612,1.34,0.83,,,6400.0,1.32,1.56,,-0.04,,Transit,2010.0,88.7,GasGiant
XO-1 b,XO-1,3.9415128,0.04944,,0.924,1.206,0.7,1210.0,,5750.0,1.037,0.942,,0.02,,Transit,2006.0,89.06,HotJupiter
XO-2 N b,XO-2 N,2.615864,0.03647,,0.555,0.992,0.75677,1328.0,,5340.0,0.946,0.97,,0.45,,Transit,2007.0,88.8,HotJupiter
Kepler-662 b,Kepler-662,21.67699193,0.1408,0.0,,0.26318183,,530.0,18.64,4954.0,0.791,0.828,,0.18,,Transit,2016.0,87.91,MiniNeptune
Kepler-1629 b,Kepler-1629,3.87595807,0.0499,0.0,,0.06780278,,1157.0,423.66,5880.0,1.098,0.993,,0.21,,Transit,2016.0,88.24,DesertWorld
Kepler-195 b,Kepler-195,8.30783912,0.0768,0.0,,0.19181048,,751.0,75.09,5320.0,0.882,0.786,,-0.06,,Transit,2014.0,89.95,SuperEarth
Kepler-663 b,Kepler-663,4.99678284,0.0559,0.0,,0.24087828,,917.0,166.95,5339.0,0.931,0.847,,0.18,,Transit,2016.0,88.81,MiniNeptune
WASP-8 b,WASP-8,8.158715,0.0801,0.3057,2.132,1.038,2.47,,,5600.0,1.03,0.945,,0.17,,Transit,2010.0,88.55,GasGiant
Kepler-1724 b,Kepler-1724,6.45442931,0.0683,0.0,,0.22125116,,999.0,234.98,6092.0,1.016,0.943,,-0.22,,Transit,2021.0,86.67,DesertWorld
K2-35 c,K2-35,5.60912,0.0564,,,0.18645731,,737.0,70.1,4680.0,0.76,0.72,,0.04,K4 V,Transit,2016.0,87.85,SuperEarth
WASP-25 b,WASP-25,3.7648337,,,0.564,1.232,0.399185,1217.0,341.0,5697.0,0.962,0.884,,-0.2,,Transit,2010.0,88.19,HotJupiter
WASP-29 b,WASP-29,3.9227186,0.04566,0.059,0.245,0.792,0.61,,,4800.0,0.825,0.808,,0.11,,Transit,2010.0,88.8,GasGiant
Kepler-229 c,Kepler-229,16.06862959,0.1165,0.0,,0.47015872,,571.0,25.07,5126.0,0.827,0.742,,-0.12,,Transit,2014.0,89.95,MiniNeptune
WASP-24 b,WASP-24,2.3412217,0.03607,0.0046,1.06,1.3,0.597,,,6080.0,1.15,1.331,,0.07,,Transit,2010.0,83.64,GasGiant
Kepler-664 b,Kepler-664,2.525591777,0.0374,0.0,,0.24533899,,1406.0,926.16,6031.0,1.095,1.046,,0.07,,Transit,2016.0,85.41,MiniNeptune
Kepler-747 b,Kepler-747,35.61760587,0.1916,0.0,,0.46926658,,456.0,10.19,5123.0,0.737,0.779,,-0.2,,Transit,2016.0,89.95,MiniNeptune
WASP-21 b,WASP-21,4.322506,0.0516,,0.295,1.263,0.182,1340.0,,5800.0,0.98,1.186,,-0.46,,Transit,2010.0,86.77,HotJupiter
Kepler-567 b,Kepler-567,16.54297375,0.1229,0.0,,0.21589831,,611.0,32.94,5215.0,0.904,0.867,,0.28,,Transit,2016.0,89.38,SuperEarth
K2-35 b,K2-35,2.39984,0.032,,,0.12489963,,979.0,217.4,4680.0,0.76,0.72,,0.04,K4 V,Transit,2016.0,86.1,DesertWorld
WASP-31 b,WASP-31,3.405886,0.04663,0.047,0.489,1.549,0.163,,,6300.0,1.165,1.252,,-0.2,,Transit,2010.0,84.41,GasGiant
Kepler-552 b,Kepler-552,5.263415765,0.0612,0.0,,0.34436673,,1100.0,345.55,6091.0,1.095,1.025,,0.02,,Transit,2016.0,85.37,MiniNeptune
WASP-39 b,WASP-39,4.0552947,0.04859,0.048,0.275,1.27,0.166,,,5400.0,0.93,0.895,,-0.12,,Transit,2011.0,87.83,GasGiant
WASP-38 b,WASP-38,6.871815,0.07584,0.0278,2.648,1.09,2.54,,,6180.0,1.23,1.35,,-0.02,,Transit,2010.0,89.5,GasGiant
Kepler-228 d,Kepler-228,11.09431923,0.0992,0.0,,0.358641,,835.0,114.81,6046.0,1.053,0.972,,-0.08,,Transit,2014.0,89.38,MiniNeptune
WASP-34 b,WASP-34,4.3176782,0.0521,0.025,0.583,1.22,0.412,,,5700.0,1.01,0.93,,-0.02,,Transit,2010.0,85.2,GasGiant
Kepler-590 b,Kepler-590,5.85296257,0.0647,0.0,,0.31314176,,1056.0,293.93,6050.0,1.05,1.013,,-0.04,,Transit,2016.0,87.66,MiniNeptune
WASP-32 b,WASP-32,2.7186591,0.03904,0.004,3.49,1.1,3.24,,,6140.0,1.07,1.09,,-0.13,,Transit,2010.0,85.1,GasGiant
WASP-36 b,WASP-36,1.5373653,0.02643,0.019,2.296,1.281,1.354,,,5900.0,1.04,0.951,,-0.26,,Transit,2011.0,83.61,GasGiant
K2-19 d,K2-19,2.50856,0.0344,,,0.10170399,,1252.0,583.5,5430.0,0.93,0.86,,0.1,G9 V,Transit,2016.0,85.83,DesertWorld
WASP-35 b,WASP-35,3.161575,0.04313,0.028,0.701,1.32,0.378,,,5990.0,1.07,1.09,,-0.15,,Transit,2011.0,87.96,GasGiant
Kepler-751 b,Kepler-751,17.44486016,0.1263,0.0,,0.28905394,,679.0,50.32,5568.0,0.882,0.966,,-0.04,,Transit,2016.0,86.98,MiniNeptune
KOI-7368 b,KOI-7368,6.842939,0.0678,0.0,,0.35150386,,805.0,99.24,5225.0,0.883,0.827,,0.14,,Transit,2022.0,71.62,MiniNeptune
Kepler-659 b,Kepler-659,17.671796,0.1205,0.0,,0.20786903,,516.0,16.75,4867.0,0.753,0.696,,-0.16,,Transit,2016.0,88.81,SuperEarth
Kepler-617 b,Kepler-617,1.682696148,0.0218,0.0,,0.11330201,,753.0,76.13,3678.0,0.49,0.47,,0.0,,Transit,2016.0,89.38,EarthLike
WASP-47 b,WASP-47,4.16071,0.052,0.0028,1.21,1.15,0.98,,,5576.0,1.11,1.16,,0.36,,Transit,2012.0,89.02,GasGiant
WASP-55 b,WASP-55,4.4656291,0.0558,,0.627,1.335,0.329,1300.0,,6070.0,1.162,1.102,,0.09,,Transit,2012.0,89.05,HotJupiter
Kepler-658 b,Kepler-658,1.287076762,0.0187,0.0,,0.12668413,,860.0,129.27,3733.0,0.53,0.51,,0.07,,Transit,2016.0,89.38,DesertWorld
WASP-42 b,WASP-42,4.9816872,0.0548,0.062,0.501,1.063,0.514,,,5200.0,0.881,0.85,,0.05,,Transit,2012.0,88.3,GasGiant
Kepler-588 b,Kepler-588,4.221625357,0.052,0.0,,0.23106472,,1177.0,453.2,6123.0,1.053,0.987,,-0.14,,Transit,2016.0,89.95,MiniNeptune
Kepler-1999 b,Kepler-1999,8.7396758,0.0713,0.0,,0.29351465,,577.0,26.17,4406.0,0.632,0.628,,-0.24,,Transit,2023.0,82.59,MiniNeptune
Kepler-550 b,Kepler-550,8.600104109,0.0747,0.0,,0.38183668,,760.0,78.72,5246.0,0.748,0.805,,-0.24,,Transit,2016.0,89.95,MiniNeptune
Kepler-623 b,Kepler-623,9.07097734,0.0854,0.0,,0.2881618,,825.0,109.61,5672.0,1.008,0.929,,0.14,,Transit,2016.0,89.38,MiniNeptune
Kepler-46 c,Kepler-46,57.011,0.2799,0.0146,0.376,,,455.0,,5155.0,0.902,0.938,-0.255,0.41,,Transit Timing Variations,2012.0,87.4,GasGiant
Kepler-47 b,Kepler-47,49.532,0.2962,0.035,2.0,0.27,,,,5636.0,1.049,0.963,-0.076,-0.25,,Transit,2012.0,89.7,GasGiant
Kepler-47 c,Kepler-47,303.137,0.991,0.411,28.0,0.411,,,,5636.0,1.049,0.963,-0.076,-0.25,,Transit,2012.0,89.825,GasGiant
Kepler-225 c,Kepler-225,18.79419535,0.1069,0.0,,0.16147766,,330.0,2.79,3682.0,0.46,0.44,,-0.11,,Transit,2014.0,89.95,SuperEarth
Kepler-29 b,Kepler-29,10.33974,,0.0,0.01573168,0.22749576,1.65,,55.9,5378.0,0.761,0.732,,-0.44,,Transit,2011.0,89.13,MiniNeptune
WASP-63 b,WASP-63,4.37809,0.05417,0.086,0.339,1.33,0.179,,,5550.0,1.1,1.76,,0.08,,Transit,2012.0,87.8,GasGiant
KOI-12 b,KOI-12,17.855221681,0.1491,0.0,,1.17405858,,911.0,163.04,6823.0,1.386,1.367,,0.07,,Transit,2015.0,89.79,GasGiant
WASP-66 b,WASP-66,4.086052,0.05461,0.046,2.37,1.39,1.09,,,6600.0,1.3,1.75,,-0.31,,Transit,2012.0,85.9,GasGiant
WASP-67 b,WASP-67,4.6144109,0.05179,0.015,0.42,1.4,0.2,,,5200.0,0.87,0.87,,-0.07,,Transit,2012.0,85.8,GasGiant
Kepler-194 c,Kepler-194,17.30797625,0.1294,0.0,,0.23195686,,748.0,74.01,6085.0,0.962,1.005,,-0.3,,Transit,2014.0,89.38,MiniNeptune
Kepler-471 b,Kepler-471,5.014234575,0.0629,0.0,,0.93942529,,1284.0,642.33,6475.0,1.314,1.271,,0.21,,Transit,2016.0,89.95,HotJupiter
Kepler-566 b,Kepler-566,18.42794624,0.1234,0.0,,0.18556549,,568.0,24.64,5140.0,0.737,0.775,,-0.22,,Transit,2016.0,89.38,SuperEarth
Kepler-496 b,Kepler-496,8.30864937,0.0732,0.0,,0.17575193,,700.0,56.78,5188.0,0.761,0.685,,-0.4,,Transit,2016.0,89.95,SuperEarth
nu Oph b,nu Oph,530.21,1.79,0.124,22.206,,,,,4886.0,2.7,14.6,2.03862,0.06,K0 III,Radial Velocity,2012.0,90.0,GasGiant
nu Oph c,nu Oph,3184.83,5.931,0.18,24.662,,,,,4886.0,2.7,14.6,2.03862,0.06,K0 III,Radial Velocity,2012.0,90.0,GasGiant
Kepler-749 b,Kepler-749,17.31716585,0.1054,0.0,,0.18734977,,454.0,10.07,4719.0,0.52,0.502,,-1.7,,Transit,2016.0,89.38,SuperEarth
Kepler-164 c,Kepler-164,10.94577222,0.0991,0.0,,0.23998614,,950.0,192.59,6353.0,1.076,1.139,,-0.14,,Transit,2014.0,89.38,MiniNeptune
Kepler-226 c,Kepler-226,5.349553819,0.0563,0.0,,0.22749615,,919.0,168.99,5185.0,0.831,0.91,,0.16,,Transit,2014.0,89.62,MiniNeptune
HD 196067 b,HD 196067,3413.7,4.71,0.56292,11.4,,,,,6072.0,1.16,1.71,0.549,0.213,G0 V,Radial Velocity,2012.0,29.7,GasGiant
Kepler-661 b,Kepler-661,6.02930329,0.0585,0.0,,0.25426041,,678.0,50.04,4537.0,0.761,0.672,,0.21,,Transit,2016.0,89.5,MiniNeptune
Kepler-660 b,Kepler-660,9.27358194,0.0759,0.0,,0.22481973,,649.0,41.85,4856.0,0.676,0.696,,-0.3,,Transit,2016.0,89.38,MiniNeptune
Kepler-589 b,Kepler-589,16.54964934,0.1196,0.0,,0.22481973,,656.0,43.72,5372.0,0.832,0.916,,-0.02,,Transit,2016.0,89.95,MiniNeptune
KELT-2 A b,KELT-2 A,4.113791,0.05497,0.081,1.527,1.29,0.91,,,6148.0,1.308,1.828,,0.034,,Transit,2012.0,88.6,GasGiant
Kepler-179 c,Kepler-179,6.400157105,0.0638,0.0,,0.22481973,,810.0,101.72,5299.0,0.856,0.766,,-0.14,,Transit,2014.0,85.83,MiniNeptune
WASP-23 b,WASP-23,2.94443,0.037,0.065,0.879,0.962,1.17,,,5150.0,0.78,0.765,,-0.05,,Transit,2010.0,88.39,GasGiant
Kepler-165 b,Kepler-165,8.18086953,0.0716,0.0,,0.21946688,,746.0,73.21,5208.0,0.733,0.755,,-0.32,,Transit,2014.0,85.37,SuperEarth
Kepler-750 b,Kepler-750,9.42887179,0.0926,0.0,,0.26318183,,1018.0,253.39,6495.0,1.19,1.168,,-0.1,,Transit,2016.0,89.95,MiniNeptune
Kepler-781 b,Kepler-781,13.21409607,0.1019,0.0,,0.24712327,,629.0,36.95,5333.0,0.813,0.728,,-0.32,,Transit,2016.0,87.44,MiniNeptune
Kepler-783 c,Kepler-783,7.053934488,0.0684,0.0,,0.21054546,,840.0,117.33,5357.0,0.854,0.863,,0.0,,Transit,2020.0,86.66,DesertWorld
Kepler-669 b,Kepler-669,4.125546869,0.0529,0.0,,0.39789523,,1244.0,565.35,6174.0,1.162,1.103,,0.1,,Transit,2016.0,87.66,MiniNeptune
Kepler-668 b,Kepler-668,8.35390639,0.0765,0.0,,0.22660401,,789.0,91.45,5592.0,0.856,0.782,,-0.3,,Transit,2016.0,89.95,MiniNeptune
Kepler-1738 b,Kepler-1738,7.67465618,0.0781,0.0,,0.20786903,,957.0,198.67,6063.0,1.079,1.001,,-0.02,,Transit,2021.0,89.95,DesertWorld
K2-181 b,K2-181,6.893813,0.0714,0.4,,0.253,,1015.0,,5520.0,1.022,1.04,-0.04431,0.385,,Transit,2018.0,87.4,MiniNeptune
Kepler-670 b,Kepler-670,2.816504852,0.0382,0.0,,1.14372576,,1253.0,583.25,5653.0,0.936,0.965,,0.02,,Transit,2016.0,89.95,HotJupiter
Kepler-1713 b,Kepler-1713,18.01164974,0.1469,0.0,,0.16326195,,900.0,155.37,6477.0,1.3,1.459,,0.1,,Transit,2021.0,83.74,DesertWorld
K2-77 b,K2-77,8.199796,,0.14,1.9,0.20519226,,,58.0,4970.0,0.8,0.76,-0.50031,0.29,,Transit,2016.0,88.7,GasGiant
Kepler-166 b,Kepler-166,7.650241916,0.0711,0.0,,0.21322189,,780.0,87.56,5413.0,0.819,0.759,,-0.28,,Transit,2014.0,89.95,SuperEarth
Kepler-666 b,Kepler-666,4.49876092,0.0542,0.0,,0.19716333,,1133.0,389.62,6075.0,1.048,0.969,,-0.12,,Transit,2016.0,89.95,DesertWorld
Kepler-273 b,Kepler-273,2.936526966,0.0369,0.0,,0.13828198,,1167.0,437.7,5627.0,0.777,0.815,,-0.48,,Transit,2014.0,89.38,DesertWorld
Kepler-1976 b,Kepler-1976,4.959319451,0.0587,0.0,,1.05986444,,1128.0,382.06,6117.0,1.097,1.025,,-0.02,,Transit Timing Variations,2023.0,85.94,HotJupiter
Kepler-1739 b,Kepler-1739,7.34372823,0.0698,0.0,,0.16950694,,838.0,116.52,5734.0,0.84,0.766,,-0.48,,Transit,2021.0,89.95,DesertWorld
Kepler-272 c,Kepler-272,6.05730524,0.0598,0.0,,0.14898768,,881.0,142.34,5300.0,0.776,0.849,,-0.16,,Transit,2014.0,89.95,DesertWorld
Kepler-667 b,Kepler-667,41.43958662,0.2288,0.0,,0.49067798,,516.0,16.72,5468.0,0.93,1.046,,0.22,,Transit,2016.0,89.31,MiniNeptune
Kepler-1737 b,Kepler-1737,64.6174465,0.297,0.0,,0.4826487,,383.0,5.09,5043.0,0.834,0.881,,0.3,,Transit,2021.0,88.81,MiniNeptune
HD 39091 b,HD 39091,2091.0,3.308,0.641,12.9,,,,,6037.0,1.094,1.1,0.15957,0.08,G0 V,Radial Velocity,2001.0,50.8,GasGiant
K2-54 b,K2-54,9.7833,0.0761,0.24,,0.233,,560.0,,3990.0,0.615,0.643,-1.02228,-0.02,,Transit,2016.0,89.08,MiniNeptune
Kepler-762 b,Kepler-762,3.770551475,0.0493,0.0,,1.07503085,,1302.0,679.75,6322.0,1.124,1.075,,-0.12,,Transit,2016.0,89.64,HotJupiter
Kepler-672 b,Kepler-672,38.3774623,0.2288,0.0,,0.24087828,,541.0,20.3,5957.0,1.083,0.971,,0.07,,Transit,2016.0,89.95,MiniNeptune
Kepler-765 b,Kepler-765,27.6655226,0.1754,0.0,,0.20430047,,641.0,39.94,6036.0,0.939,1.017,,-0.32,,Transit,2016.0,89.95,SuperEarth
Kepler-1735 b,Kepler-1735,7.71790675,0.0621,0.0,,0.08029276,,502.0,15.01,3975.0,0.535,0.509,,-0.34,,Transit,2021.0,89.8,EarthLike
Kepler-763 d,Kepler-763,6.50327035,0.0634,0.0,,0.14898768,,804.0,98.81,4999.0,0.8,0.843,,0.18,,Transit,2023.0,89.76,DesertWorld
Kepler-112 b,Kepler-112,8.408878137,0.0744,0.0,,0.20340833,,809.0,101.22,5551.0,0.776,0.812,,-0.42,,Transit,2014.0,89.95,DesertWorld
Kepler-267 b,Kepler-267,3.353732008,0.034,0.0,,0.14720339,,615.0,33.76,3789.0,0.467,0.46,,-0.34,,Transit,2014.0,89.84,EarthLike
HD 164604 b,HD 164604,653.9,1.362,0.479,13.2,,,,,4663.0,0.77,0.78,-0.58503,0.12,K3.5 V,Radial Velocity,2009.0,10.6,GasGiant
Kepler-671 b,Kepler-671,4.280963604,0.0503,0.0,,0.20519261,,1012.0,247.87,5644.0,0.928,0.831,,-0.14,,Transit,2016.0,87.72,DesertWorld
Kepler-744 b,Kepler-744,12.06222962,0.0993,0.0,,0.14452697,,750.0,74.8,5547.0,0.897,0.933,,0.0,,Transit,2016.0,89.47,EarthLike
Kepler-571 b,Kepler-571,4.798599388,0.0544,0.0,,0.2221433,,980.0,217.77,5632.0,0.932,0.846,,-0.08,,Transit,2016.0,88.24,DesertWorld
Kepler-764 b,Kepler-764,7.33683936,0.0722,0.0,,0.14185054,,876.0,139.19,5798.0,0.932,0.847,,-0.22,,Transit,2016.0,89.95,DesertWorld
K2-28 b,K2-28,2.2604455,0.0192,0.0,,0.228,,420.0,21.7,3214.0,0.257,0.288,,0.26,,Transit,2016.0,87.3,MiniNeptune
TrES-5 b,TrES-5,1.4822446,0.02452,0.03,1.79,1.209,1.257,,,5171.0,0.893,0.866,,0.2,,Transit,2011.0,84.529,GasGiant
WASP-10 b,WASP-10,3.09272932,0.0378,0.0601,3.21,1.067,3.28,,,4680.0,0.752,0.703,,0.03,,Transit,2008.0,88.81,GasGiant
Kepler-619 b,Kepler-619,5.404272197,0.0611,0.0,,0.23998614,,1073.0,312.93,6122.0,1.041,0.964,,-0.18,,Transit,2016.0,89.38,MiniNeptune
Kepler-568 b,Kepler-568,11.02347475,0.078,0.0,,0.18824192,,418.0,7.23,3744.0,0.52,0.5,,0.13,,Transit,2016.0,89.95,SuperEarth
Kepler-665 b,Kepler-665,16.01310205,0.1148,0.0,,0.25515255,,593.0,29.31,5015.0,0.785,0.826,,0.1,,Transit,2016.0,89.95,MiniNeptune
K2-31 b,K2-31,1.25785,0.022,0.0,1.774,1.06,,,,5280.0,0.91,0.78,,0.08,G7 V,Transit,2016.0,79.9,GasGiant
WASP-13 b,WASP-13,4.353011,0.0558,0.016,0.525,1.528,0.182,,,5830.0,1.22,1.657,,0.0,,Transit,2009.0,84.88,GasGiant
WASP-1 b,WASP-1,2.5199464,0.0392,,0.98,1.493,0.36575,1830.0,,6213.0,1.265,1.465,,0.17,,Transit,2007.0,88.0,HotJupiter
Kepler-591 b,Kepler-591,81.1694299,0.3719,0.0,,0.30422035,,412.0,6.82,5865.0,1.038,0.944,,0.04,,Transit,2016.0,89.38,MiniNeptune
WASP-15 b,WASP-15,3.7521,0.0499,0.087,0.551,1.379,,,,6300.0,1.18,1.44,,-0.17,F7,Transit,2009.0,85.96,GasGiant
WASP-14 b,WASP-14,2.2437661,0.0358,0.0782,7.22,1.281,4.23,,,6480.0,1.21,1.306,,0.0,,Transit,2008.0,84.32,GasGiant
K2-37 b,K2-37,4.44117,0.0511,,,0.14363458,,974.0,213.3,5413.0,0.9,0.85,,-0.03,G3 V,Transit,2016.0,87.28,DesertWorld
K2-37 d,K2-37,14.09189,0.1103,,,0.24355429,,663.0,45.7,5413.0,0.9,0.85,,-0.03,G3 V,Transit,2016.0,88.34,MiniNeptune
K2-37 c,K2-37,6.42904,0.0654,,,0.24533857,,861.0,130.3,5413.0,0.9,0.85,,-0.03,G3 V,Transit,2016.0,87.37,MiniNeptune
WASP-16 b,WASP-16,3.1186068,0.0422,0.018,0.908,1.008,1.14,,,5700.0,1.022,0.946,,0.01,,Transit,2009.0,85.22,GasGiant
Kepler-570 b,Kepler-570,4.30165843,0.0497,0.0,,0.21589831,,1009.0,244.48,5480.0,0.881,0.865,,-0.04,,Transit,2016.0,87.69,DesertWorld
Kepler-746 b,Kepler-746,3.48159251,0.0437,0.0,,0.11240986,,1190.0,473.34,5473.0,0.918,1.061,,0.18,,Transit,2016.0,88.81,DesertWorld
iot Dra b,iot Dra,510.8544,1.453,0.701,11.82,,,,,4504.0,1.54,11.79,1.72247,0.03,K2 III,Radial Velocity,2002.0,46.0,GasGiant
Kepler-593 b,Kepler-593,21.21712312,0.1508,0.0,,0.26496611,,706.0,58.63,6191.0,1.01,1.007,,-0.24,,Transit,2016.0,86.39,MiniNeptune
Kepler-592 b,Kepler-592,2.820192408,0.0397,0.0,,0.19359477,,1326.0,730.86,6091.0,1.045,0.967,,-0.14,,Transit,2016.0,86.52,DesertWorld
Kepler-569 b,Kepler-569,34.18890521,0.2067,0.0,,0.27299538,,544.0,20.69,5851.0,1.007,0.918,,-0.04,,Transit,2016.0,89.95,MiniNeptune
HD 7924 b,HD 7924,5.39792,0.05664,0.058,0.0273102,,,825.9,113.7,5075.0,0.832,0.7821,,-0.15,K0.5 V,Radial Velocity,2008.0,,DesertWorld
HD 80606 b,HD 80606,111.4367,0.4564,,4.114,1.003,5.08,405.0,,5574.0,1.018,1.037,,0.34,,Radial Velocity,2001.0,89.232,GasGiant
Kepler-118 c,Kepler-118,20.172024672,0.1353,0.0,,0.55669647,,564.0,24.0,5064.0,0.811,0.864,,0.18,,Transit,2014.0,89.61,GasGiant
HD 86226 b,HD 86226,1628.0,2.73,0.059,0.45,,,176.0,,5863.0,1.019,1.053,0.07188,0.018,G1 V,Radial Velocity,2009.0,,GasGiant
Kepler-782 b,Kepler-782,158.6853308,0.5692,0.0,,0.33276888,,390.0,5.47,6126.0,0.976,1.186,,-0.28,,Transit,2016.0,89.38,MiniNeptune
OGLE2-TR-L9 b,OGLE2-TR-L9,2.485533,0.0404,,4.34,1.614,1.37,2039.0,,6933.0,1.42,1.503,,-0.05,,Transit,2008.0,82.07,HotJupiter
OGLE-TR-10 b,OGLE-TR-10,3.101386,0.04162,0.0,0.57,1.24,0.38,,,5750.0,1.0,1.0,,0.0,,Transit,2004.0,89.2,GasGiant
OGLE-TR-182 b,OGLE-TR-182,3.9791,0.05205,0.27,1.07,1.47,0.41,,,5924.0,1.187,1.53,,0.37,,Transit,2007.0,84.3,GasGiant
OGLE-TR-211 b,OGLE-TR-211,3.67724,0.05106,0.58,0.68,1.262,0.42,,,6325.0,1.312,1.56,,0.11,,Transit,2007.0,88.0,GasGiant
OGLE-TR-56 b,OGLE-TR-56,1.21191096,0.02453,,1.41,1.734,0.336,2482.0,,6119.0,1.339,1.737,,0.25,,Transit,2002.0,73.47,HotJupiter
Kepler-743 b,Kepler-743,3.179262921,0.0418,0.0,,0.1088413,,1097.0,342.03,5530.0,0.961,0.845,,0.07,,Transit,2016.0,89.38,DesertWorld
K2-57 b,K2-57,9.0073,0.0752,0.25,,0.206,,635.8,,4413.0,0.699,0.671,-0.8122,0.08,,Transit,2016.0,88.95,SuperEarth
Kepler-230 b,Kepler-230,32.62882975,0.189,0.0,,338.21540972,,506.0,15.48,5588.0,0.846,0.796,,-0.3,,Transit,2014.0,56.72,GasGiant
OGLE-TR-111 b,OGLE-TR-111,4.0161,0.047,0.0,0.53,1.0,0.61,,,5070.0,0.82,0.85,,0.12,,Transit,2004.0,88.25,GasGiant
OGLE-TR-113 b,OGLE-TR-113,1.4324757,0.0229,0.0,1.32,1.09,1.3,,,4750.0,0.78,0.77,,0.1,,Transit,2004.0,89.4,GasGiant
Kepler-1521 b,Kepler-1521,47.1484324,0.2317,0.0,,0.23017258,,391.0,5.5,4975.0,0.746,0.734,,-0.14,,Transit,2016.0,89.58,MiniNeptune
Kepler-1526 b,Kepler-1526,3.908632005,0.0418,0.0,,0.20608475,,788.0,91.01,4518.0,0.639,0.653,,-0.24,,Transit,2016.0,85.37,SuperEarth
Kepler-284 b,Kepler-284,12.69902995,0.1032,0.0,,0.21768259,,701.0,57.09,5614.0,0.908,0.827,,-0.14,,Transit,2014.0,89.38,SuperEarth
Kepler-172 b,Kepler-172,2.940304111,0.0389,0.0,,0.19716333,,1253.0,582.69,5583.0,0.903,1.007,,0.02,,Transit,2014.0,89.95,DesertWorld
Kepler-1067 b,Kepler-1067,0.762129261,0.0158,0.0,,0.06244992,,1792.0,2435.53,5614.0,0.908,0.827,,-0.14,,Transit,2016.0,86.52,DesertWorld
Kepler-839 b,Kepler-839,37.8144514,0.2281,0.0,,0.20430047,,614.0,33.51,6228.0,1.102,1.138,,-0.02,,Transit,2016.0,89.95,SuperEarth
Kepler-173 c,Kepler-173,8.005783665,0.0725,0.0,,0.21500617,,956.0,197.06,6032.0,0.793,0.935,,-0.78,,Transit,2014.0,89.38,DesertWorld
Kepler-702 b,Kepler-702,10.526294063,0.088,0.0,,0.75832051,,713.0,61.16,5386.0,0.82,0.793,,-0.2,,Transit,2016.0,88.81,GasGiant
Kepler-1527 b,Kepler-1527,160.129918,0.5756,0.0,,0.29083822,,338.0,3.09,6075.0,0.991,0.916,,-0.28,,Transit,2016.0,89.38,MiniNeptune
Kepler-601 b,Kepler-601,5.378868441,0.0547,0.0,,0.1579091,,836.0,115.57,5207.0,0.756,0.725,,-0.32,,Transit,2016.0,85.94,DesertWorld
Kepler-708 b,Kepler-708,3.167891938,0.0426,0.0,,0.25604469,,1221.0,526.23,5895.0,1.026,0.94,,-0.02,,Transit,2016.0,87.66,MiniNeptune
Kepler-359 d,Kepler-359,77.085964,0.3658,0.0,,2.70675816,,460.0,10.61,6210.0,1.093,1.033,,-0.1,,Transit,2014.0,88.24,GasGiant
Kepler-703 b,Kepler-703,4.583521756,0.0535,0.0,,0.50762867,,1039.0,274.98,5815.0,0.973,0.877,,-0.12,,Transit,2016.0,89.95,MiniNeptune
Kepler-817 b,Kepler-817,3.990105908,0.0493,0.0,,0.66464563,,1124.0,378.53,5926.0,1.004,0.913,,-0.12,,Transit,2016.0,87.09,HotJupiter
Kepler-1990 b,Kepler-1990,1.73513619,0.0286,0.0,,0.29173036,,1554.0,1372.87,5751.0,1.028,1.071,,0.21,,Transit,2023.0,89.57,MiniNeptune
Kepler-467 b,Kepler-467,24.99324193,0.1686,0.0,,0.20340833,,719.0,63.24,5747.0,1.023,1.357,,0.03,,Transit,2016.0,88.81,SuperEarth
Kepler-1991 c,Kepler-1991,22.79020351,0.1528,0.0,,0.22928044,,634.0,38.27,5478.0,0.914,1.053,,0.16,,Transit,2023.0,89.94,MiniNeptune
K2-138 g,K2-138,41.96645,0.2287,,,0.2837006,,445.0,9.29,5283.0,0.916,0.839,,0.134,G8 V,Transit,2021.0,89.29,MiniNeptune
Kepler-841 b,Kepler-841,124.4197175,0.479,0.0,,0.91890603,,416.0,7.07,5066.0,0.945,1.659,,0.22,,Transit,2016.0,90.0,GasGiant
Kepler-1747 b,Kepler-1747,6.230330323,0.066,0.0,,0.36667027,,875.0,138.33,5477.0,0.983,0.865,,0.21,,Transit,2021.0,89.38,MiniNeptune
HD 110082 b,HD 110082,10.18271,0.113,0.2,,0.28548488,,,,6200.0,1.21,1.19,0.28103,0.08,F8 V,Transit,2021.0,88.2,MiniNeptune
Kepler-1698 b,Kepler-1698,1.210693282,0.0199,0.0,,16.12278626,,1356.0,800.22,5019.0,0.717,0.747,,-0.22,,Transit,2020.0,19.48,HotJupiter
Kepler-1649 b,Kepler-1649,8.68907042,0.0378,0.0,,0.05085208,,211.0,0.47,2703.0,0.096,0.118,,0.0,,Transit,2017.0,89.95,EarthLike
TOI-2257 b,TOI-2257,35.189346,0.145,0.496,,0.19573591,,256.0,,3430.0,0.328,0.313,,-0.27,M3,Transit,2021.0,89.786,SuperEarth
Kepler-809 b,Kepler-809,55.63934,0.2901,0.0,,0.26407397,,478.0,12.33,5949.0,1.05,0.962,,0.0,,Transit,2016.0,89.38,MiniNeptune
Kepler-1525 b,Kepler-1525,2.416601183,0.0354,0.0,,0.07493991,,1309.0,694.24,5812.0,1.013,0.923,,0.02,,Transit,2016.0,89.95,DesertWorld
Kepler-1522 b,Kepler-1522,1.847889171,0.0289,0.0,,0.13917412,,1383.0,864.2,5770.0,0.943,0.853,,-0.16,,Transit,2016.0,88.24,DesertWorld
Kepler-432 b,Kepler-432,52.50113,0.3025,0.4775,0.575,1.145,0.476,,,4995.0,1.35,4.12,,-0.07,,Transit,2015.0,88.17,GasGiant
Kepler-296 c,Kepler-296,5.84164124,0.046,0.0,,0.13560555,,440.0,8.86,3517.0,0.38,0.37,,-0.07,,Transit,2014.0,88.24,EarthLike
Kepler-818 b,Kepler-818,10.035385814,0.0892,0.0,,0.4184145,,793.0,93.54,5835.0,0.935,0.847,,-0.24,,Transit,2016.0,89.95,MiniNeptune
Kepler-295 b,Kepler-295,12.6450451,0.0987,0.0,,0.12936056,,741.0,71.28,5607.0,0.8,0.886,,-0.34,,Transit,2014.0,81.36,EarthLike
Kepler-154 e,Kepler-154,3.93276627,0.047,0.0,,0.13382127,,1140.0,399.84,5688.0,0.895,0.971,,-0.12,,Transit,2016.0,87.81,DesertWorld
Kepler-826 b,Kepler-826,4.48758907,0.0512,0.0,,0.07940062,,1043.0,279.55,5977.0,0.887,0.801,,-0.56,,Transit,2016.0,89.95,DesertWorld
Kepler-640 b,Kepler-640,22.24813967,0.1602,0.0,,0.24355471,,631.0,37.41,5749.0,1.104,0.991,,0.36,,Transit,2016.0,88.81,MiniNeptune
Kepler-1090 b,Kepler-1090,198.680179,0.619,0.0,,0.22392759,,288.0,1.63,5403.0,0.8,0.906,,-0.14,,Transit,2016.0,89.95,MiniNeptune
KOI-351 c,KOI-351,8.71980135,0.0854,0.0,,0.13649769,,987.0,224.47,5970.0,1.089,1.2,,0.1,,Transit,2013.0,88.84,DesertWorld
Kepler-362 b,Kepler-362,10.32738017,0.0864,0.0,,0.07493991,,739.0,70.33,5776.0,0.807,0.726,,-0.72,,Transit,2014.0,89.95,EarthLike
Kepler-1535 b,Kepler-1535,138.9442,0.5125,0.0,,0.17575193,,343.0,3.26,6049.0,0.928,0.845,,-0.46,,Transit,2016.0,89.95,SuperEarth
Kepler-808 b,Kepler-808,0.631332353,0.0116,0.0,,0.0981356,,1324.0,726.72,4441.0,0.526,0.53,,-0.98,,Transit,2016.0,88.24,DesertWorld
HD 110113 c,HD 110113,6.744,0.068,0.045,0.03303653,,,990.0,199.9,5732.0,0.997,0.968,,0.14,G,Radial Velocity,2021.0,,MiniNeptune
K2-315 b,K2-315,3.1443189,,,,0.08475332,,460.0,7.45,3300.0,0.174,0.196,-2.38722,-0.24,M(3.5+/-0.5) V,Transit,2020.0,88.74,EarthLike
Kepler-638 b,Kepler-638,6.07972888,0.0617,0.0,,0.28370109,,1221.0,524.78,5446.0,0.848,1.593,,-0.36,,Transit,2016.0,75.06,MiniNeptune
Kepler-282 d,Kepler-282,24.80568031,0.1648,0.0,,0.20519261,,624.0,35.94,6102.0,0.968,0.887,,-0.38,,Transit,2013.0,89.95,SuperEarth
Kepler-1904 b,Kepler-1904,4.57699384,0.0436,0.0,,0.12222342,,567.0,24.38,3805.0,0.526,0.497,,-0.1,,Transit,2021.0,89.95,EarthLike
Kepler-106 c,Kepler-106,13.57076622,0.1093,0.0,,0.20965332,,796.0,94.89,5881.0,0.944,1.029,,-0.16,,Transit,2014.0,89.95,SuperEarth
Kepler-1065 c,Kepler-1065,2.37030743,0.0344,0.0,,0.13917412,,1256.0,588.1,5668.0,0.963,0.868,,-0.02,,Transit,2016.0,87.66,DesertWorld
Kepler-170 b,Kepler-170,7.930583519,0.08,0.0,,0.27210324,,899.0,154.36,5674.0,1.086,1.032,,0.48,,Transit,2014.0,87.79,MiniNeptune
Kepler-1126 c,Kepler-1126,199.664537,0.6541,0.0,,0.13738983,,306.0,2.07,6106.0,0.935,0.844,,-0.5,,Transit,2023.0,89.95,EarthLike
Kepler-583 b,Kepler-583,6.51003001,0.0689,0.0,,0.24801541,,1017.0,253.24,5638.0,1.029,1.153,,0.32,,Transit,2016.0,89.91,MiniNeptune
Kepler-1529 b,Kepler-1529,5.33905686,0.0525,0.0,,0.17307551,,817.0,105.25,5057.0,0.676,0.704,,-0.44,,Transit,2016.0,89.95,DesertWorld
Kepler-1523 b,Kepler-1523,0.93875077,0.0189,0.0,,0.13828198,,1796.0,2457.37,5825.0,1.019,0.923,,0.02,,Transit,2016.0,88.81,DesertWorld
Kepler-244 b,Kepler-244,4.311780262,0.0511,0.0,,0.27745609,,1038.0,274.84,5527.0,0.956,0.927,,0.16,,Transit,2014.0,89.08,MiniNeptune
Kepler-1743 b,Kepler-1743,7.64972303,0.0814,0.0,,0.15880124,,1258.0,592.33,5720.0,1.23,2.024,,0.24,,Transit,2021.0,77.35,DesertWorld
TOI-3362 b,TOI-3362,18.09547,0.153,0.815,5.029,1.142,,,,6532.0,1.445,1.83,0.73878,0.017,,Transit,2021.0,89.14,GasGiant
Kepler-1425 b,Kepler-1425,14.4541302,0.1038,0.0,,0.0704792,,676.0,49.51,5559.0,0.714,0.79,,-0.64,,Transit,2016.0,85.37,EarthLike
GJ 9689 b,GJ 9689,18.27,0.1139,0.29,0.0303623,,,453.04,,3836.0,0.59,0.57,-1.2,0.05,M0.5,Radial Velocity,2020.0,,EarthLike
Kepler-1536 b,Kepler-1536,364.758031,0.8507,0.0,,0.26585825,,166.0,0.18,4386.0,0.616,0.63,,-0.26,,Transit,2016.0,89.38,MiniNeptune
Kepler-810 b,Kepler-810,4.59726613,0.055,0.0,,0.15077196,,1105.0,352.4,5999.0,1.045,0.959,,-0.06,,Transit,2016.0,89.85,DesertWorld
Kepler-410 A b,Kepler-410 A,17.83368211,0.1436,0.0,,0.22035902,,859.0,128.66,6325.0,1.242,1.361,,0.01,,Transit,2013.0,89.95,DesertWorld
KOI-351 e,KOI-351,91.9404603,0.3945,0.0,,0.20697689,,450.0,9.67,6238.0,0.967,1.054,,-0.4,,Transit,2013.0,89.95,SuperEarth
Kepler-600 b,Kepler-600,23.67517607,0.154,0.0,,0.25069184,,527.0,18.28,5302.0,0.875,0.783,,-0.06,,Transit,2016.0,88.24,MiniNeptune
Kepler-837 b,Kepler-837,16.56059504,0.1144,0.0,,0.24177042,,702.0,57.28,5818.0,0.727,0.855,,-0.82,,Transit,2016.0,88.24,MiniNeptune
Kepler-1748 b,Kepler-1748,5.82348911,0.0615,0.0,,0.26764253,,955.0,196.33,5774.0,0.916,0.864,,-0.22,,Transit,2021.0,85.35,MiniNeptune
Kepler-842 b,Kepler-842,1.21956827,0.0204,0.0,,0.1409584,,1264.0,604.11,4845.0,0.765,0.714,,-0.04,,Transit,2016.0,88.24,DesertWorld
Kepler-171 b,Kepler-171,4.166962173,0.0491,0.0,,0.21768259,,1024.0,259.58,5641.0,0.908,0.831,,-0.16,,Transit,2014.0,89.38,DesertWorld
Kepler-1528 b,Kepler-1528,1.791110205,0.0296,0.0,,0.12400771,,1548.0,1356.76,6040.0,1.07,0.999,,-0.02,,Transit,2016.0,87.66,DesertWorld
Kepler-285 b,Kepler-285,2.633857233,0.0359,0.0,,0.12489985,,1125.0,378.84,5400.0,0.895,0.801,,-0.06,,Transit,2014.0,88.81,DesertWorld
Kepler-296 e,Kepler-296,34.14189,0.1492,0.0,,0.09635131,,244.0,0.84,3517.0,0.38,0.37,,-0.07,,Transit,2014.0,89.95,EarthLike
Kepler-2001 b,Kepler-2001,1.090013327,0.0197,0.0,,0.0918906,,1417.0,953.68,5093.0,0.856,0.784,,0.12,,Transit,2023.0,86.52,DesertWorld
Kepler-603 b,Kepler-603,21.05358596,0.1484,0.0,,0.20965332,,650.0,42.09,5960.0,0.983,0.906,,-0.2,,Transit,2016.0,89.95,SuperEarth
iot Dra c,iot Dra,25000.0,19.4,0.455,15.6,,,,,4504.0,1.54,11.79,1.72247,0.03,K2 III,Radial Velocity,2022.0,86.0,GasGiant
Kepler-294 c,Kepler-294,6.62643441,0.0692,0.0,,0.22660401,,895.0,151.59,5616.0,1.006,0.903,,0.16,,Transit,2014.0,89.61,MiniNeptune
Kepler-838 b,Kepler-838,15.74957994,0.1266,0.0,,0.25426041,,774.0,84.8,6178.0,1.088,1.021,,-0.1,,Transit,2016.0,88.24,MiniNeptune
Kepler-1742 b,Kepler-1742,49.4781649,0.2583,0.0,,0.17396765,,462.0,10.75,5767.0,0.937,0.851,,-0.18,,Transit,2021.0,89.95,SuperEarth
Kepler-1930 b,Kepler-1930,13.02678441,0.1025,0.0,,0.14720339,,643.0,40.51,5083.0,0.844,0.844,,0.22,,Transit,2021.0,89.95,EarthLike
Kepler-701 b,Kepler-701,10.35533177,0.0895,0.0,,0.27567181,,777.0,86.22,5501.0,0.891,0.918,,0.02,,Transit,2016.0,85.94,MiniNeptune
Kepler-820 b,Kepler-820,127.8338098,0.5102,0.0,,0.67535133,,498.0,14.54,6205.0,1.084,1.689,,-0.28,,Transit,2016.0,89.95,GasGiant
Kepler-607 b,Kepler-607,0.638163204,0.0135,0.0,,0.08832204,,1876.0,2928.31,5244.0,0.808,0.888,,0.02,,Transit,2016.0,85.94,LavaWorld
Kepler-1531 b,Kepler-1531,1.138548215,0.022,0.0,,0.12936056,,2537.0,9805.45,6520.0,1.094,1.713,,-0.5,,Transit,2016.0,81.07,LavaWorld
KOI-351 f,KOI-351,124.922516,0.5036,0.0,,0.30065178,,407.0,6.45,5970.0,1.089,1.2,,0.1,,Transit,2013.0,88.33,MiniNeptune
Kepler-1624 b,Kepler-1624,3.290304518,0.0238,0.0,,0.20251618,,399.0,6.01,3212.0,0.165,0.189,,0.0,,Transit,2016.0,89.95,SuperEarth
Kepler-1532 b,Kepler-1532,1.093663559,0.0205,0.0,,0.12043914,,1676.0,1864.25,5835.0,0.963,0.869,,-0.16,,Transit,2016.0,85.37,DesertWorld
Kepler-1093 c,Kepler-1093,89.722292,0.394,0.0,,0.18556549,,508.0,15.69,6429.0,1.011,1.262,,-0.46,,Transit,2016.0,89.38,SuperEarth
Kepler-707 b,Kepler-707,2.237489571,0.0325,0.0,,0.12579199,,1160.0,427.17,5265.0,0.91,0.81,,0.14,,Transit,2016.0,89.23,DesertWorld
Kepler-354 c,Kepler-354,16.9347748,0.115,0.0,,0.11865486,,508.0,15.77,4650.0,0.704,0.706,,-0.04,,Transit,2014.0,89.38,EarthLike
Kepler-819 b,Kepler-819,33.1995648,0.1899,0.0,,0.2283883,,468.0,11.37,5307.0,0.83,0.76,,-0.18,,Transit,2016.0,89.95,MiniNeptune
Kepler-1708 b,Kepler-1708,737.1131,1.64,0.4,4.6,0.88857321,,,0.561,6157.0,1.088,1.117,0.182,0.0,,Transit,2021.0,,GasGiant
Kepler-288 c,Kepler-288,19.30577159,0.1375,0.0,,0.27031896,,728.0,66.23,5918.0,0.931,1.068,,-0.22,,Transit,2014.0,89.95,MiniNeptune
Kepler-58 b,Kepler-58,10.21864532,0.0927,0.0,,0.20786903,,920.0,169.13,6100.0,1.017,1.083,,-0.12,,Transit,2012.0,88.76,DesertWorld
Kepler-1931 b,Kepler-1931,38.5752965,0.2322,0.0,,0.17485979,,702.0,57.46,6478.0,1.119,1.402,,-0.28,,Transit,2021.0,89.38,SuperEarth
Kepler-242 b,Kepler-242,8.2039687,0.0735,0.0,,0.2712111,,742.0,71.5,5015.0,0.785,0.826,,0.1,,Transit,2014.0,86.52,MiniNeptune
Kepler-498 b,Kepler-498,9.61375356,0.0897,0.0,,0.30868106,,931.0,177.26,5997.0,1.037,1.11,,0.02,,Transit,2016.0,85.94,MiniNeptune
Kepler-154 b,Kepler-154,33.0405635,0.1957,0.0,,0.17575193,,540.0,20.1,5937.0,0.916,0.832,,-0.4,,Transit,2014.0,89.95,SuperEarth
GJ 3929 c,GJ 3929,15.04,0.081,0.0,0.01796567,,,317.0,1.68,3384.0,0.313,0.32,-1.96257,-0.02,,Radial Velocity,2022.0,,EarthLike
Kepler-1705 c,Kepler-1705,11.28,,0.028,0.01705323,0.18288907,3.528714,,,6312.0,1.139,1.259,0.35411,-0.2,,Transit,2021.0,88.89,SuperEarth
Kepler-805 b,Kepler-805,30.8639476,0.1978,0.0,,0.26853468,,743.0,72.05,5977.0,1.081,1.571,,-0.04,,Transit,2016.0,85.76,MiniNeptune
Kepler-1454 b,Kepler-1454,47.0319479,0.2393,0.0,,0.1516641,,437.0,8.62,5544.0,0.824,0.764,,-0.36,,Transit,2016.0,89.38,EarthLike
Kepler-1697 b,Kepler-1697,33.4976313,0.2008,0.0,,0.1900262,,630.0,37.3,4928.0,0.962,1.688,,0.48,,Transit,2020.0,89.95,SuperEarth
Kepler-1926 b,Kepler-1926,42.8774173,0.2197,0.0,,0.24712327,,451.0,9.8,5256.0,0.768,0.832,,-0.16,,Transit,2021.0,89.95,MiniNeptune
Kepler-1073 c,Kepler-1073,4.02582434,0.0483,0.0,,0.15969338,,1169.0,440.08,5509.0,0.924,1.116,,0.16,,Transit,2016.0,89.92,DesertWorld
Kepler-205 b,Kepler-205,2.755637216,0.0319,0.0,,0.12222342,,757.0,77.57,4121.0,0.57,0.553,,-0.34,,Transit,2014.0,85.06,EarthLike
Kepler-460 c,KIC 5437945,220.1303357,0.721,0.0,,0.54420649,,389.0,5.4,6340.0,1.031,1.393,,-0.38,,Transit,2016.0,89.95,GasGiant
Kepler-806 b,Kepler-806,8.09219642,0.0786,0.0,,0.16593837,,1235.0,549.98,5662.0,0.989,1.922,,-0.38,,Transit,2016.0,79.64,DesertWorld
Kepler-389 c,Kepler-389,14.5123099,0.1092,0.0,,0.12936056,,636.0,38.75,5380.0,0.823,0.785,,-0.2,,Transit,2014.0,89.95,EarthLike
Kepler-1699 b,Kepler-1699,3.49078834,0.0417,0.0,,0.12579199,,1013.0,249.21,5513.0,0.791,0.724,,-0.48,,Transit,2020.0,88.81,DesertWorld
GJ 3473 c,GJ 3473,15.509,0.0876,0.0,0.02331435,,,329.1,1.95,3347.0,0.36,0.364,-1.82391,0.11,,Radial Velocity,2020.0,,EarthLike
K2-321 b,K2-321,2.2979749,0.02839,0.44,,0.183,,830.0,,3750.0,0.578,0.595,-1.20066,0.148,,Transit,2020.0,86.1,DesertWorld
Kepler-1530 c,Kepler-1530,5.3227406,0.06,0.0,,0.21411403,,1167.0,438.71,5678.0,1.015,1.303,,0.2,,Transit,2016.0,89.95,DesertWorld
Kepler-824 b,Kepler-824,4.51436633,0.0568,0.0,,0.16772265,,1266.0,607.73,6235.0,1.199,1.204,,0.12,,Transit,2016.0,89.38,DesertWorld
Kepler-206 c,Kepler-206,13.13745719,0.1084,0.0,,0.14006626,,795.0,94.33,5762.0,0.981,1.06,,0.06,,Transit,2014.0,89.38,EarthLike
HD 108236 b,HD 108236,3.79523,0.0469,0.2,,0.1415,,1099.0,,5730.0,0.97,0.888,,-0.3,G3 V,Transit,2020.0,87.88,DesertWorld
Kepler-804 b,Kepler-804,14.37457572,0.1137,0.0,,0.17307551,,779.0,87.24,5768.0,0.946,1.067,,-0.04,,Transit,2016.0,89.91,SuperEarth
KOI-1599.02,KOI-1599,13.6164547,0.1125,0.0,,1.98858403,,755.0,76.81,5823.0,1.02,0.972,,0.06,,Transit,2019.0,74.91,GasGiant
Kepler-463 b,Kepler-463,8.981016833,0.0797,0.0,,0.44161018,,1060.0,298.93,5613.0,0.837,1.462,,-0.4,,Transit,2016.0,89.38,MiniNeptune
Kepler-557 b,Kepler-557,3.705989551,0.0469,0.0,,0.21411403,,1281.0,637.42,6187.0,0.997,1.034,,-0.26,,Transit,2016.0,85.37,DesertWorld
Kepler-602 b,Kepler-602,15.28469497,0.1231,0.0,,0.16415409,,773.0,84.23,6170.0,1.063,0.992,,-0.16,,Transit,2016.0,88.81,SuperEarth
Kepler-1530 b,Kepler-1530,2.5904434,0.0371,0.0,,0.21500617,,1484.0,1147.44,5678.0,1.015,1.303,,0.2,,Transit,2016.0,89.38,DesertWorld
Kepler-1073 d,Kepler-1073,2.50475282,0.0352,0.0,,0.13203698,,1369.0,828.59,5509.0,0.924,1.116,,0.16,,Transit,2021.0,89.08,DesertWorld
Kepler-825 b,Kepler-825,3.77359871,0.0453,0.0,,0.11508629,,1270.0,614.52,6224.0,0.868,0.969,,-0.72,,Transit,2016.0,90.0,DesertWorld
Kepler-1530 d,Kepler-1530,9.2075634,0.0865,0.0,,0.49067798,,972.0,211.08,5678.0,1.015,1.303,,0.2,,Transit,2021.0,85.3,MiniNeptune
KOI-351 b,KOI-351,7.00828076,0.0709,0.0,,0.1025963,,1061.0,299.49,6238.0,0.967,1.054,,-0.4,,Transit,2013.0,89.95,DesertWorld
Kepler-283 b,Kepler-283,11.00815926,0.0884,0.0,,0.28994608,,653.0,43.04,5189.0,0.76,0.72,,-0.37,,Transit,2014.0,87.66,MiniNeptune
HD 108236 e,HD 108236,19.5917,0.14,0.2,,0.279,,636.0,,5730.0,0.97,0.888,,-0.3,G3 V,Transit,2020.0,89.32,MiniNeptune
TOI-1233.01,HD 108236,14.17555,0.1131,0.17,,0.2423,,708.0,,5730.0,0.97,0.888,,-0.3,G3 V,Transit,2021.0,89.22,MiniNeptune
HD 108236 c,HD 108236,6.2037,0.0651,0.18,,0.1845,,932.0,,5730.0,0.97,0.888,,-0.3,G3 V,Transit,2020.0,88.72,DesertWorld
WASP-187 b,WASP-187,5.147878,0.0653,0.0,0.8,1.64,0.224,,,6150.0,1.54,2.83,,0.0,F,Transit,2020.0,,GasGiant
Kepler-529 d,Kepler-529,35.8656484,0.2134,0.0,,0.21768259,,633.0,37.92,6078.0,1.005,1.189,,-0.16,,Transit,2021.0,85.14,SuperEarth
Kepler-822 b,Kepler-822,3.222975318,0.0412,0.0,,0.13114484,,1239.0,558.65,5823.0,0.899,0.96,,-0.24,,Transit,2016.0,87.67,DesertWorld
Kepler-705 b,Kepler-705,56.0560754,0.228,0.0,,0.17307551,,233.0,0.69,3593.0,0.503,0.491,,0.26,,Transit,2016.0,89.99,SuperEarth
Kepler-821 b,Kepler-821,1.92279873,0.0282,0.0,,0.11151772,,1194.0,481.04,5155.0,0.808,0.778,,-0.06,,Transit,2016.0,88.81,DesertWorld
Kepler-207 d,Kepler-207,5.868066282,0.0674,0.0,,0.32117104,,1254.0,584.32,5918.0,1.181,1.555,,0.21,,Transit,2014.0,83.38,MiniNeptune
TOI-411 b,HD 22946,4.040295,0.05727,,0.04313648,0.12150971,18.96,1241.0,495.139,6169.0,1.098,1.117,,-0.08,,Transit,2022.0,,MiniNeptune
Kepler-1533 b,Kepler-1533,308.5471,0.9191,0.0,,0.21054546,,298.0,1.86,6363.0,1.083,1.035,,-0.26,,Transit,2016.0,89.95,SuperEarth
WASP-186 b,WASP-186,5.026799,0.06,0.33,4.22,1.11,3.821,,,6361.0,1.22,1.47,,-0.08,F,Transit,2020.0,,GasGiant
TOI-544 b,TOI-544,1.548352,0.0225,0.0,0.00909296,0.18003421,1.93,999.0,,4169.0,0.631,0.623,,-0.17,,Transit,2022.0,,DesertWorld
Kepler-361 b,Kepler-361,8.48651582,0.0838,0.0,,0.119547,,1060.0,298.03,6178.0,1.085,1.267,,-0.04,,Transit,2014.0,89.96,DesertWorld
Kepler-1350 c,Kepler-1350,1.766789062,0.0222,0.0,,0.13203698,,730.0,66.95,3698.0,0.465,0.444,,-0.2,,Transit,2016.0,89.38,EarthLike
Kepler-823 b,Kepler-823,4.16809082,0.0523,0.0,,0.17396765,,1204.0,496.73,5739.0,1.096,1.183,,0.4,,Transit,2016.0,89.38,DesertWorld
TOI-251 b,TOI-251,4.93777,0.05741,0.0,1.0,0.24444643,,,,5875.0,1.036,0.881,-0.0804,-0.106,,Transit,2021.0,87.52,GasGiant
TOI-411 c,HD 22946,9.573096,0.0939,0.16,,0.24444685,,1033.0,,6040.0,1.104,1.157,,-0.14,F7/F8V,Transit,2022.0,88.57,MiniNeptune
Kepler-1086 c,Kepler-1086,161.5163345,0.4964,0.0,,0.24444685,,203.0,0.4,4137.0,0.624,0.612,,0.0,,Transit,2016.0,89.95,MiniNeptune
Kepler-815 b,Kepler-815,8.57503552,0.0905,0.0,,0.39521881,,1394.0,893.72,5048.0,1.345,3.549,,-0.03,,Transit,2016.0,89.95,MiniNeptune
Kepler-1899 b,Kepler-1899,4.09578199,0.0457,0.0,,0.14631125,,851.0,124.3,4791.0,0.759,0.742,,0.07,,Transit,2021.0,86.6,DesertWorld
Kepler-1700 b,Kepler-1700,234.244257,0.8017,0.0,,0.28013252,,335.0,2.99,6299.0,1.249,1.167,,0.21,,Transit,2020.0,88.81,MiniNeptune
Kepler-1929 b,Kepler-1929,59.3627199,0.354,0.0,,0.54063792,,876.0,139.22,5897.0,1.675,4.015,,-0.16,,Transit,2021.0,89.95,GasGiant
Kepler-352 d,Kepler-352,6.88729828,0.0665,0.0,,0.05888136,,777.0,86.15,5238.0,0.836,0.752,,-0.16,,Transit,2021.0,89.38,EarthLike
GJ 338 B b,GJ 338 B,24.45,0.141,0.11,0.03231287,,,391.0,,4005.0,0.64,0.58,-1.10127,-0.03,M0.0 V,Radial Velocity,2020.0,,MiniNeptune
Kepler-297 b,Kepler-297,38.86848956,0.2125,0.0,,0.25069184,,509.0,15.89,5618.0,0.846,0.897,,-0.22,,Transit,2014.0,89.97,MiniNeptune
COCONUTS-2 b,COCONUTS-2 A,402000000.0,7506.0,,6.3,1.11,,434.0,,3406.0,0.37,0.388,-1.732,0.0,M3 V,Imaging,2021.0,,GasGiant
Kepler-832 b,Kepler-832,7.1396941,0.075,0.0,,0.20786903,,965.0,205.23,6014.0,1.101,0.993,,0.07,,Transit,2016.0,89.95,DesertWorld
Kepler-836 b,Kepler-836,11.36112327,0.1016,0.0,,0.239094,,871.0,136.31,6244.0,1.079,1.017,,-0.18,,Transit,2016.0,87.09,MiniNeptune
Kepler-1524 b,Kepler-1524,70.9674603,0.3212,0.0,,0.25515255,,460.0,10.55,5900.0,0.876,1.002,,-0.36,,Transit,2016.0,89.95,MiniNeptune
Kepler-709 b,Kepler-709,16.08524954,0.1173,0.0,,0.28459323,,613.0,33.43,5239.0,0.83,0.826,,0.0,,Transit,2016.0,89.95,MiniNeptune
TOI-2202 c,TOI-2202,24.6744,0.15544,0.0622,0.369,,,,,5144.0,0.823,0.794,-0.40121,0.04,K8 V,Transit Timing Variations,2021.0,84.7,GasGiant
Kepler-1409 b,Kepler-1409,0.764864926,0.0152,0.0,,0.0981356,,1736.0,2145.14,5231.0,0.808,0.86,,0.0,,Transit,2016.0,85.37,DesertWorld
Kepler-204 b,Kepler-204,14.40090414,0.1149,0.0,,0.24177042,,828.0,111.24,5815.0,0.976,1.198,,-0.02,,Transit,2014.0,86.44,MiniNeptune
Kepler-152 b,Kepler-152,18.20795693,0.1277,0.0,,0.27567181,,567.0,24.37,5262.0,0.846,0.761,,-0.14,,Transit,2014.0,89.38,MiniNeptune
Kepler-1129 c,Kepler-1129,76.5369586,0.3502,0.0,,0.24533899,,471.0,11.62,6240.0,0.975,1.025,,-0.38,,Transit,2016.0,89.95,MiniNeptune
Kepler-704 b,Kepler-704,3.76182115,0.047,0.0,,0.23106472,,1120.0,372.62,5653.0,0.974,0.949,,0.1,,Transit,2016.0,79.07,MiniNeptune
Kepler-57 b,Kepler-57,5.729317577,0.06,0.0,,0.21500617,,850.0,123.03,5320.0,0.882,0.786,,-0.06,,Transit,2012.0,88.9,DesertWorld
Kepler-814 b,Kepler-814,6.1469851,0.0676,0.0,,0.15880124,,1093.0,337.87,6341.0,1.083,1.033,,-0.24,,Transit,2016.0,85.37,DesertWorld
Kepler-287 c,Kepler-287,44.8521071,0.2428,0.0,,0.31224962,,522.0,17.59,5800.0,0.947,1.012,,-0.08,,Transit,2014.0,88.81,MiniNeptune
Kepler-811 b,Kepler-811,23.58447697,0.1612,0.0,,0.18467335,,635.0,38.49,5973.0,1.005,0.937,,-0.14,,Transit,2016.0,88.81,SuperEarth
Kepler-833 b,Kepler-833,18.7546998,0.1139,0.0,,0.15612481,,382.0,5.03,3977.0,0.56,0.54,,-0.2,,Transit,2016.0,89.95,EarthLike
Kepler-1801 c,Kepler-1801,116.582614,0.4572,0.0,,0.30600463,,371.0,4.47,5738.0,0.936,0.981,,-0.06,,Transit,2023.0,89.95,MiniNeptune
Kepler-196 b,Kepler-196,20.73991798,0.1441,0.0,,0.32830818,,756.0,77.37,5313.0,0.926,1.501,,0.12,,Transit,2014.0,89.95,MiniNeptune
Kepler-1749 b,Kepler-1749,14.53410194,0.0978,0.0,,0.12311557,,428.0,7.96,4023.0,0.59,0.57,,-0.11,,Transit,2021.0,88.81,EarthLike
Kepler-584 b,Kepler-584,35.18105723,0.2281,0.0,,0.37202312,,664.0,45.89,6520.0,1.279,1.215,,0.07,,Transit,2016.0,88.18,MiniNeptune
Kepler-641 b,Kepler-641,9.48961571,0.0879,0.0,,0.18021264,,926.0,173.79,5672.0,1.005,1.204,,0.2,,Transit,2016.0,88.24,DesertWorld
Kepler-1520 b,Kepler-1520,0.653553572,0.0129,0.0,,0.47461943,,1436.0,1004.07,4550.0,0.666,0.66,,-0.18,,Transit,2016.0,66.46,MiniNeptune
GJ 720 A b,GJ 720 A,19.466,0.119,0.12,0.04291624,,,401.0,,3837.0,0.57,0.56,-1.217,-0.14,M0.5 V,Radial Velocity,2021.0,,MiniNeptune
Kepler-1932 b,Kepler-1932,0.524176094,0.0126,0.0,,0.12668413,,2045.0,4133.52,5396.0,0.978,0.93,,0.4,,Transit,2021.0,88.81,LavaWorld
Kepler-812 b,Kepler-812,10.11716531,0.1021,0.0,,0.2819168,,1228.0,538.23,7138.0,1.393,1.554,,-0.2,,Transit,2016.0,83.08,MiniNeptune
Kepler-286 b,Kepler-286,1.796324389,0.0289,0.0,,0.12222342,,1476.0,1122.23,5970.0,0.996,0.908,,-0.18,,Transit,2014.0,88.24,DesertWorld
G 264-012 b,G 264-012,2.30538,0.02279,,0.00786588,,,587.0,20.5,3326.0,0.297,0.305,-1.97224,0.1,M4.0 V,Radial Velocity,2021.0,,EarthLike
Kepler-439 b,Kepler-439,178.140456,0.5886,0.0,,0.20786903,,284.0,1.54,5592.0,0.856,0.782,,-0.3,,Transit,2015.0,89.38,SuperEarth
Kepler-802 b,Kepler-802,40.05881661,0.2265,0.0,,0.30600463,,489.0,13.57,5668.0,0.963,0.868,,-0.02,,Transit,2016.0,88.65,MiniNeptune
Kepler-1933 b,Kepler-1933,4.94330596,0.0561,0.0,,0.12579199,,1058.0,296.74,5661.0,0.964,1.008,,0.1,,Transit,2021.0,79.91,DesertWorld
Kepler-243 b,Kepler-243,5.715425977,0.0611,0.0,,0.22035902,,850.0,123.03,5237.0,0.927,0.826,,0.24,,Transit,2014.0,88.81,DesertWorld
Kepler-803 b,Kepler-803,50.28635977,0.2678,0.0,,0.34615101,,543.0,20.59,5900.0,1.012,1.167,,0.0,,Transit,2016.0,89.98,MiniNeptune
Kepler-700 b,Kepler-700,80.8720639,0.3369,0.0,,0.42198306,,376.0,4.74,5665.0,0.779,0.764,,-0.58,,Transit,2016.0,89.38,MiniNeptune
KIC 5437945 b,KIC 5437945,440.7843755,1.1455,0.0,,0.64501851,,308.0,2.14,6340.0,1.031,1.393,,-0.38,,Transit,2015.0,89.84,GasGiant
Kepler-1538 b,Kepler-1538,175.13892,0.6095,0.0,,0.27299538,,346.0,3.39,5497.0,0.981,1.241,,0.32,,Transit,2016.0,89.97,MiniNeptune
Kepler-1928 b,Kepler-1928,19.5777657,0.1366,0.0,,0.21500617,,755.0,76.71,5839.0,0.887,1.173,,-0.28,,Transit,2021.0,89.95,SuperEarth
TOI-715 b,TOI-715,19.288004,0.083,,,0.13828198,,234.0,0.67,3075.0,0.225,0.24,,-0.25,M4,Transit,2023.0,89.856,EarthLike
Kepler-843 b,Kepler-843,2.05388477,0.0313,0.0,,0.24444685,,1523.0,1271.11,5632.0,0.965,1.176,,0.14,,Transit,2016.0,87.74,MiniNeptune
Kepler-1625 b,Kepler-1625,287.378949,0.811,0.0,,0.48175656,,253.0,0.97,5645.0,0.861,0.838,,-0.26,,Transit,2016.0,89.95,MiniNeptune
Kepler-28 b,Kepler-28,5.912273234,0.0537,0.0,,0.15434053,,585.0,27.72,4072.0,0.586,0.57,,-0.18,,Transit,2011.0,89.51,EarthLike
TOI-1338 b,TOI-1338 A,95.174,0.4607,0.088,0.10382909,0.61111607,0.56,,,6050.0,1.127,1.331,,0.01,,Transit,2020.0,89.37,GasGiant
Kepler-835 b,Kepler-835,11.41911886,0.107,0.0,,0.29619107,,921.0,170.33,6311.0,1.253,1.172,,0.21,,Transit,2016.0,81.99,MiniNeptune
Kepler-639 b,Kepler-639,10.21420496,0.0915,0.0,,0.19359477,,929.0,176.4,5850.0,0.98,1.187,,-0.04,,Transit,2016.0,87.09,DesertWorld
Kepler-816 b,Kepler-816,10.506825646,0.0893,0.0,,0.83950542,,669.0,47.48,5122.0,0.859,0.784,,0.1,,Transit,2016.0,89.95,GasGiant
Kepler-1667 b,Kepler-1667,83.5783259,0.386,0.0,,0.33722959,,520.0,17.31,6190.0,1.094,1.401,,-0.1,,Transit,2020.0,89.38,MiniNeptune
Kepler-1085 b,Kepler-1085,219.3217528,0.7391,0.0,,0.57364716,,313.0,2.27,6063.0,1.117,1.012,,0.07,,Transit,2016.0,89.95,GasGiant
KOI-1783.02,KOI-1783,284.063137,0.8453,0.0,,0.56740217,,321.0,2.51,5791.0,0.996,1.336,,0.02,,Transit,2020.0,89.65,GasGiant
Kepler-1537 b,Kepler-1537,1.444453798,0.0245,0.0,,0.19627119,,1800.0,2479.44,5305.0,0.939,1.449,,0.24,,Transit,2016.0,87.66,DesertWorld
Kepler-1540 b,Kepler-1540,125.4131177,0.4198,0.0,,0.20519261,,238.0,0.75,4366.0,0.628,0.639,,-0.18,,Transit,2016.0,89.95,SuperEarth
Kepler-813 b,Kepler-813,19.12947337,0.1424,0.0,,0.20251618,,698.0,56.04,6061.0,1.05,0.97,,-0.1,,Transit,2016.0,88.81,SuperEarth
WASP-110 b,WASP-110,3.7784022,,,0.487,1.177,0.396533,1158.0,279.0,5392.0,0.814,0.853,,-0.15,,Transit,2021.0,88.37,HotJupiter
Kepler-834 b,Kepler-834,13.32388301,0.0862,0.0,,0.12043914,,378.0,4.82,3750.0,0.48,0.45,,-0.23,,Transit,2016.0,89.38,EarthLike
Kepler-365 c,Kepler-365,17.7835598,0.1351,0.0,,0.14541911,,732.0,67.91,6011.0,1.035,1.03,,-0.04,,Transit,2014.0,89.38,EarthLike
Kepler-245 b,Kepler-245,7.49018305,0.0703,0.0,,0.2283883,,753.0,76.06,5103.0,0.823,0.787,,0.04,,Transit,2014.0,89.95,MiniNeptune
G 264-012 c,G 264-012,8.0518,0.0525,,0.01179882,,,387.0,3.87,3326.0,0.297,0.305,-1.97224,0.1,M4.0 V,Radial Velocity,2021.0,,EarthLike
HD 211403 b,HD 211403,223.8,0.768,0.084,5.54,,,380.0,3.44,6273.0,1.2,1.206,,0.18,F7 V,Radial Velocity,2021.0,,GasGiant
HD 109286 b,HD 109286,520.1,1.259,0.338,2.99,,,259.4,0.709,5694.0,0.98,1.089,,0.05,G4 V,Radial Velocity,2021.0,,GasGiant
HD 27969 b,HD 27969,654.5,1.552,0.182,4.8,,,261.0,0.76,5966.0,1.16,1.27,,0.18,G0 V,Radial Velocity,2021.0,,GasGiant
HD 80869 b,HD 80869,1711.7,2.878,0.862,4.86,,,203.2,0.142,5837.0,1.08,1.062,,0.17,G1 V,Radial Velocity,2021.0,,GasGiant
HD 95544 b,HD 95544,2172.0,3.386,0.043,6.84,,,156.5,0.1,5722.0,1.09,1.088,,0.11,G3 V,Radial Velocity,2021.0,,GasGiant
HD 115954 b,HD 115954,3700.0,5.0,0.487,8.29,,,144.9,0.064,5957.0,1.18,1.213,,0.34,G0 V,Radial Velocity,2021.0,,GasGiant
Kepler-1539 b,Kepler-1539,133.303247,0.4765,0.0,,0.23820186,,301.0,1.94,5064.0,0.811,0.864,,0.18,,Transit,2016.0,89.97,MiniNeptune
GJ 393 b,GJ 393,7.02679,0.05402,,0.00538026,,,485.0,9.21,3579.0,0.426,0.426,-1.57073,-0.09,M2.0 V,Radial Velocity,2021.0,,EarthLike
TOI-1062 c,TOI-1062,7.972,0.08,0.14,0.03077132,,,859.0,95.0,5328.0,0.94,0.84,,0.14,G9 V,Radial Velocity,2021.0,,DesertWorld
HD 207832 b,HD 207832,160.07,0.586,0.197,0.56,,,,,5726.0,1.05,0.89,-0.11,0.14,G5 V,Radial Velocity,2012.0,,GasGiant
HD 113538 b,HD 113538,263.3,0.71,0.61,0.27,,,,,4685.0,0.7,0.65,-1.04576,-0.17,K9 V,Radial Velocity,2010.0,,GasGiant
K2-150 b,K2-150,10.59357,0.0727,,,0.17842805,,,4.9,3499.0,0.457,0.436,-1.58503,0.09,M2.5 V,Transit,2018.0,,SuperEarth
GJ 3998 d,GJ 3998,41.78,0.189,0.0,0.01909836,,,,1.2,3726.0,0.52,0.5,-1.358,-0.13,,Radial Velocity,2025.0,,
HD 11506 c,HD 11506,223.6,0.721,0.24,0.36,,,,,6055.0,1.24,1.33,0.328,0.29,G0 V,Radial Velocity,2008.0,,GasGiant
BD+05 4868 A b,BD+05 4868 A,1.271869,0.0208,,0.01950738,,,1820.0,,4596.0,0.7,0.69,-0.7167,-0.05,K V,Transit,2025.0,,LavaWorld
K2-149 b,K2-149,11.332,0.083,,,0.146311,,,7.0,3745.0,0.595,0.568,-1.3098,0.11,M1.0 V,Transit,2018.0,,EarthLike
HD 113538 c,HD 113538,1657.0,2.43,0.32,0.71,,,,,4685.0,0.7,0.65,-1.04576,-0.17,K9 V,Radial Velocity,2010.0,,GasGiant
K2-152 b,K2-152,32.6527,0.1735,,,0.25069141,,,2.9,3940.0,0.654,0.631,-1.06048,0.09,M0.0 V,Transit,2018.0,,MiniNeptune
HD 11506 b,HD 11506,1627.5,2.708,0.37,4.21,,,,,6055.0,1.24,1.33,0.328,0.29,G0 V,Radial Velocity,2007.0,,GasGiant
TYC 3667-1280-1 b,TYC 3667-1280-1,26.468,0.21,0.036,5.4,,,1350.0,,5130.0,1.87,6.26,1.38,-0.08,,Radial Velocity,2016.0,,HotJupiter
TOI-444 b,TOI-444,17.9636,0.133,,,0.24712327,,609.0,,5225.0,0.96,0.779,,0.08,K1/2 V,Transit,2023.0,89.647,MiniNeptune
KOI-55 b,KOI-55,0.240104,0.006,,0.0014,0.0677,,,,27730.0,0.496,0.203,1.36,,B,Orbital Brightness Modulation,2011.0,65.0,EarthLike
NGC 2682 Sand 1429 b,NGC 2682 Sand 1429,77.48,0.384,0.0,1.8,,,683.0,,6000.0,1.26,2.13,,-0.013,F9.5 V,Radial Velocity,2024.0,,GasGiant
GJ 849 b,GJ 849,1925.31,2.32,0.029,0.893,,,,,3467.0,0.45,0.45,-1.59,0.09,M3.5,Radial Velocity,2006.0,,GasGiant
KOI-55 c,KOI-55,0.342887,0.0076,,0.0021,0.0773,,,,27730.0,0.496,0.203,1.36,,B,Orbital Brightness Modulation,2011.0,65.0,EarthLike
HD 219415 b,HD 219415,2093.3,3.2,0.4,1.0,,,,,4820.0,1.0,2.9,0.62,-0.04,K0 III,Radial Velocity,2012.0,,GasGiant
HS Psc b,HS Psc,3.986,0.0435,0.27,1.46,,,,,4203.0,0.69,0.65,-0.91364,-0.05,K7 V,Radial Velocity,2024.0,,GasGiant
K2-153 b,K2-153,7.51554,0.0601,,,0.17842805,,,11.8,3720.0,0.512,0.495,-1.36653,-0.26,M3.0 V,Transit,2018.0,,SuperEarth
BD+20 274 b,BD+20 274,578.2,1.3,0.21,4.2,,,,,4296.0,0.8,17.3,1.96,-0.46,K5 III,Radial Velocity,2012.0,,GasGiant
K2-154 b,K2-154,3.67635,0.0408,,,0.19894727,,,57.5,3978.0,0.672,0.649,-1.01773,0.19,M0.0 V,Transit,2018.0,,SuperEarth
GJ 179 b,GJ 179,2288.0,2.41,0.21,0.82,,,,,3370.0,0.357,0.38,-1.796,0.3,M3.5 V,Radial Velocity,2009.0,,GasGiant
GJ 849 c,GJ 849,5990.0,4.95,0.092,0.99,,,,,3467.0,0.45,0.45,-1.59,0.09,M3.5,Radial Velocity,2014.0,,GasGiant
K2-154 c,K2-154,7.95478,0.0683,,,0.18734945,,,20.5,3978.0,0.672,0.649,-1.01773,0.19,M0.0 V,Transit,2018.0,,SuperEarth
HD 109749 b,HD 109749,5.239891,0.0615,0.0,0.27,,,,,5824.0,1.13,1.22,0.19,0.24,G3 V,Radial Velocity,2005.0,,GasGiant
HIP 67851 b,HIP 67851,88.9,0.46,0.05,1.38,,,,,4890.0,1.63,5.92,1.244,0.0,K0 III,Radial Velocity,2015.0,,GasGiant
HD 158996 b,HD 158996,820.2,2.1,0.13,14.0,,,,,4069.0,1.8,50.3,3.01481,-0.2,K5 III,Radial Velocity,2018.0,,GasGiant
CoRoT-7 c,CoRoT-7,3.698,0.046,0.0,0.02642922,,,,,5256.0,0.899,0.864273,-0.28938,0.06,,Radial Velocity,2009.0,80.0,
HD 33844 b,HD 33844,551.4,1.6,0.15,1.96,,,,,4861.0,1.78,5.29,1.14922,0.27,K0 III,Radial Velocity,2015.0,,GasGiant
HD 360 b,HD 360,273.1,0.98,0.139,0.75,,,,,4770.0,1.69,10.86,1.74162,-0.06,G8 III,Radial Velocity,2021.0,,GasGiant
HD 10975 b,HD 10975,283.8,0.95,0.442,0.45,,,,,4840.0,1.41,11.16,1.78986,-0.21,K0 III,Radial Velocity,2021.0,,GasGiant
HD 79181 b,HD 79181,273.1,0.9,0.259,0.64,,,,,4862.0,1.28,11.06,1.78965,-0.28,G8 III,Radial Velocity,2021.0,,GasGiant
HD 33844 c,HD 33844,916.0,2.24,0.13,1.75,,,,,4861.0,1.78,5.29,1.14922,0.27,K0 III,Radial Velocity,2015.0,,GasGiant
Kepler-453 b,Kepler-453,240.503,0.7903,0.0359,0.05034138,0.55348381,,,,5527.0,0.944,0.833,,0.09,,Transit,2015.0,89.4429,GasGiant
HD 55696 b,HD 55696,1827.0,3.18,0.705,3.87,,,,,6012.0,1.29,1.52,0.43,0.37,G0 V,Radial Velocity,2018.0,,GasGiant
HD 148164 b,HD 148164,328.55,0.993,0.587,1.23,,,,,6032.0,1.21,1.34,0.33,0.24,F8,Radial Velocity,2018.0,,GasGiant
HD 148164 c,HD 148164,5062.0,6.15,0.125,5.16,,,,,6032.0,1.21,1.34,0.33,0.24,F8,Radial Velocity,2018.0,,GasGiant
HD 211810 b,HD 211810,1558.0,2.656,0.68,0.67,,,,,5652.0,1.03,1.13,0.07,0.17,G5,Radial Velocity,2018.0,,GasGiant
HD 75784 c,HD 75784,3878.0,5.22,0.266,4.5,,,,,4867.0,1.26,3.4,0.77,0.28,G5,Radial Velocity,2018.0,,GasGiant
TIC 365102760 b,TIC 365102760,4.21285367,0.0622,0.406,0.06040996,0.55402005,0.437,,,4900.0,1.17,3.13,,0.09,,Transit,2024.0,,GasGiant
HD 134987 b,HD 134987,258.19,0.81,0.233,1.59,,,,,5585.0,1.1,1.25,0.25527,0.28,G5 V,Radial Velocity,1999.0,,GasGiant
HD 99283 b,HD 99283,310.4,1.08,0.2,0.97,,,,,4886.0,1.76,11.21,1.80963,-0.16,K0 III,Radial Velocity,2021.0,,GasGiant
HD 219134 g,HD 219134,94.2,0.3753,0.0,0.034,,,,,4913.0,0.794,0.77,-0.50864,0.08,K3 V,Radial Velocity,2015.0,,MiniNeptune
HD 33142 c,HD 33142,810.2,1.955,0.081,0.89,,,,,5025.4,1.52,4.17,1.00043,0.06,K0 III,Radial Velocity,2018.0,,GasGiant
eps Tau b,eps Tau,585.82,1.878,0.076,7.19,,,,,4877.0,2.57,12.35,1.89271,0.1,K0 III,Radial Velocity,2006.0,,GasGiant
HD 222237 b,HD 222237,14892.0,10.8,0.56,5.19,,,,,4751.0,0.76,0.71,,-0.32,K3 V,Radial Velocity,2024.0,49.9,GasGiant
WASP-33 b,WASP-33,1.21987016,0.0259,0.0,3.28,1.679,0.86,2723.0,,7430.0,,,,0.1,,Transit,2010.0,86.2,HotJupiter
TOI-4562 c,TOI-4562,3990.0,5.219,0.122,5.77,,,,,6096.0,1.192,1.152,,0.08,F7 V,Transit Timing Variations,2024.0,90.0,GasGiant
HIP 67522 c,HIP 67522,14.334892,0.1228,0.077,,0.708,,917.0,,5675.0,1.22,1.38,0.24304,,,Transit,2024.0,89.2,GasGiant
TOI-1774.01,TOI-1774,16.70988,,0.05,0.02674399,0.24801541,,824.0,,5746.0,0.991,1.1303,,-0.02,,Transit,2021.0,89.4,MiniNeptune
HIP 21152 b,HIP 21152,22000.0,17.0,0.36,24.0,,,1300.0,,6655.0,1.4,,,0.13,F5 V,Imaging,2022.0,95.3,HotJupiter
ups Leo b,ups Leo,385.2,1.18,0.32,0.51,,,,,4836.0,1.48,11.22,1.80003,-0.2,G9 III,Radial Velocity,2021.0,,GasGiant
HD 134987 c,HD 134987,5000.0,5.8,0.12,0.82,,,,,5585.0,1.1,1.25,0.25527,0.28,G5 V,Radial Velocity,2009.0,,GasGiant
HD 161178 b,HD 161178,279.3,0.85,0.044,0.57,,,,,4786.0,1.06,10.95,1.75097,-0.21,G9 III,Radial Velocity,2021.0,,GasGiant
HD 219134 h,HD 219134,1842.0,2.56,0.34,0.22338986,,,,,4699.0,0.78,0.778,-0.57675,0.11,K3 V,Radial Velocity,2015.0,,GasGiant
TOI-5319 b,TOI-5319,4.07853,0.0506,,,0.25247612,,695.0,,3580.0,0.5,0.485,-1.45905,,M,Transit,2024.0,89.25,MiniNeptune
HD 219139 b,HD 219139,275.5,0.94,0.11,0.78,,,,,4831.0,1.46,11.22,1.79463,-0.2,G5 III,Radial Velocity,2021.0,,GasGiant
gam Psc b,gam Psc,555.1,1.32,0.204,1.34,,,,,4742.0,0.99,11.2,1.76649,-0.62,G7 III,Radial Velocity,2021.0,,GasGiant
HD 98649 b,HD 98649,4951.0,5.6,0.85,6.8,,,,,5759.0,1.0,1.0,-0.066,0.02,G4 V,Radial Velocity,2012.0,,GasGiant
HD 47366 b,HD 47366,363.3,1.214,0.089,1.75,,,,,4866.0,1.81,7.3,1.41664,-0.02,K1 III,Radial Velocity,2016.0,,GasGiant
HD 47366 c,HD 47366,684.7,1.853,0.278,1.86,,,,,4866.0,1.81,7.3,1.41664,-0.02,K1 III,Radial Velocity,2016.0,,GasGiant
K2-121 b,K2-121,5.185738,,,0.16046394,0.63877351,0.7,716.0,62.5,4526.0,0.71,0.675,,0.04,,Transit,2017.0,,GasGiant
K2-22 b,K2-22,0.381078,0.0088,,1.4,0.22303506,,2100.0,,3830.0,0.6,0.57,,0.03,M0 V,Transit,2015.0,,HotJupiter
HD 125612 b,HD 125612,557.04,1.372,0.4553,3.1,,,,,5841.0,1.11,1.05,0.06,0.22,G3 V,Radial Velocity,2007.0,,GasGiant
HD 125612 c,HD 125612,4.15514,0.0524,0.049,0.055,,,,,5841.0,1.11,1.05,0.06,0.22,G3 V,Radial Velocity,2009.0,,MiniNeptune
GJ 649 b,GJ 649,600.1,1.112,0.083,0.258,,,,,3734.0,0.51,0.5,-1.361,-0.15,M1.0,Radial Velocity,2009.0,,GasGiant
11 Com b,11 Com,323.21,1.178,0.238,15.464,,,,,4874.0,2.09,13.76,1.97823,-0.26,G8 III,Radial Velocity,2007.0,,GasGiant
gam Lib b,gam Lib,415.2,1.24,0.21,1.02,,,,,4822.0,1.47,11.1,1.84997,-0.3,K0 III,Radial Velocity,2018.0,,GasGiant
HD 27631 b,HD 27631,2208.0,3.25,0.12,1.45,,,,,5737.0,0.94,1.0,-0.056,-0.12,G3 IV-V,Radial Velocity,2012.0,,GasGiant
gam Lib c,gam Lib,964.6,2.17,0.057,4.58,,,,,4822.0,1.47,11.1,1.84997,-0.3,K0 III,Radial Velocity,2018.0,,GasGiant
24 Boo b,24 Boo,30.33,0.194,0.032,0.883,,,,,4816.0,1.05,12.19,1.87691,-0.78,G3 IV,Radial Velocity,2018.0,,GasGiant
HD 220689 b,HD 220689,2209.0,3.36,0.16,1.06,,,,,5921.0,1.04,1.07,0.093,0.0,G3 V,Radial Velocity,2012.0,,GasGiant
HD 106515 A b,HD 106515 A,3630.0,4.59,0.572,9.61,,,,,5362.0,0.97,1.62,0.09,0.03,G5,Radial Velocity,2012.0,,GasGiant
HIP 74890 b,HIP 74890,822.3,2.1,0.07,2.4,,,,,4850.0,1.74,5.77,1.21484,0.2,K1 III,Radial Velocity,2016.0,,GasGiant
TOI-470 b,TOI-470,12.19148,0.119,,,0.38718953,,660.0,,5190.0,0.87,0.831,,0.1,G,Transit,2023.0,89.527,MiniNeptune
Gl 725 A b,Gl 725 A,11.2201,0.068,0.0,0.00874686,,,,,3433.0,0.33,0.351,-1.809,-0.19,M3,Radial Velocity,2025.0,,
HD 141399 d,HD 141399,1070.35,2.1348,0.06,1.22,,,,,5360.0,1.14,1.46,0.2014,0.18,K0 V,Radial Velocity,2014.0,,GasGiant
K2-99 c,K2-99,522.2,1.43,0.21,8.4,,,390.0,,6069.0,1.44,2.55,0.89927,0.2,,Radial Velocity,2022.0,,GasGiant
HD 141399 c,HD 141399,202.08,0.7023,0.05,1.36,,,,,5360.0,1.14,1.46,0.2014,0.18,K0 V,Radial Velocity,2014.0,,GasGiant
TOI-2274 b,TOI-2274,2.67963,0.05,,,0.21857474,,771.46,,3943.0,0.612,0.631,-1.06233,,M,Transit,2024.0,87.37,SuperEarth
TOI-2266 b,TOI-2266,2.326318,0.02,,,0.13738983,,550.0,13.0,3200.0,0.23,0.24,,,M5.0+0.5-0.5,Transit,2024.0,88.51,EarthLike
EPIC 201757695.02,EPIC 201757695,2.0478,0.0296,0.0,,0.08102328,,,,4520.0,0.727,0.655,-0.36351,-0.003,,Transit,2020.0,89.2757,EarthLike
HD 20794 f,HD 20794,647.6,1.3541,0.45,0.01831177,,,,,5368.0,0.79,0.93,-0.16311,-0.42,G6 V,Radial Velocity,2025.0,,
HD 141399 b,HD 141399,94.35,0.4225,0.04,0.46,,,,,5360.0,1.14,1.46,0.2014,0.18,K0 V,Radial Velocity,2014.0,,GasGiant
TOI-2295 c,TOI-2295,966.5,2.018,0.194,5.61,,,234.9,,5730.0,1.168,1.459,0.31387,0.316,,Radial Velocity,2024.0,,GasGiant
TOI-2537 c,TOI-2537,1920.0,2.78,0.287,7.23,,,123.1,,4870.0,0.771,0.771,-0.52143,0.08,,Radial Velocity,2024.0,,GasGiant
HD 125612 d,HD 125612,2835.0,4.06,0.1172,7.28,,,,,5841.0,1.11,1.05,0.06,0.22,G3 V,Radial Velocity,2009.0,,GasGiant
HIP 8541 b,HIP 8541,1560.2,2.8,0.16,5.5,,,,,4670.0,1.17,7.83,1.40483,-0.15,K2 III/IV,Radial Velocity,2016.0,,GasGiant
GJ 3512 c,GJ 3512,1599.6,1.292,0.0183,0.2,,,,,3081.0,0.123,0.139,-2.8041,-0.07,M5.5 V,Radial Velocity,2020.0,,GasGiant
GJ 2126 b,GJ 2126,272.7,0.71,0.85,1.3,,,,,4159.0,0.65,0.728,-0.84527,0.6,M0 V,Radial Velocity,2025.0,,GasGiant
HD 141399 e,HD 141399,3717.35,4.8968,0.0,0.69,,,,,5360.0,1.14,1.46,0.2014,0.18,K0 V,Radial Velocity,2014.0,,GasGiant
TOI-451 c,TOI-451,9.192522,0.0823,0.0,,0.27656348,,875.0,,5550.0,0.95,0.879,-0.1891,,,Transit,2020.0,89.61,MiniNeptune
HD 18438 b,HD 18438,803.0,2.1,0.1,21.0,,,,,3860.0,1.84,88.475,2.96802,-0.4,M2.5 III,Radial Velocity,2023.0,,GasGiant
TIC 279401253 c,TIC 279401253,155.3,0.591,0.254,8.02,,,,,5951.0,1.13,1.06,0.09691,0.2,,Transit,2023.0,90.0,GasGiant
AF Lep b,AF Lep,8030.0,8.4,0.24,3.2,,,,,6130.0,1.2,1.25,,0.19,F8 V,Imaging,2023.0,50.0,GasGiant
DMPP-4 b,DMPP-4,3.4982,0.04853,0.063,0.03838549,,,,,6400.0,1.25,1.38,0.45939,-0.007,F5-F8 V,Radial Velocity,2023.0,,MiniNeptune
TOI-1052 c,TOI-1052,35.806,0.2263,0.237,0.10791987,,,719.0,39.7,6146.0,1.204,1.264,,0.14,,Radial Velocity,2023.0,,MiniNeptune
HIP 91258 b,HIP 91258,5.0505,0.057,0.024,1.068,,,,,5519.0,0.95,1.0,-0.222,0.23,G5 V,Radial Velocity,2013.0,,GasGiant
HD 159243 c,HD 159243,248.4,0.8,0.075,1.9,,,,,6123.0,1.125,1.12,0.114,0.05,G0 V,Radial Velocity,2013.0,,GasGiant
HD 159243 b,HD 159243,12.62,0.11,0.02,1.13,,,,,6123.0,1.125,1.12,0.114,0.05,G0 V,Radial Velocity,2013.0,,GasGiant
HD 13908 c,HD 13908,931.0,2.03,0.12,5.13,,,,,6255.0,1.29,1.67,0.602,0.01,F8 V,Radial Velocity,2013.0,,GasGiant
HD 13908 b,HD 13908,19.382,0.154,0.02,0.865,,,,,6255.0,1.29,1.67,0.602,0.01,F8 V,Radial Velocity,2013.0,,GasGiant
KOI-142 c,KOI-142,22.3395,0.15525,0.05628,0.626,,,,,5471.0,0.956,0.88,-0.223,0.2,,Transit Timing Variations,2013.0,86.2,GasGiant
HD 60292 b,HD 60292,495.4,1.5,0.27,6.5,,,,,4348.0,1.7,27.0,2.3941,-0.17,K0 III,Radial Velocity,2020.0,,GasGiant
55 Cnc d,55 Cnc,4867.0,5.446,0.0269,3.86,,,,,5250.0,0.9,0.963515,-0.19695,0.35,,Radial Velocity,2002.0,89.73,GasGiant
WASP-84 c,WASP-84,1.4468849,0.02359,,0.048,0.174,11.2,1329.0,,,0.853,0.768,,,K0,Transit,2023.0,83.2,MiniNeptune
HD 6860 b,HD 6860,663.87,2.03,0.28,28.26,,,,,3802.0,2.49,86.4,3.22398,-0.03,M0 III,Radial Velocity,2023.0,,GasGiant
HD 112300 b,HD 112300,466.63,1.33,0.36,15.83,,,,,3657.0,1.4,65.8,2.70121,-0.06,M1 III,Radial Velocity,2023.0,,GasGiant
HD 1605 b,HD 1605,577.9,1.48,0.078,0.96,,,,,4757.0,1.31,3.8,0.82,0.21,K1 IV,Radial Velocity,2015.0,,GasGiant
HD 137496 c,HD 137496,479.9,1.2163,0.477,7.66,,,370.0,,5799.0,1.04,1.59,,-0.03,G,Radial Velocity,2021.0,,GasGiant
HIP 67537 b,HIP 67537,2556.5,4.91,0.59,11.1,,,,,4985.0,2.41,8.69,1.61669,0.15,K1 III,Radial Velocity,2017.0,,GasGiant
POTS-1 b,POTS-1,3.1606296,0.03734,,2.31,0.941,,,,4400.0,0.695,0.588,,-0.03,K5 V,Transit,2013.0,88.06,GasGiant
GJ 328 b,GJ 328,3771.0,4.11,0.227,2.51,,,,,3897.0,0.65,0.63,-1.08,-0.06,M0.0,Radial Velocity,2013.0,,GasGiant
TOI-198 b,TOI-198,10.2152,0.1,,,0.12846842,,368.0,,3650.0,0.467,0.441,,-0.7,M0 V,Transit,2023.0,89.89,EarthLike
TOI-431 c,TOI-431,4.8494,0.052,0.0,0.00890418,,,867.0,,4850.0,0.78,0.731,,0.2,,Radial Velocity,2021.0,86.35,DesertWorld
55 Cnc f,55 Cnc,260.91,0.7733,0.08,0.1479,,,,,5250.0,0.9,0.963515,-0.19695,0.35,,Radial Velocity,2007.0,89.73,MiniNeptune
GJ 3998 c,GJ 3998,13.74,0.089,0.049,0.01969606,,,,,3722.0,0.5,0.49,-1.38722,-0.16,M1,Radial Velocity,2016.0,,
nu Oct A b,nu Oct A,402.4,1.24,0.195,2.19,,,,,4910.0,1.57,5.04,1.12057,,K1 IV,Radial Velocity,2016.0,108.2,GasGiant
HD 67087 c,HD 67087,2374.0,3.86,0.76,4.85,,,,,6330.0,1.36,1.55,0.54,0.25,F8 V,Radial Velocity,2015.0,,GasGiant
HIP 97166 c,HIP 97166,16.84,0.124,0.25,0.03114888,,,642.0,,5198.0,0.898,0.836,,0.27,K0 V,Radial Velocity,2021.0,,EarthLike
HD 128717 b,HD 128717,3420.0,4.85,0.85,19.8,,,,,6210.0,1.212,1.248,0.322,0.16,,Astrometry,2025.0,130.3,GasGiant
HD 1605 c,HD 1605,2149.0,3.584,0.099,3.62,,,,,4915.0,1.33,3.49,0.81,0.22,K1 IV,Radial Velocity,2015.0,,GasGiant
HAT-P-17 c,HAT-P-17,1610.0,2.555,0.086,1.31,,,,,5246.0,0.857,0.838,-0.319,0.0,K,Radial Velocity,2010.0,,GasGiant
HD 29399 b,HD 29399,892.7,1.913,0.05,1.57,,,,,4845.0,1.17,4.5,1.00173,0.14,K1 III,Radial Velocity,2022.0,,GasGiant
HD 1666 b,HD 1666,270.0,0.94,0.63,6.43,,,,,6317.0,1.5,1.93,0.73,0.37,F7 V,Radial Velocity,2015.0,,GasGiant
HD 67087 b,HD 67087,352.2,1.08,0.17,3.06,,,,,6330.0,1.36,1.55,0.54,0.25,F8 V,Radial Velocity,2015.0,,GasGiant
HD 36384 b,HD 36384,490.0,1.3,0.2,6.6,,,,,3940.0,1.14,38.4,2.58915,-0.16,M0 III,Radial Velocity,2023.0,,GasGiant
K2-95 b,K2-95,10.13389,0.0653,,,0.30957266,,,,3471.0,0.361,0.402,-1.67778,0.11,M3.0,Transit,2016.0,88.77,MiniNeptune
55 Cnc c,55 Cnc,44.373,0.23735,0.072,0.1784,,,,,5250.0,0.9,0.963515,-0.19695,0.35,,Radial Velocity,2004.0,89.73,GasGiant
GJ 3998 b,GJ 3998,2.64977,0.029,0.0,0.00777145,,,,,3722.0,0.5,0.49,-1.38722,-0.16,M1,Radial Velocity,2016.0,,
HD 224538 b,HD 224538,1189.1,2.28,0.464,5.97,,,,,6097.0,1.34,1.54,0.46982,0.27,F9 IV/V,Radial Velocity,2016.0,,GasGiant
HD 165155 b,HD 165155,434.5,1.13,0.2,2.89,,,,,5426.0,1.02,0.95,-0.1549,0.09,G8 V,Radial Velocity,2016.0,,GasGiant
HD 147873 c,HD 147873,491.54,1.36,0.23,2.3,,,,,5972.0,1.38,2.29,0.77743,0.03,G1 V,Radial Velocity,2016.0,,GasGiant
HD 147873 b,HD 147873,116.596,0.522,0.207,5.14,,,,,5972.0,1.38,2.29,0.77743,0.03,G1 V,Radial Velocity,2016.0,,GasGiant
HD 128356 b,HD 128356,298.2,0.87,0.57,0.89,,,,,4875.0,0.65,0.85,-0.4437,0.17,K3 V,Radial Velocity,2016.0,,GasGiant
HD 86950 b,HD 86950,1270.0,2.72,0.17,3.6,,,,,4805.0,1.66,8.8,1.55991,0.04,K1 III,Radial Velocity,2016.0,,GasGiant
HD 222076 b,HD 222076,871.0,1.83,0.08,1.56,,,,,4806.0,1.07,4.1,0.92942,0.05,K0 III,Radial Velocity,2016.0,,GasGiant
14 And b,14 And,185.84,0.83,0.0,4.8,,,,,4813.0,2.2,11.0,1.763,-0.24,K0 III,Radial Velocity,2008.0,,GasGiant
HD 72892 b,HD 72892,39.475,0.228,0.423,5.45,,,,,5688.0,1.02,1.22,0.14613,0.25,G5 V,Radial Velocity,2016.0,,GasGiant
HD 68402 b,HD 68402,1103.0,2.18,0.03,3.07,,,,,5950.0,1.12,1.02,0.06819,0.29,G5 IV/V,Radial Velocity,2016.0,,GasGiant
HIP 56640 b,HIP 56640,2574.9,3.73,0.12,3.67,,,,,4769.0,1.04,4.93,1.04999,-0.03,K1 III,Radial Velocity,2021.0,,GasGiant
bet UMi b,bet UMi,522.3,1.4,0.19,6.1,,,,,4126.0,1.4,38.3,2.73,-0.27,K4 III,Radial Velocity,2014.0,,GasGiant
mu Leo b,mu Leo,357.8,1.1,0.09,2.4,,,,,4538.2,1.5,11.4,1.797,0.36,K2 III,Radial Velocity,2014.0,,GasGiant
bet Cnc b,bet Cnc,605.2,1.7,0.08,7.8,,,,,4092.1,1.7,47.2,2.9,-0.29,K4 III,Radial Velocity,2014.0,,GasGiant
HIP 67851 c,HIP 67851,1626.0,2.96,0.2,3.88,,,,,4805.0,1.3,5.87,1.207,-0.03,K0 III,Radial Velocity,2015.0,,GasGiant
TOI-6324 b,TOI-6324,0.279221,,0.0,0.00368123,0.09447781,,1216.0,,3247.0,0.269,0.293,,-0.32,,Transit,2025.0,74.6,DesertWorld
18 Del b,18 Del,993.3,2.6,0.08,10.3,,,,,4979.0,2.3,8.5,1.602,-0.052,G6 III,Radial Velocity,2008.0,,GasGiant
HIP 97233 b,HIP 97233,1058.8,2.55,0.61,20.0,,,,,5020.0,1.93,5.34,1.204,0.29,K0,Radial Velocity,2014.0,,GasGiant
HD 101581 b,HIP 56998,4.46569,0.046,,,0.08528875,,834.0,80.0,4675.0,0.653,0.63,,-0.343,,Transit,2025.0,87.78,DesertWorld
HD 101581 c,HIP 56998,6.20401,0.0573,,,0.08832204,,747.0,52.0,4675.0,0.653,0.63,,-0.343,,Transit,2025.0,87.93,EarthLike
HIP 75092 b,HIP 75092,926.4,2.02,0.42,1.79,,,,,4891.0,1.28,4.53,1.01995,-0.01,K0 III,Radial Velocity,2021.0,,GasGiant
HD 9174 b,HD 9174,1179.0,2.2,0.12,1.11,,,,,5577.0,1.03,1.67,0.38202,0.39,G8 IV,Radial Velocity,2016.0,,GasGiant
HD 5319 c,HD 5319,877.0,1.94,0.109,1.02,,,,,4871.0,1.27,4.06,0.92,0.17,G5,Radial Velocity,2014.0,,GasGiant
BD+49 828 b,BD+49 828,2590.0,4.2,0.35,1.6,,,,,4943.0,1.52,7.6,1.47,-0.19,K0,Radial Velocity,2015.0,,GasGiant
HIP 114933 b,HIP 114933,1481.6,2.84,0.21,1.94,,,,,4823.0,1.39,5.27,1.13988,0.06,K0 III,Radial Velocity,2021.0,,GasGiant
55 Cnc b,55 Cnc,14.465314,0.11339,0.0023,0.84,,,,,5250.0,0.9,0.963515,-0.19695,0.35,,Radial Velocity,1996.0,89.73,GasGiant
HD 95127 b,HD 95127,482.0,1.28,0.11,5.01,,,,,4218.0,1.2,20.0,2.28,-0.18,K0,Radial Velocity,2015.0,,GasGiant
HD 216536 b,HD 216536,148.6,0.609,0.38,1.47,,,,,4639.0,1.36,12.5,1.8,-0.17,K0,Radial Velocity,2015.0,,GasGiant
CFHTWIR-Oph 98 b,CFHTWIR-Oph 98 A,8040000.0,200.0,,7.8,1.86,,1800.0,,2320.0,0.0147,0.245,-2.85,,M9-L1,Imaging,2021.0,,HotJupiter
HD 112640 b,HD 112640,613.2,1.7,0.24,5.0,,,,,4155.0,1.8,39.0,2.45255,-0.09,K0 III,Radial Velocity,2020.0,,GasGiant
TOI-375 d,TOI-375,297.9,0.984,,1.402,,,434.0,5.96,5259.9,1.441,2.9,0.75997,0.084,,Radial Velocity,2026.0,,GasGiant
TOI-375 c,TOI-375,115.5,0.524,,2.106,,,596.0,21.07,5259.9,1.441,2.9,0.75997,0.084,,Radial Velocity,2026.0,,GasGiant
GJ 4274 c,GJ 4274,69.57,0.186,,0.02639789,,,,0.1,3228.0,0.18,0.19,-2.46218,-0.19,M4.5 V,Radial Velocity,2026.0,,
GJ 4274 b,GJ 4274,1.6339,0.0153,,0.00934467,,,,14.7,3228.0,0.18,0.19,-2.46218,-0.19,M4.5 V,Radial Velocity,2026.0,,
TOI-6478 b,TOI-6478,34.005019,0.1136,,,0.411,,204.4,,3230.0,0.23,0.234,,-0.53,M4.0+/-0.5,Transit,2025.0,89.898,MiniNeptune
HD 22496 b,HD 22496,5.09071,0.051,,0.01752518,,,573.0,26.0,4385.0,0.684,0.674,-1.17393,-0.08,,Radial Velocity,2021.0,,EarthLike
TOI-6448 b,TOI-6448,14.844261,0.131,0.2,,0.756,,745.0,,5910.0,1.03,0.897,-0.04191,,,Transit,2025.0,88.95,GasGiant
HD 10442 b,HD 10442,1053.2,2.03,0.09,1.53,,,,,4912.0,1.01,1.97,0.31,0.1,K0 IV,Radial Velocity,2014.0,,GasGiant
HD 5278 c,HD 5278,40.87,0.2416,0.07,0.05789287,,,,,6203.0,1.126,1.194,0.28035,-0.12,F V,Radial Velocity,2021.0,,MiniNeptune
HD 75784 b,HD 75784,341.7,1.073,0.13,1.15,,,,,4917.0,1.41,3.3,0.756,0.25,K3 IV,Radial Velocity,2014.0,,GasGiant
HIP 90988 b,HIP 90988,453.9,1.26,0.08,1.96,,,,,4883.0,1.3,3.94,0.88986,0.17,K1 III,Radial Velocity,2021.0,,GasGiant
HD 25723 b,HD 25723,457.01,1.49,0.04,2.5,,,,,4766.0,2.12,13.76,1.94443,-0.03,K1 III,Radial Velocity,2020.0,,GasGiant
GJ 3341 b,GJ 3341,14.207,0.089,0.31,0.0208,,,,,3526.0,0.47,0.439,-1.538,-0.09,M2.5,Radial Velocity,2015.0,,
17 Sco b,17 Sco,578.38,1.45,0.06,4.32,,,,,4157.0,1.22,25.92,2.25435,-0.01,K3 III,Radial Velocity,2020.0,,GasGiant
TOI-6223 b,TOI-6223,3.855219,0.04018,,,0.45231588,,714.0,,3895.0,0.582,0.576,,-0.12,M0 V,Transit,2025.0,88.68,MiniNeptune
HD 3167 d,HD 3167,8.509,0.07757,0.36,0.02170972,,,,88.9,5261.0,0.86,0.86,,0.04,K0 V,Radial Velocity,2017.0,,
TOI-262 b,TOI-262,11.14529,0.163,,,0.18467335,,584.0,,5310.0,0.913,0.853,,0.26,K0 V,Transit,2023.0,89.011,SuperEarth
BD-17 63 b,BD-17 63,655.6,1.34,0.54,5.1,,,,,4714.0,0.74,0.69,-0.678,-0.03,K5 V,Radial Velocity,2008.0,,GasGiant
TOI-451 d,TOI-451,16.364988,0.1208,0.0,,0.36310108,,722.0,,5550.0,0.95,0.879,-0.1891,,,Transit,2020.0,89.25,MiniNeptune
BD+20 2457 b,BD+20 2457,379.63,1.45,0.15,21.42,,,,,4137.0,2.8,49.0,3.17,-1.0,K2 II,Radial Velocity,2009.0,,GasGiant
BD+20 2457 c,BD+20 2457,621.99,2.01,0.18,12.47,,,,,4137.0,2.8,49.0,3.17,-1.0,K2 II,Radial Velocity,2009.0,,GasGiant
BD+48 738 b,BD+48 738,392.6,1.0,0.2,0.91,,,,,4414.0,0.74,11.0,1.69,-0.2,K0 III,Radial Velocity,2011.0,,GasGiant
HD 76920 b,HD 76920,415.4,1.149,0.856,3.93,,,,,4698.0,1.17,7.47,1.38021,-0.11,K1 III,Radial Velocity,2017.0,,GasGiant
HD 72659 c,HD 72659,35500.0,21.5,0.114,19.4,,,,,5929.0,1.033,1.36,,-0.02,G2 V,Radial Velocity,2022.0,40.0,GasGiant
TOI-451 b,TOI-451,1.858703,0.0283,0.0,,0.17039879,,1491.0,,5550.0,0.95,0.879,-0.1891,,,Transit,2020.0,88.2,DesertWorld
HD 104985 b,HD 104985,199.505,0.95,0.09,8.3,,,,,4877.0,2.3,11.0,1.77815,-0.15,G9 III,Radial Velocity,2003.0,,GasGiant
HD 108236 f,HD 108236,29.54115,0.1758,0.051,,0.17994469,,,,5660.0,0.869,0.877,-0.14997,-0.28,,Transit,2021.0,88.963,SuperEarth
HD 4732 b,HD 4732,360.2,1.19,0.13,2.37,,,,,4959.0,1.74,5.4,1.19,0.01,K0 IV,Radial Velocity,2012.0,,GasGiant
HD 34445 d,HD 34445,117.87,0.4817,0.027,0.097,,,,,5836.0,1.07,1.38,0.3032,0.14,G0 V,Radial Velocity,2017.0,,MiniNeptune
BD+14 4559 b,BD+14 4559,268.94,0.777,0.29,1.47,,,,,5008.0,0.86,0.95,-0.32,0.1,K2 V,Radial Velocity,2009.0,,GasGiant
HD 3167 e,HD 3167,102.09,0.4048,0.6,0.03064547,,,374.8,,5300.0,0.852,0.871,-0.27003,0.037,,Radial Velocity,2022.0,,EarthLike
HD 34445 e,HD 34445,49.175,0.2687,0.09,0.0529,,,,,5836.0,1.07,1.38,0.3032,0.14,G0 V,Radial Velocity,2017.0,,MiniNeptune
HD 34445 f,HD 34445,676.8,1.543,0.031,0.119,,,,,5836.0,1.07,1.38,0.3032,0.14,G0 V,Radial Velocity,2017.0,,MiniNeptune
HD 34445 g,HD 34445,5700.0,6.36,0.032,0.38,,,,,5836.0,1.07,1.38,0.3032,0.14,G0 V,Radial Velocity,2017.0,,GasGiant
HD 184010 d,HD 184010,836.4,1.92,0.0,0.45,,,,,4971.0,1.35,4.86,1.11694,-0.17,K0 III-IV,Radial Velocity,2022.0,,GasGiant
HD 184010 c,HD 184010,484.3,1.334,0.0,0.3,,,,,4971.0,1.35,4.86,1.11694,-0.17,K0 III-IV,Radial Velocity,2022.0,,GasGiant
HD 184010 b,HD 184010,286.6,0.94,0.0,0.31,,,,,4971.0,1.35,4.86,1.11694,-0.17,K0 III-IV,Radial Velocity,2022.0,,GasGiant
HD 28185 c,HD 28185,9090.0,8.5,0.15,6.0,,,,,5602.0,0.974,1.048,-0.01323,0.19,,Radial Velocity,2022.0,66.0,GasGiant
K2-10 b,K2-10,19.30553,,,0.07928807,0.33660509,2.36,649.0,42.1,5533.0,0.88,0.956,,-0.07,,Transit,2015.0,,MiniNeptune
HD 147379 b,HD 147379,86.54,0.3193,0.01,0.0777145,,,,,4090.0,0.58,0.57,-1.09691,0.16,M0.0 V,Radial Velocity,2017.0,,MiniNeptune
Kepler-539 c,Kepler-539,1000.0,2.42,0.5,2.4,,,253.0,,5820.0,1.048,0.952,,-0.01,G2 V,Transit Timing Variations,2016.0,,GasGiant
omi CrB b,omi CrB,187.01,0.699,0.105,1.12,,,,,4769.0,1.3,11.87,1.82197,-0.27,K0 III,Radial Velocity,2012.0,,GasGiant
omi UMa b,omi UMa,1569.81,3.691,0.149,3.651,,,,,5075.0,2.72,13.84,2.06266,-0.16,G4 II-III,Radial Velocity,2012.0,,GasGiant
75 Cet b,75 Cet,691.9,2.1,0.117,3.0,,,,,4846.0,2.49,10.5,1.73,0.0,G3 III,Radial Velocity,2012.0,,GasGiant
HD 5608 b,HD 5608,768.7,1.79,0.11,1.168,,,,,4807.0,1.29,5.43,1.15473,0.04,K0 IV,Radial Velocity,2012.0,,GasGiant
HD 214823 b,HD 214823,1854.4,3.23,0.1641,20.3,,,,,5933.0,1.31,2.04,0.67,0.14,G0,Radial Velocity,2016.0,,GasGiant
HD 87816 b,HD 87816,484.17,1.618,0.78,6.74,,,,,4989.0,2.41,9.0,1.65514,0.14,K0 III,Radial Velocity,2025.0,,GasGiant
HD 87816 c,HD 87816,7596.0,10.14,0.19,12.2,,,,,4989.0,2.41,9.0,1.65514,0.14,K0 III,Radial Velocity,2025.0,,GasGiant
TOI-1450 A b,TOI-1450 A,2.0439274,,,0.00395811,0.10081202,,722.0,,3437.0,0.48,0.483,,-0.12,M3.0 V,Transit,2024.0,86.245,EarthLike
HD 10647 b,HD 10647,989.2,2.015,0.15,0.94,,,,,6218.0,1.11,1.1,0.149,0.0,F9 V,Radial Velocity,2006.0,,GasGiant
HD 219828 c,HD 219828,4682.0,5.79,0.8102,14.6,,,,,5807.0,1.18,1.61,0.42,0.18,G0 IV,Radial Velocity,2016.0,,GasGiant
HD 102888 b,HD 102888,252.06,1.05,0.11,5.69,,,,,4990.0,2.42,8.6,1.61584,0.07,G8 III,Radial Velocity,2025.0,,GasGiant
HD 94890 c,HD 94890,2492.19,4.33,0.05,8.91,,,,,4867.0,1.74,10.71,1.7635,-0.02,K0 III,Radial Velocity,2025.0,,GasGiant
Kepler-1647 b,Kepler-1647,1107.5923,2.7205,0.0581,1.51968033,1.0593184,,,,6210.0,1.2207,1.7903,,-0.14,,Transit,2016.0,90.0972,GasGiant
HD 94890 b,HD 94890,824.61,2.07,0.22,2.13,,,,,4867.0,1.74,10.71,1.7635,-0.02,K0 III,Radial Velocity,2025.0,,GasGiant
TOI-2447 b,TOI-2447,69.33684,0.347,0.17,0.393,0.857,,414.0,,5730.0,1.034,1.006,,0.18,,Transit,2024.0,,GasGiant
HD 34445 c,HD 34445,214.67,0.7181,0.036,0.168,,,,,5836.0,1.07,1.38,0.3032,0.14,G0 V,Radial Velocity,2017.0,,GasGiant
61 Vir c,61 Vir,38.021,0.2175,0.14,0.057,,,,,5577.0,0.942,0.963,-0.095,-0.01,G5 V,Radial Velocity,2009.0,,MiniNeptune
HD 100655 b,HD 100655,157.57,0.76,0.085,1.7,,,,,4861.0,2.4,9.3,1.63347,0.15,G9 III,Radial Velocity,2011.0,,GasGiant
HIP 41378 f,HIP 41378,542.07975,,,0.03775622,0.82077044,0.09,294.0,1.24,6320.0,1.16,1.273,,-0.1,,Transit,2016.0,,GasGiant
61 Vir d,61 Vir,123.01,0.476,0.35,0.072,,,,,5577.0,0.942,0.963,-0.095,-0.01,G5 V,Radial Velocity,2009.0,,MiniNeptune
TOI-2768 b,TOI-2768,1.50801,0.027,,,0.23463329,,855.0,,4008.0,0.63,0.657,-0.99801,,M,Transit,2024.0,87.78,MiniNeptune
HIP 41378 e,HIP 41378,369.0,,,0.03775622,0.43893376,0.55,335.0,2.1,6320.0,1.16,1.273,,-0.1,,Transit,2016.0,,MiniNeptune
HIP 65891 b,HIP 65891,1084.5,2.81,0.13,6.0,,,,,5000.0,2.5,8.93,1.65,0.16,K0 III,Radial Velocity,2015.0,,GasGiant
6 Lyn b,6 Lyn,899.0,2.2,0.134,2.4,,,,,4978.0,1.7,5.2,1.176,-0.13,K0 IV,Radial Velocity,2008.0,,GasGiant
HD 167768 b,HD 167768,20.6532,0.1512,0.149,0.85,,,,,4851.0,1.08,9.7,1.66932,-0.67,G8 III,Radial Velocity,2022.0,,GasGiant
HIP 107773 b,HIP 107773,144.3,0.72,0.09,1.98,,,,,4945.0,2.42,11.6,1.87,0.03,K1 III,Radial Velocity,2015.0,,GasGiant
HD 28471 b,HD 28471,3.1649,0.042,0.195,0.01170443,,,1377.0,,5766.0,0.98,1.08,,-0.04,G5 V,Radial Velocity,2025.0,,DesertWorld
HIP 113103 c,HIP 113103,14.245648,0.10479,0.17,,0.21411403,,585.0,,4930.0,0.761,0.742,,-0.1,,Transit,2023.0,89.24,SuperEarth
HD 233604 b,HD 233604,192.0,0.747,0.05,6.575,,,,,4791.0,1.5,10.9,1.75,-0.36,K5,Radial Velocity,2013.0,,GasGiant
BD+15 2940 b,BD+15 2940,137.48,0.539,0.26,1.11,,,,,4796.0,1.1,14.7,2.01,0.28,K0,Radial Velocity,2013.0,,GasGiant
TOI-1743 b,TOI-1743,4.266046,0.03589,,,0.16326195,,485.0,,3277.0,0.339,0.338,,0.22,M4 V,Transit,2025.0,87.92,SuperEarth
61 Vir b,61 Vir,4.215,0.050201,0.12,0.016,,,,,5577.0,0.942,0.963,-0.095,-0.01,G5 V,Radial Velocity,2009.0,,
HD 2952 b,HD 2952,312.08,1.117,0.269,0.896,,,,,4853.0,1.91,10.9,1.76782,0.0,K0 III,Radial Velocity,2013.0,,GasGiant
75 Cet c,75 Cet,2051.62,3.929,0.023,0.912,,,,,4809.0,1.92,10.38,1.7145,0.1,G3 III,Radial Velocity,2023.0,,GasGiant
ome Ser b,ome Ser,278.59,0.838,0.18,0.736,,,,,4724.0,1.01,10.99,1.73384,-0.12,G8 III,Radial Velocity,2013.0,,GasGiant
HIP 113103 b,HIP 113103,7.610303,0.06899,0.17,,0.16317273,,721.0,,4930.0,0.761,0.742,,-0.1,,Transit,2023.0,88.23,SuperEarth
HIP 41378 d,HIP 41378,278.3618,,,0.01447322,0.31581819,0.56,367.0,3.01,6320.0,1.16,1.273,,-0.1,,Transit,2016.0,,MiniNeptune
HIP 41378 c,HIP 41378,31.70603,,,0.01384395,0.24328706,1.19,757.0,54.0,6320.0,1.16,1.273,,-0.1,,Transit,2016.0,,MiniNeptune
GJ 625 b,GJ 625,14.628,0.078361,0.13,0.00887267,,,,,3499.0,0.3,0.31,-1.894,-0.38,M2,Radial Velocity,2017.0,,
HD 219077 b,HD 219077,5501.0,6.22,0.77,10.39,,,,,5362.0,1.05,1.91,0.425,-0.13,G8 V,Radial Velocity,2012.0,,GasGiant
HD 10180 g,HD 10180,601.2,1.422,0.19,0.0673,,,,,5911.0,1.06,,0.17319,0.08,G1 V,Radial Velocity,2010.0,90.0,MiniNeptune
HIP 66074 b,HIP 66074,310.9,0.799,0.948,5.0,,,,,4300.0,0.705,0.69,-0.81816,0.12,,Astrometry,2023.0,13.0,GasGiant
HD 10180 h,HD 10180,2222.0,3.4,0.08,0.203,,,,,5911.0,1.06,,0.17319,0.08,G1 V,Radial Velocity,2010.0,90.0,GasGiant
HD 102195 b,HD 102195,4.11434,0.0491,0.14,0.488,,,,,5330.0,0.926,0.835,-0.33442,0.096,G8 V,Radial Velocity,2006.0,,GasGiant
HD 66141 b,HD 66141,480.5,1.2,0.07,6.0,,,,,4323.0,1.1,21.4,2.24,-0.323,K2 III,Radial Velocity,2012.0,,GasGiant
HD 40307 g,HD 40307,196.343,0.6069,0.2205,0.02233899,,,255.0,,4867.44,0.79,0.716684,-0.58545,-0.3231,,Radial Velocity,2013.0,,EarthLike
HD 40307 f,HD 40307,51.7768,0.2491,0.06175,0.01636095,,,398.0,,4867.44,0.79,0.716684,-0.58545,-0.3231,,Radial Velocity,2013.0,,EarthLike
TOI-5799 c,TOI-5799,14.010449,0.0782,,,0.15701695,,337.0,,3452.0,0.325,0.321,,0.01,M2 V,Transit,2025.0,89.317,EarthLike
HD 37605 c,HD 37605,2720.0,3.814,0.013,3.366,,,,,5448.0,1.0,0.901,-0.229,0.336,K0 V,Radial Velocity,2012.0,,GasGiant
HD 4732 c,HD 4732,2732.0,4.6,0.23,2.37,,,,,4959.0,1.74,5.4,1.19,0.01,K0 IV,Radial Velocity,2012.0,,GasGiant
HD 28471 d,HD 28471,11.681,0.1,0.093,0.01544859,,,945.0,,5766.0,0.98,1.08,,-0.04,G5 V,Radial Velocity,2025.0,,DesertWorld
HD 28471 c,HD 28471,6.1245,0.065,0.088,0.01799713,,,1066.0,,5766.0,0.98,1.08,,-0.04,G5 V,Radial Velocity,2025.0,,DesertWorld
HD 10180 f,HD 10180,122.76,0.4929,0.135,0.0752,,,,,5911.0,1.06,,0.17319,0.08,G1 V,Radial Velocity,2010.0,90.0,MiniNeptune
HD 10180 e,HD 10180,49.745,0.2699,0.026,0.079,,,,,5911.0,1.06,,0.17319,0.08,G1 V,Radial Velocity,2010.0,90.0,MiniNeptune
HD 10180 d,HD 10180,16.3579,0.1286,0.088,0.03697,,,,,5911.0,1.06,,0.17319,0.08,G1 V,Radial Velocity,2010.0,90.0,MiniNeptune
HIP 41378 b,HIP 41378,15.57208,,,0.02167836,0.23151079,2.17,959.0,140.0,6320.0,1.16,1.273,,-0.1,,Transit,2016.0,,MiniNeptune
HD 208897 b,HD 208897,352.7,1.05,0.07,1.4,,,,,4860.0,1.25,4.98,1.09,0.21,K0,Radial Velocity,2017.0,,GasGiant
K2-117 c,K2-117,5.44425,0.0491,,,0.17307521,,,18.1,3676.0,0.532,0.513,-1.35655,-0.22,M1.0 V,Transit,2017.0,,SuperEarth
HD 10180 c,HD 10180,5.75979,0.0641,0.045,0.04122,,,,,5911.0,1.06,,0.17319,0.08,G1 V,Radial Velocity,2010.0,90.0,MiniNeptune
7 CMa b,7 CMa,763.0,1.9,0.14,2.6,,,,,4792.0,1.52,2.3,1.053,0.21,K1 III,Radial Velocity,2011.0,,GasGiant
81 Cet b,81 Cet,1005.57,2.104,0.037,3.307,,,,,4734.0,1.23,11.21,1.76027,-0.11,G5 III,Radial Velocity,2008.0,,GasGiant
HD 40307 d,HD 40307,20.4321,0.13407,0.06728,0.02989019,,,541.0,,4867.44,0.79,0.716684,-0.58545,-0.3231,,Radial Velocity,2009.0,,EarthLike
HD 40307 c,HD 40307,9.6183,0.08113,0.05777,0.02076582,,,696.0,,4867.44,0.79,0.716684,-0.58545,-0.3231,,Radial Velocity,2009.0,,EarthLike
HD 40307 b,HD 40307,4.3123,0.047524,0.1964,0.01258534,,,910.0,,4867.44,0.79,0.716684,-0.58545,-0.3231,,Radial Velocity,2009.0,,DesertWorld
HD 156411 b,HD 156411,842.2,1.88,0.22,0.74,,,,,5900.0,1.25,2.16,0.731,-0.12,F8 IV/V,Radial Velocity,2009.0,,GasGiant
HD 190984 b,HD 190984,4885.0,5.5,0.57,3.1,,,,,5988.0,0.91,1.53,0.43,-0.48,F8 V,Radial Velocity,2009.0,,GasGiant
Ross 508 b,Ross 508,10.77,0.05366,0.33,0.01258541,,,,,3071.0,0.1774,0.2113,-2.44503,-0.2,M4.5 V,Radial Velocity,2022.0,,
HD 83443 c,HD 83443,8241.0,8.0,0.76,1.5,,,,,5442.0,1.0,0.94,-0.10403,0.34,K0 V,Radial Velocity,2022.0,,GasGiant
HD 174205 b,HD 174205,582.0,1.7,0.4,4.2,,,,,4308.0,1.8,26.6,2.3784,-0.28,K2,Radial Velocity,2022.0,,GasGiant
GJ 685 b,GJ 685,24.16,0.1344,0.0,0.02831702,,,,,3816.0,0.55,0.54,-1.253,-0.15,M0.5,Radial Velocity,2019.0,,
HD 38801 b,HD 38801,687.14,1.66,0.0572,10.0,,,,,5207.0,1.29,2.41,0.58,0.32,K0,Radial Velocity,2009.0,,GasGiant
HD 192310 b,HD 192310,74.72,0.32,0.13,0.0532,,,355.0,,5166.0,0.8,,-0.41454,-0.04,,Radial Velocity,2011.0,90.0,MiniNeptune
HD 154672 b,HD 154672,163.967,0.59,0.6,4.73,,,,,5655.0,1.08,1.44,0.28103,0.11,G3 IV,Radial Velocity,2008.0,,GasGiant
HD 37605 b,HD 37605,55.01307,0.2831,0.6767,2.802,,,,,5448.0,1.0,0.901,-0.229,0.336,K0 V,Radial Velocity,2004.0,,GasGiant
eps Ind A b,eps Ind A,,28.4,0.4,6.31,,,275.0,,4760.0,0.76,0.679,,0.22,K5 V,Radial Velocity,2019.0,103.7,GasGiant
K2-85 b,K2-85,0.68453862616,,,0.01006833,0.12489985,5.9,1355.0,800.0,4232.0,0.7,0.71,,0.14,,Transit,2016.0,,DesertWorld
HD 163607 b,HD 163607,75.195,0.362,0.744,0.79,,,,,5522.0,1.12,1.76,0.42,0.19,G5,Radial Velocity,2010.0,,GasGiant
HD 45652 b,HD 45652,44.073,0.237,0.607,0.433,,,,,5294.0,0.92,0.94,-0.2,0.26,G8/K0,Radial Velocity,2008.0,,GasGiant
HD 162020 b,HD 162020,8.428198,0.074,0.277,14.4,,,650.0,,4830.0,0.75,,-0.60206,0.01,K3 V,Radial Velocity,2002.0,,GasGiant
HD 44219 b,HD 44219,472.3,1.19,0.61,0.58,,,,,5752.0,1.0,1.32,0.26,0.03,G2 V,Radial Velocity,2010.0,,GasGiant
HD 43691 b,HD 43691,36.9987,0.238,0.0796,2.55,,,,,6093.0,1.32,1.6,0.5,0.33,G0,Radial Velocity,2007.0,,GasGiant
K2-151 b,K2-151,3.835592,0.0365,,,0.12043893,,,20.8,3585.0,0.44,0.429,-1.55284,-0.32,M1.5 V,Transit,2018.0,,EarthLike
HD 43197 b,HD 43197,327.8,0.92,0.83,0.6,,,,,5508.0,0.96,1.0,-0.137,0.4,G8 V,Radial Velocity,2010.0,,GasGiant
K2-55 b,K2-55,2.849271,,,0.13843948,0.39521881,2.8,900.0,141.3,4300.0,0.688,0.715,,0.376,,Transit,2016.0,,MiniNeptune
GJ 9066 c,GJ 9066,771.36,0.88,0.46,0.21,,,,,3154.0,0.15,0.164,-2.59517,-0.13,M5.0 V,Radial Velocity,2020.0,,GasGiant
7 CMa c,7 CMa,996.0,2.153,0.08,0.87,,,,,4826.0,1.34,4.87,1.06258,0.21,,Radial Velocity,2019.0,90.0,GasGiant
HD 192310 c,HD 192310,525.8,1.18,0.32,0.076,,,185.0,,5166.0,0.8,,-0.41454,-0.04,,Radial Velocity,2011.0,90.0,MiniNeptune
HD 150010 b,HD 150010,562.0,1.4,0.2,2.4,,,,,4153.0,1.3,16.2,1.98227,-0.25,K2 III,Radial Velocity,2022.0,,GasGiant
DMPP-2 b,DMPP-2,5.2072,0.0664,0.078,0.437,,,1000.0,,6500.0,1.44,1.78,0.1038,,F5 V,Radial Velocity,2019.0,,GasGiant
DMPP-3 A b,DMPP-3 A,6.6732,0.0662,0.14,0.00811755,,,854.0,,5138.0,0.87,0.91,,0.18,K0 V,Radial Velocity,2019.0,,DesertWorld
HD 290327 b,HD 290327,2443.0,3.43,0.08,2.54,,,,,5552.0,0.9,1.0,-0.14,-0.11,G8 V,Radial Velocity,2009.0,,GasGiant
HD 28254 b,HD 28254,1116.0,2.15,0.81,1.16,,,,,5664.0,1.06,1.48,0.34,0.06,G1 IV/V,Radial Velocity,2010.0,,GasGiant
HD 33142 d,HD 33142,89.9,0.452,0.191,0.2,,,,,5025.4,1.52,4.17,1.00043,0.06,K0 III,Radial Velocity,2022.0,,GasGiant
HD 25171 b,HD 25171,1845.0,3.02,0.08,0.95,,,,,6160.0,1.09,1.18,0.27646,-0.11,F8 V,Radial Velocity,2010.0,,GasGiant
HD 240237 b,HD 240237,745.7,1.9,0.4,5.3,,,,,4361.0,1.69,32.0,2.49,-0.26,K2 III,Radial Velocity,2011.0,,GasGiant
GJ 4276 b,GJ 4276,13.352,0.082,0.37,0.05213479,,,,,3387.0,0.406,0.407,-1.70553,0.12,M4.0,Radial Velocity,2019.0,,MiniNeptune
HD 231701 b,HD 231701,141.6,0.53,0.1,1.08,,,,,6208.0,1.14,1.35,0.4,0.07,F8 V,Radial Velocity,2007.0,,GasGiant
HD 33283 b,HD 33283,18.1991,0.1508,0.399,0.329,,,,,5935.0,1.38,1.97,0.64,0.35,G3/G5 V,Radial Velocity,2006.0,,GasGiant
HD 192699 b,HD 192699,351.5,1.16,0.149,2.5,,,,,5220.0,1.68,3.9,1.009,-0.15,G8 IV,Radial Velocity,2007.0,,GasGiant
HD 152079 b,HD 152079,2899.0,3.98,0.52,2.18,,,,,5726.0,1.1,1.15,0.10721,0.16,G6 V,Radial Velocity,2009.0,,GasGiant
PDS 70 b,PDS 70,43500.0,22.0,,8.0,1.3,,1200.0,,3972.0,0.76,1.26,-0.45593,,K7,Imaging,2018.0,,HotJupiter
HD 34445 b,HD 34445,1056.7,2.075,0.014,0.629,,,,,5836.0,1.07,1.38,0.3032,0.14,G0 V,Radial Velocity,2009.0,,GasGiant
HD 149143 b,HD 149143,4.07182,0.053,0.0167,1.33,,,,,5856.0,1.2,1.44,0.35,0.29,G0,Radial Velocity,2005.0,,GasGiant
HD 33142 b,HD 33142,330.0,1.074,0.049,1.26,,,,,5025.4,1.52,4.17,1.00043,0.06,K0 III,Radial Velocity,2011.0,,GasGiant
HD 330075 b,HD 330075,3.38773,0.039,0.0,0.62,,,990.0,,5017.0,0.7,,-0.33,0.08,K1,Radial Velocity,2004.0,,GasGiant
HD 19615 b,HD 19615,402.0,1.1,0.2,8.5,,,,,4263.0,1.1,32.3,2.51455,-0.31,K0,Radial Velocity,2022.0,,GasGiant
HD 48265 b,HD 48265,780.3,1.81,0.08,1.47,,,,,5650.0,1.28,2.05,0.58433,0.4,G5 IV/V,Radial Velocity,2008.0,,GasGiant
HIP 14810 c,HIP 14810,147.747,0.549,0.1566,1.31,,,,,5544.0,1.01,1.07,-0.01,0.24,G5,Radial Velocity,2006.0,,GasGiant
HD 173416 b,HD 173416,323.6,1.16,0.21,2.7,,,,,4683.0,2.0,13.5,1.892,-0.22,G8,Radial Velocity,2008.0,,GasGiant
LSPM J2116+0234 b,LSPM J2116+0234,14.4399,0.0876,0.183,0.04184627,,,,,3475.0,0.43,0.431,-1.69897,-0.05,M3.0 V,Radial Velocity,2019.0,,MiniNeptune
HD 180617 b,HD 180617,105.9,0.3357,0.16,0.0383853,,,,,3557.0,0.45,0.453,-1.48678,0.0,M2.5 V,Radial Velocity,2018.0,,MiniNeptune
HIP 67522 b,HIP 67522,6.9594731,0.0748,0.064,,0.891,,1175.0,,5675.0,1.22,1.38,0.24304,,,Transit,2020.0,89.88,HotJupiter
TOI-904 c,TOI-904,83.9997,0.312,,,0.19332712,,217.26,,3770.2,0.557,0.527,-1.29243,0.022,,Transit,2023.0,89.83,SuperEarth
HIP 14810 d,HIP 14810,981.8,1.94,0.185,0.59,,,,,5544.0,1.01,1.07,-0.01,0.24,G5,Radial Velocity,2009.0,,GasGiant
TOI-904 b,TOI-904,10.8772,0.056,,,0.2164336,,429.43,,3770.2,0.557,0.527,-1.29243,0.022,,Transit,2023.0,88.19,SuperEarth
HD 73534 b,HD 73534,1770.0,3.067,0.074,1.103,,,,,5041.0,1.228,2.39,0.522,0.232,G5 IV,Radial Velocity,2008.0,,GasGiant
HIP 57274 b,HIP 57274,8.1352,0.07,0.187,0.0364975,,,,,4640.0,0.73,0.68,0.19,0.09,K4 V,Radial Velocity,2011.0,,MiniNeptune
HIP 57274 c,HIP 57274,32.03,0.178,0.05,0.40902369,,,,,4640.0,0.73,0.68,0.19,0.09,K4 V,Radial Velocity,2011.0,,GasGiant
HIP 57274 d,HIP 57274,431.7,1.01,0.27,0.5267,,,,,4640.0,0.73,0.68,0.19,0.09,K4 V,Radial Velocity,2011.0,,GasGiant
HD 171238 b,HD 171238,1532.0,2.57,0.234,2.72,,,,,5440.0,0.96,1.01,-0.09,0.2,G8 V,Radial Velocity,2009.0,,GasGiant
K2-73 b,K2-73,7.49556,,,0.02894644,0.23017258,2.8,968.0,209.0,5867.0,1.02,1.058,,0.04,,Transit,2016.0,,MiniNeptune
Gl 49 b,Gl 49,13.8508,0.0905,0.363,0.01771387,,,,,3805.0,0.515,0.511,-1.30645,0.13,M1.5 V,Radial Velocity,2019.0,,
HD 181720 b,HD 181720,956.0,1.78,0.26,0.37,,,,,5781.0,0.92,1.39,0.288,-0.53,G1 V,Radial Velocity,2009.0,,GasGiant
HIP 14810 b,HIP 14810,6.673892,0.0696,0.14399,3.9,,,,,5544.0,1.01,1.07,-0.01,0.24,G5,Radial Velocity,2005.0,,GasGiant
HD 82943 b,HD 82943,441.47,1.18306,0.162,1.681,,,,,5935.0,1.08,1.1826,0.19405,0.26,,Radial Velocity,2003.0,90.0,GasGiant
HD 179079 b,HD 179079,14.476,0.1216,0.115,0.0866,,,,,5684.0,1.146,1.599,0.382,0.25,G5 IV,Radial Velocity,2008.0,,MiniNeptune
HD 88133 b,HD 88133,3.414887,0.0479,0.0,0.282,,,,,5392.0,1.26,2.2,0.57,0.32,G5,Radial Velocity,2004.0,,GasGiant
HD 86081 b,HD 86081,2.1378431,0.0346,0.0119,1.48,,,,,5939.0,1.21,1.46,0.38,0.22,F8,Radial Velocity,2006.0,,GasGiant
TYC 2187-512-1 b,TYC 2187-512-1,691.9,1.22,0.05,0.33,,,,,3734.0,0.498,0.495,-1.38091,0.08,M1.0 V,Radial Velocity,2022.0,,GasGiant
HD 83443 b,HD 83443,2.985628,0.0406,0.012,0.402,,,,,5442.0,1.0,0.94,-0.10403,0.34,K0 V,Radial Velocity,2002.0,,GasGiant
HD 181342 b,HD 181342,562.1,1.65,0.1,2.9,,,,,5040.0,1.89,5.12,1.1758,0.2,K0 III,Radial Velocity,2009.0,,GasGiant
HD 82943 c,HD 82943,220.078,0.74345,0.3663,1.959,,,,,5935.0,1.08,1.1826,0.19405,0.26,,Radial Velocity,2003.0,90.0,GasGiant
HD 9446 b,HD 9446,30.052,0.189,0.2,0.7,,,,,5793.0,1.0,1.0,0.04139,0.09,G5 V,Radial Velocity,2009.0,,GasGiant
HD 75898 b,HD 75898,422.9,1.191,0.11,2.71,,,,,5963.0,1.26,1.58,0.46,0.28,G0,Radial Velocity,2007.0,,GasGiant
HD 9446 c,HD 9446,192.9,0.654,0.06,1.82,,,,,5793.0,1.0,1.0,0.04139,0.09,G5 V,Radial Velocity,2009.0,,GasGiant
HD 81688 b,HD 81688,183.93,0.648,0.04,1.654,,,,,4797.0,1.07,11.13,1.78032,-0.32,K0 III-IV,Radial Velocity,2007.0,,GasGiant
HD 96127 b,HD 96127,647.3,1.4,0.3,4.0,,,,,4152.0,0.91,35.0,2.86,-0.24,K2 III,Radial Velocity,2011.0,,GasGiant
HD 96167 b,HD 96167,498.1,1.332,0.681,0.71,,,,,5733.0,1.27,1.94,0.57,0.34,G5,Radial Velocity,2009.0,,GasGiant
HD 175541 b,HD 175541,297.3,1.03,0.33,0.61,,,,,5060.0,1.65,3.8,0.934,-0.07,G8 IV,Radial Velocity,2007.0,,GasGiant
HD 79498 b,HD 79498,1807.0,2.98,0.575,1.34,,,,,5748.0,1.08,1.05,0.03,0.18,G5,Radial Velocity,2011.0,,GasGiant
HD 73267 b,HD 73267,1260.0,2.198,0.256,3.06,,,,,5317.0,0.89,1.04,-0.106,0.03,G5 V,Radial Velocity,2008.0,,GasGiant
HD 163607 c,HD 163607,1267.4,2.38,0.076,2.16,,,,,5522.0,1.12,1.76,0.42,0.19,G5,Radial Velocity,2010.0,,GasGiant
HD 72659 b,HD 72659,3658.0,4.74,0.22,3.15,,,,,5926.0,1.06,1.36,0.33646,-0.02,G2 V,Radial Velocity,2002.0,,GasGiant
TOI-2048 b,TOI-2048,13.79019,,0.13,,0.232849,,,,5185.0,0.83,0.79,-0.38722,0.02,G V,Transit,2022.0,89.41,MiniNeptune
GJ 15 A c,GJ 15 A,7600.0,5.4,0.27,0.1132681,,,,,3607.0,0.38,0.38,-1.655,-0.34,M1,Radial Velocity,2018.0,,MiniNeptune
HD 167042 b,HD 167042,417.67,1.22,0.01,1.397,,,,,4919.0,1.39,4.63,1.0569,-0.01,K1 IV,Radial Velocity,2007.0,,GasGiant
TOI-1227 b,TOI-1227,27.36397,0.0886,,,0.854,,,3.21,3072.0,0.17,0.56,-2.60033,,M4.5V-M5V,Transit,2022.0,88.571,GasGiant
HD 191939 f,HD 191939,2200.0,3.2,,2.07659223,,,125.0,,5348.0,0.81,0.94,-0.18709,-0.15,G9 V,Radial Velocity,2022.0,,GasGiant
GJ 3512 b,GJ 3512,203.59,0.338,0.4356,0.463,,,,,3081.0,0.123,0.139,-2.8041,-0.07,M5.5 V,Radial Velocity,2019.0,,GasGiant
WASP-148 c,WASP-148,34.524,0.2044,0.1809,0.392,,,,,5555.0,0.954,0.912,-0.13906,0.099,,Radial Velocity,2020.0,104.9,GasGiant
HD 164509 b,HD 164509,280.17,0.87,0.238,0.443,,,,,5859.0,1.12,1.11,0.12,0.2,G5,Radial Velocity,2010.0,,GasGiant
K2-117 b,K2-117,1.291563,0.0188,,,0.18110447,,,123.6,3676.0,0.532,0.513,-1.35655,-0.22,M1.0 V,Transit,2017.0,,SuperEarth
TOI-1883 b,TOI-1883,4.50638,0.0468,,,0.50406011,,524.92,,3477.0,0.492,0.494,-1.49377,,M,Transit,2024.0,89.37,MiniNeptune
HD 52265 b,HD 52265,119.6,0.5,0.35,1.05,,,405.0,,6060.0,1.18,1.1,0.297,0.21,,Radial Velocity,2000.0,,GasGiant
HD 105779 b,HD 105779,2412.0,3.38,0.0,0.64,,,,,5792.0,0.89,0.94,-0.10791,-0.25,G2,Radial Velocity,2022.0,,GasGiant
kap CrB b,kap CrB,1253.68,2.5,0.04,1.522,,,,,4840.0,1.33,4.68,1.03583,0.09,K0 III-IV,Radial Velocity,2007.0,,GasGiant
xi Aql b,xi Aql,136.97,0.625,0.059,1.941,,,,,4841.0,1.74,10.86,1.76745,-0.11,K0 III,Radial Velocity,2007.0,,GasGiant
Lupus-TR-3 b,Lupus-TR-3,3.91405,0.0464,0.0,0.81,0.89,1.4,,,5000.0,0.87,0.82,,,,Transit,2007.0,88.3,GasGiant
HD 170469 b,HD 170469,1145.0,2.1,0.11,0.67,,,,,5810.0,1.14,1.22,0.204,0.3,G5 IV,Radial Velocity,2007.0,,GasGiant
HD 103891 b,HD 103891,1919.0,3.27,0.31,1.44,,,,,6072.0,1.28,2.22,0.78604,-0.19,F9,Radial Velocity,2022.0,,GasGiant
HD 169830 b,HD 169830,229.9,0.82,0.35,2.94,,,345.0,,6300.0,1.4,1.2,,0.21,F8 V,Radial Velocity,2000.0,,GasGiant
HD 1690 b,HD 1690,533.0,1.3,0.64,6.1,,,,,4393.0,1.09,16.7,1.51983,-0.32,K1 III,Radial Velocity,2010.0,,GasGiant
TOI-880.02,TOI-880,2.57571,0.0349,,,0.19537905,,1085.0,,5050.0,0.87,0.83,,0.23,K,Transit,2024.0,87.8,DesertWorld
HD 168746 b,HD 168746,6.403,0.065,0.081,0.23,,,900.0,,5610.0,0.88,,0.04139,-0.06,G5,Radial Velocity,2002.0,,GasGiant
TOI-880 c,TOI-880,6.3872703,0.0635,,,0.44161018,,805.0,,5050.0,0.87,0.83,,0.23,K,Transit,2025.0,88.2,MiniNeptune
HD 5319 b,HD 5319,641.0,1.6697,0.02,1.76,,,,,4958.0,1.51,3.85,0.908,0.15,K3 IV,Radial Velocity,2007.0,,GasGiant
HD 190360 b,HD 190360,3902.0,4.8,0.48,1.33,,,,,5590.0,0.96,1.13,0.053,0.25,G6 IV,Radial Velocity,2003.0,,GasGiant
HD 202206 c,HD 202206,1260.0,2.41,0.22,17.9,,,,,5766.0,1.07,1.04,,0.3,G6 V,Radial Velocity,2004.0,7.7,GasGiant
HD 20794 d,HD 20794,89.68,0.3625,0.077,0.00937613,,,,,5368.0,0.79,0.93,-0.16311,-0.42,G6 V,Radial Velocity,2011.0,,
GJ 1265 b,GJ 1265,3.6511,0.026,0.04,0.02328289,,,,,3236.0,0.178,0.192,-2.4389,-0.04,M4.5 V,Radial Velocity,2018.0,,
HD 20794 b,HD 20794,18.314,0.1257,0.064,0.00676466,,,,,5368.0,0.79,0.93,-0.16311,-0.42,G6 V,Radial Velocity,2011.0,,
HD 219828 b,HD 219828,3.83492,0.0507,0.101,0.066,,,,,5807.0,1.18,1.61,0.42,0.18,G0 IV,Radial Velocity,2007.0,,MiniNeptune
HD 64121 b,HD 64121,623.0,1.51,0.11,2.56,,,,,5078.0,1.64,5.44,1.24797,-0.21,G8/K0 III,Radial Velocity,2022.0,,GasGiant
HD 217786 b,HD 217786,1319.0,2.38,0.4,13.0,,,,,5966.0,1.02,1.27,0.27646,-0.135,F8 V,Radial Velocity,2011.0,,GasGiant
HD 81817 b,HD 81817,1047.1,3.3,0.17,27.1,,,,,4140.0,4.3,83.8,3.26076,-0.17,K3 III,Radial Velocity,2020.0,,GasGiant
GJ 3779 b,GJ 3779,3.0232,0.026,0.07,0.02517069,,,,,3324.0,0.27,0.281,-2.06198,0.0,M4.0 V,Radial Velocity,2018.0,,
HD 210702 b,HD 210702,355.5,1.079,0.071,1.515,,,,,4912.0,1.33,4.54,1.03543,-0.02,K1 IV,Radial Velocity,2007.0,,GasGiant
K2-89 b,K2-89,1.095979,0.017,0.15,,0.09635115,,,144.4,3677.0,0.531616,0.535057,-1.32653,,,Transit,2016.0,85.77,EarthLike
HD 69123 b,HD 69123,1193.3,2.482,0.19,3.04,,,,,4842.0,1.68,7.72,1.46997,0.05,K1 III,Radial Velocity,2022.0,,GasGiant
HD 143361 b,HD 143361,1046.2,1.98,0.193,3.48,,,,,5505.0,0.95,0.99,-0.09151,0.22,G6 V,Radial Velocity,2008.0,,GasGiant
HD 224693 b,HD 224693,26.6904,0.191,0.104,0.7,,,,,5894.0,1.31,1.93,0.61,0.27,G2 V,Radial Velocity,2006.0,,GasGiant
HD 20868 b,HD 20868,380.85,0.947,0.75,1.99,,,,,4795.0,0.78,0.79,-0.529,0.04,K3/4 IV,Radial Velocity,2008.0,,GasGiant
HD 22532 b,HD 22532,872.6,1.9,0.03,2.12,,,,,5038.0,1.57,5.69,1.27416,-0.19,G8 III/IV,Radial Velocity,2022.0,,GasGiant
K2-105 b,K2-105,8.26726,,,0.04845382,0.30332821,2.24,805.0,100.0,5373.0,0.94,0.905,,0.22,,Transit,2017.0,,MiniNeptune
HD 208487 b,HD 208487,129.36,0.53,0.37,0.46,,,,,6134.0,1.15,1.16,0.233,0.09,G2 V,Radial Velocity,2004.0,,GasGiant
TOI-2184 b,TOI-2184,6.90683,,0.08,0.65,1.017,0.76,,1429.0,5966.0,1.53,2.9,,0.14,,Transit,2022.0,,GasGiant
HD 185269 b,HD 185269,6.838,0.077,0.3,0.94,,,,,5980.0,1.28,1.88,,0.11,G0 IV,Radial Velocity,2006.0,,GasGiant
GJ 317 b,GJ 317,692.0,1.15,0.11,2.5,,,,,3510.0,0.42,,,0.36,M2.5 V,Radial Velocity,2007.0,45.0,GasGiant
TYC 1422-614-1 c,TYC 1422-614-1,559.3,1.37,0.048,10.0,,,,,4806.0,1.15,6.85,1.35,-0.2,,Radial Velocity,2014.0,,GasGiant
HD 65216 b,HD 65216,613.1,1.37,0.41,1.21,,,,,5666.0,0.92,,-0.149,-0.12,G5 V,Radial Velocity,2003.0,,GasGiant
HD 187123 b,HD 187123,3.097,0.042,0.03,0.52,,,,,5830.0,1.0,,0.13,0.16,G3 V,Radial Velocity,1998.0,,GasGiant
TYC 1422-614-1 b,TYC 1422-614-1,198.4,0.69,0.06,2.5,,,,,4806.0,1.15,6.85,1.35,-0.2,,Radial Velocity,2014.0,,GasGiant
HD 63454 b,HD 63454,2.817822,0.036,0.0,0.38,,,,,4841.0,0.8,,-0.592,0.11,K4 V,Radial Velocity,2005.0,,GasGiant
GJ 3634 b,GJ 3634,2.64561,0.0287,0.08,0.026,,,,,,0.45,0.43,-1.699,,M2.5,Radial Velocity,2010.0,59.0,
HD 187085 b,HD 187085,986.0,2.05,0.47,0.75,,,,,6075.0,1.22,,2.13,0.05,G0 V,Radial Velocity,2006.0,,GasGiant
GJ 667 C b,GJ 667 C,7.2004,0.0505,0.13,0.018,,,,,3350.0,0.33,,-1.863,-0.55,M1.5 V,Radial Velocity,2012.0,,
HD 183263 c,HD 183263,3070.0,4.35,0.239,3.57,,,,,5867.0,1.06,1.29106,0.25025,0.27,,Radial Velocity,2008.0,,GasGiant
HD 183263 b,HD 183263,635.4,1.525,0.363,3.82,,,,,5867.0,1.06,1.29106,0.25025,0.27,,Radial Velocity,2004.0,,GasGiant
WASP-94 B b,WASP-94 B,2.00839,0.0335,0.0,0.618,,,,,6040.0,1.24,1.35,,0.23,F9,Radial Velocity,2014.0,,GasGiant
HD 70642 b,HD 70642,2101.0,3.295,0.04,3.9,,,,,5732.0,1.078,,,0.22,G6 V,Radial Velocity,2003.0,29.9,GasGiant
HD 7199 b,HD 7199,615.0,1.36,0.19,0.29,,,,,5386.0,0.89,0.96,-0.1549,0.28,,Radial Velocity,2011.0,,GasGiant
HD 66428 b,HD 66428,2293.9,3.471,0.44,3.194,,,,,5669.0,1.01,1.15753,0.09579,0.24,,Radial Velocity,2005.0,,GasGiant
HD 50554 b,HD 50554,1254.6,2.22,0.51,3.7,,,,,5844.0,1.065,1.096,,-0.057,F8 V,Radial Velocity,2002.0,,GasGiant
HD 215152 b,HD 215152,5.75999,0.057638,0.0,0.00572319,,,,,4935.0,0.77,0.73,,-0.1,K3 V,Radial Velocity,2018.0,,
HD 51608 b,HD 51608,14.0726,0.1059,0.09,0.0402,,,,,5358.0,0.8,,-0.24413,-0.07,G7 V,Radial Velocity,2019.0,,MiniNeptune
HD 51608 c,HD 51608,95.9446,0.3809,0.14,0.045,,,,,5358.0,0.8,,-0.24413,-0.07,G7 V,Radial Velocity,2019.0,,MiniNeptune
HD 18742 b,HD 18742,772.0,1.92,0.12,2.7,,,,,5048.0,1.6,4.9,1.14301,-0.04,,Radial Velocity,2011.0,,GasGiant
TOI-1859 b,TOI-1859,63.48347,0.337,0.57,,0.87,,,,6341.0,1.287,1.36,,0.12,,Transit,2023.0,88.64,GasGiant
HD 187123 c,HD 187123,3810.0,4.89,0.252,1.99,,,,,5790.0,1.04,1.15043,0.12713,0.09,,Radial Velocity,2008.0,,GasGiant
HD 213240 b,HD 213240,879.19,1.92,0.4201,5.21,,,,,5975.0,1.22,,,0.16,G0/1 V,Radial Velocity,2001.0,63.0,GasGiant
HD 49674 b,HD 49674,4.9437,0.058,0.29,0.115,,,,,5583.0,0.99,1.04257,-0.02162,0.23,,Radial Velocity,2002.0,,MiniNeptune
TOI-1516 b,TOI-1516,2.056014,,,3.16,1.36,,,,6520.0,1.14,1.14,,-0.05,F8 V,Transit,2022.0,90.0,GasGiant
K2-174 b,K2-174,19.562307,0.126,,,0.23195646,,455.0,,4455.0,0.7,0.676,,0.113,,Transit,2018.0,89.95,MiniNeptune
HD 50499 b,HD 50499,2483.7,3.93,0.27,1.45,,,,,6099.0,1.31,1.42,,0.38,G1 V,Radial Velocity,2005.0,,GasGiant
TOI-2458 c,TOI-2458,16.553,0.129,0.29,0.03215572,,,,,6005.0,1.05,1.31,,-0.1,F9-F9.5,Radial Velocity,2024.0,,MiniNeptune
HD 215152 c,HD 215152,7.28243,0.067393,0.0,0.0054117,,,,,4935.0,0.77,0.73,,-0.1,K3 V,Radial Velocity,2018.0,,
BD-11 4672 b,BD-11 4672,1667.0,2.28,0.05,0.53,,,,,4475.0,0.571,0.52,,-0.48,K7 V,Radial Velocity,2014.0,,GasGiant
HD 103720 b,HD 103720,4.5557,0.0498,0.086,0.62,,,,,5017.0,0.794,0.73,,-0.02,K3 V,Radial Velocity,2014.0,,GasGiant
HD 108341 b,HD 108341,1129.0,2.0,0.85,3.5,,,,,5122.0,0.843,0.79,,0.04,K2 V,Radial Velocity,2014.0,,GasGiant
HD 5891 b,HD 5891,177.11,0.76,0.066,7.6,,,,,4907.0,1.91,8.7,1.5955,-0.02,,Radial Velocity,2011.0,,GasGiant
HD 59686 A b,HD 59686 A,299.36,1.086,0.05,6.92,,,,,4658.0,1.9,13.2,,0.15,K2 III,Radial Velocity,2016.0,,GasGiant
HD 30669 b,HD 30669,1684.0,2.69,0.18,0.47,,,,,5400.0,0.92,0.91,,0.13,G9 V,Radial Velocity,2014.0,,GasGiant
HD 564 b,HD 564,492.3,1.2,0.096,0.33,,,,,5902.0,0.961,1.01,,-0.2,G2/G3 V,Radial Velocity,2014.0,,GasGiant
HD 212771 b,HD 212771,373.3,1.22,0.111,2.3,,,,,5121.0,1.15,5.0,1.18752,-0.21,,Radial Velocity,2009.0,,GasGiant
HD 206610 b,HD 206610,610.0,1.68,0.229,2.2,,,,,4874.0,1.56,6.1,1.27646,0.14,,Radial Velocity,2009.0,,GasGiant
GJ 433 b,GJ 433,7.3709,0.058,0.08,0.018,,,,,3600.0,0.48,,-1.469,-0.22,M1.5,Radial Velocity,2011.0,,
HD 75898 c,HD 75898,6717.0,7.39,0.08,8.49,,,,,6122.0,1.295,,,0.29,F8 V,Radial Velocity,2024.0,153.0,GasGiant
HD 82886 b,HD 82886,705.0,1.65,0.066,1.3,,,,,5112.0,1.06,4.8,1.14301,-0.31,,Radial Velocity,2011.0,,GasGiant
K2-87 b,K2-87,9.726618,0.094,,,0.67802659,,979.0,,5747.0,1.164,1.401,,0.328,,Transit,2016.0,87.74,GasGiant
HD 81040 b,HD 81040,1002.7,1.946,0.525,7.24,,,,,,0.99,,-0.07676,-0.04,G2/G3,Radial Velocity,2005.0,73.0,GasGiant
HD 20781 b,HD 20781,5.3135,0.0529,0.1,0.0061,,,,,5256.0,0.7,,-0.3098,-0.11,K0 V,Radial Velocity,2019.0,,
HAT-P-44 c,HAT-P-44,872.2,1.752,0.494,4.0,,,,,5295.0,0.942,0.949,-0.194,0.33,,Radial Velocity,2014.0,,GasGiant
HD 181433 b,HD 181433,9.3743,0.08,0.396,0.024,,,,,4962.0,0.78,,-0.511,0.33,K3 IV,Radial Velocity,2008.0,,
HD 20782 b,HD 20782,577.9,1.359,0.57,0.73,,,,,5782.13,1.04,1.12681,0.10674,-0.0537,,Radial Velocity,2006.0,,GasGiant
gam Cep b,gam Cep,905.574,2.13,0.12,1.7,,,,,4888.0,1.59,4.66,,0.18,K1 IV,Radial Velocity,2003.0,,GasGiant
HD 180902 b,HD 180902,479.0,1.39,0.09,1.6,,,,,5030.0,1.52,4.1,0.97313,0.04,,Radial Velocity,2009.0,,GasGiant
HD 8535 b,HD 8535,1313.0,2.45,0.15,0.68,,,,,6136.0,1.13,1.19,,0.06,G0 V,Radial Velocity,2010.0,,GasGiant
HD 86264 b,HD 86264,1475.0,2.86,0.7,7.0,,,,,6210.0,1.42,1.88,0.66,0.202,,Radial Velocity,2009.0,,GasGiant
HD 8574 b,HD 8574,227.55,0.77,0.288,2.11,,,,,6031.0,1.12,1.41292,0.37649,0.03,,Radial Velocity,2002.0,,GasGiant
HD 39194 b,HD 39194,5.6368,0.056,0.207,0.01258541,,,,,5205.0,0.67,,-0.40894,-0.61,K0 V,Radial Velocity,2021.0,,
HD 39194 c,HD 39194,14.03,0.103,0.154,0.01982202,,,,,5205.0,0.67,,-0.40894,-0.61,K0 V,Radial Velocity,2021.0,,
HD 39194 d,HD 39194,33.91,0.185,0.333,0.01258541,,,,,5205.0,0.67,,-0.40894,-0.61,K0 V,Radial Velocity,2021.0,,
HD 20781 c,HD 20781,13.8905,0.1004,0.09,0.0168,,,,,5256.0,0.7,,-0.3098,-0.11,K0 V,Radial Velocity,2019.0,,
HD 181433 d,HD 181433,2468.46,3.29347,0.46626,0.52514,,,,,4929.63,0.81,0.810841,-0.45618,0.4012,,Radial Velocity,2008.0,,GasGiant
HD 74156 b,HD 74156,51.6385,0.2916,0.638,1.778,,,,,5977.0,1.1,1.47932,0.40075,0.11,,Radial Velocity,2003.0,,GasGiant
HD 74156 c,HD 74156,2448.9,3.82,0.3829,7.997,,,,,5977.0,1.1,1.47932,0.40075,0.11,,Radial Velocity,2003.0,,GasGiant
K2-72 b,K2-72,5.577212,0.04,0.11,,0.09635115,,,8.5,3360.47,0.271365,0.330989,,,,Transit,2016.0,89.15,EarthLike
K2-127 b,K2-127,3.588165,0.041,0.12,,0.77259345,,,105.6,4387.84,0.699933,0.676994,,,,Transit,2017.0,87.22,GasGiant
HD 86728 b,HD 86728,31.1515,0.1916,0.067,0.0296701,,,,,5610.0,0.967,1.237,0.13513,0.2,,Radial Velocity,2025.0,,
Kepler-37 e,Kepler-37,51.2069,0.246,0.0,,0.03300925,,401.0,,5288.0,0.753,0.728,,,,Transit Timing Variations,2014.0,89.95,EarthLike
Kepler-419 c,Kepler-419,675.47,1.68,0.184,7.3,,,,,6430.0,1.39,1.74,,0.176,,Transit Timing Variations,2014.0,88.0,GasGiant
HIP 105854 b,HIP 105854,184.2,0.81,0.02,8.2,,,,,4780.0,2.1,,1.67,0.31,K2 III,Radial Velocity,2014.0,,GasGiant
GJ 687 b,GJ 687,38.14,0.16353,0.04,0.058,,,,,3413.0,0.413,0.4183,-1.672,,M3 V,Radial Velocity,2014.0,,MiniNeptune
K2-126 b,K2-126,7.387073,0.066,0.06,,0.1641538,,,35.3,4367.83,0.697192,0.62115,,,,Transit,2017.0,89.4,SuperEarth
HD 181433 c,HD 181433,962.0,1.76,0.28,0.64,,,,,4962.0,0.78,,-0.511,0.33,K3 IV,Radial Velocity,2008.0,,GasGiant
HD 7449 b,HD 7449,1275.0,2.3,0.82,1.11,,,,,6024.0,1.05,1.01,0.08279,-0.11,,Radial Velocity,2011.0,,GasGiant
HD 75289 b,HD 75289,3.5098,0.046,0.024,0.42,,,1260.0,,6000.0,1.15,,,0.29,G0,Radial Velocity,1999.0,,HotJupiter
HD 150706 b,HD 150706,13100.0,11.5,0.787,2.43,,,,,5961.0,1.17,,,-0.01,G0 V,Radial Velocity,2012.0,70.0,GasGiant
HD 218566 b,HD 218566,225.7,0.6873,0.3,0.21,,,,,4820.0,0.85,0.86,-0.45223,0.38,,Radial Velocity,2010.0,,GasGiant
GJ 876 b,GJ 876,61.065,0.211,0.031,2.64,,,,,,0.334,,-1.886,0.05,M4 V,Radial Velocity,1998.0,48.98,GasGiant
HD 20003 c,HD 20003,33.9239,0.1964,0.1,0.0454,,,,,5494.0,0.875,,-0.14267,0.04,G8 V,Radial Velocity,2019.0,,MiniNeptune
HD 35843 b,HD 35843,9.8991,0.088,0.0,0.01837469,,,,,5666.0,0.94,0.897,-0.12494,-0.27,,Radial Velocity,2025.0,,
GJ 876 c,GJ 876,30.455,0.13065,0.2632,0.79,,,,,3271.0,0.336778,0.352224,-1.89295,,,Radial Velocity,2000.0,50.0,GasGiant
TOI-2076 e,TOI-2076,3.0223445,0.0385,,,0.1209,,1138.0,,5192.0,0.8557,0.796,,0.02,,Transit,2025.0,90.0,DesertWorld
HD 200964 b,HD 200964,613.8,1.601,0.04,1.85,,,,,5164.0,1.44,4.3,1.064,-0.15,,Radial Velocity,2010.0,,GasGiant
91 Aqr b,91 Aqr,181.4,0.7,0.027,3.2,,,,,4665.0,1.4,11.0,,-0.03,K0 III,Radial Velocity,2013.0,,GasGiant
HD 31253 b,HD 31253,466.0,1.26,0.3,0.5,,,,,5960.0,1.23,1.71,0.51667,0.16,,Radial Velocity,2010.0,,GasGiant
HD 31527 b,HD 31527,16.5535,0.1254,0.1,0.0329,,,,,5898.0,0.96,,0.07918,-0.17,G2 V,Radial Velocity,2019.0,,MiniNeptune
HD 31527 c,HD 31527,51.2053,0.2663,0.04,0.0445,,,,,5898.0,0.96,,0.07918,-0.17,G2 V,Radial Velocity,2019.0,,MiniNeptune
HD 31527 d,HD 31527,271.6737,0.8098,0.24,0.0372,,,,,5898.0,0.96,,0.07918,-0.17,G2 V,Radial Velocity,2019.0,,MiniNeptune
HD 32518 b,HD 32518,157.35,0.594,0.028,2.849,,,,,4580.0,1.13,10.22,,-0.15,K1 III,Radial Velocity,2009.0,,GasGiant
K2-14 b,K2-14,8.368791,0.069,0.14,,0.66821304,,,5.5,3970.42,0.623433,0.623332,,,,Transit,2015.0,88.19,GasGiant
WASP-47 c,WASP-47,580.7,1.41,0.36,1.57,,,,,5576.0,1.11,1.16,,0.36,,Radial Velocity,2015.0,87.0,GasGiant
HD 196050 b,HD 196050,1393.0,2.585,0.178,4.55,,,,,5892.0,1.18,,,0.229,G3 V,Radial Velocity,2002.0,41.0,GasGiant
HD 195019 b,HD 195019,18.20163,0.1388,0.014,3.7,,,,,5750.0,1.03,1.47866,0.3331,0.04,,Radial Velocity,1998.0,,GasGiant
HD 200964 c,HD 200964,825.0,1.95,0.181,0.895,,,,,5164.0,1.44,4.3,1.064,-0.15,,Radial Velocity,2010.0,,GasGiant
HD 217107 c,HD 217107,5189.0,6.074,0.3848,4.513,,,,,5575.0,0.98,1.19931,0.09754,0.28,,Radial Velocity,2005.0,,GasGiant
GJ 876 e,GJ 876,124.4,0.345,0.04,0.05663768,,,,,3271.0,0.336778,0.352224,-1.89295,,,Radial Velocity,2010.0,59.0,MiniNeptune
Kepler-725 c,Kepler-725,207.541,0.6744,0.436,0.03051961,,,268.0,1.4,5395.0,0.95,0.88,,,,Transit Timing Variations,2025.0,,EarthLike
GJ 9773 b,GJ 9773,2965.0,2.921,0.218,0.543,,,,,3528.0,0.358,0.362,,-0.2,M3.0 V,Radial Velocity,2025.0,,GasGiant
HD 217107 b,HD 217107,7.126816,0.0748,0.1267,1.39,,,,,5575.0,0.98,1.19931,0.09754,0.28,,Radial Velocity,1998.0,,GasGiant
GJ 508.2 b,GJ 508.2,5300.0,4.85,0.27,1.85,,,,,3720.0,0.54,0.53,,-0.15,M1.0 V,Radial Velocity,2025.0,,GasGiant
GJ 876 d,GJ 876,1.93774,0.0208067,0.0,0.024,,,,,3271.0,0.336778,0.352224,-1.89295,,,Radial Velocity,2005.0,50.0,
HD 3651 b,HD 3651,62.197,0.28,0.63,0.2,,,,,5274.92,0.9,0.873266,-0.27415,0.1453,,Radial Velocity,2003.0,,GasGiant
K2-17 b,K2-17,17.969029,0.117,0.18,,0.18110447,,,10.5,4118.41,0.657836,0.626014,,,,Transit,2015.0,89.08,SuperEarth
K2-90 b,K2-90,13.733314,0.096,,,0.23195646,,502.0,,4484.0,0.629,0.619,,-0.225,,Transit,2016.0,89.24,MiniNeptune
HD 23596 b,HD 23596,1565.0,2.88,0.292,8.1,,,,,5982.0,1.1,1.57785,0.45821,0.28,,Radial Velocity,2003.0,,GasGiant
GJ 832 b,GJ 832,3416.0,3.4,0.12,0.64,,,,,3657.0,0.45,0.48,,-0.7,M1.5,Radial Velocity,2008.0,,GasGiant
HD 240210 b,HD 240210,501.75,1.16,0.15,5.21,,,,,4297.0,0.82,,1.55,-0.18,K3 III,Radial Velocity,2009.0,,GasGiant
K2-81 b,K2-81,6.102325,0.059,0.06,,0.17575163,,,62.9,4674.13,0.745273,0.634663,,,,Transit,2016.0,89.29,SuperEarth
HD 2638 b,HD 2638,3.4442,0.044,0.0,0.48,,,,,5192.0,0.93,,-0.33,0.16,G5,Radial Velocity,2005.0,,GasGiant
GJ 674 b,GJ 674,4.6938,0.039,0.2,0.035,,,,,3600.0,0.35,,-1.796,-0.28,M2.5,Radial Velocity,2007.0,,MiniNeptune
K2-83 b,K2-83,2.747227,0.032,0.07,,0.15255598,,,38.8,3875.75,0.594112,0.547001,,,,Transit,2016.0,88.72,EarthLike
HD 23079 b,HD 23079,735.74,,0.07348,2.66,,,,,5994.0,1.16,1.08,0.13033,-0.129,F9.5 V,Radial Velocity,2001.0,,GasGiant
GJ 667 C c,GJ 667 C,28.14,0.125,0.02,0.012,,,,,3350.0,0.33,,-1.863,-0.55,M1.5 V,Radial Velocity,2013.0,,
K2-90 c,K2-90,2.900706,0.035,0.19,,0.11597823,,,80.8,4421.98,0.704613,0.634754,,,,Transit,2016.0,86.94,EarthLike
HD 30562 b,HD 30562,1153.0,2.299,0.748,1.47,,,,,5861.0,1.219,,,0.243,G2 IV,Radial Velocity,2009.0,65.0,GasGiant
HD 196885 A b,HD 196885 A,1346.85,2.63,0.462,2.96,,,,,6340.0,1.33,,0.38,0.29,F8 V,Radial Velocity,2007.0,,GasGiant
HD 30856 b,HD 30856,912.0,1.8,0.117,1.8,,,,,4982.0,1.35,4.2,0.99564,-0.06,,Radial Velocity,2011.0,,GasGiant
HD 28185 b,HD 28185,385.92,1.034,0.063,5.85,,,,,5602.0,0.974,1.048,-0.01323,0.19,,Radial Velocity,2001.0,,GasGiant
GJ 1289 b,GJ 1289,111.74,0.27,0.0,0.01972763,,,150.0,,3296.0,0.21,,,0.02,M4.5 Ve,Radial Velocity,2024.0,,IceWorld
HD 27894 b,HD 27894,17.991,0.122,0.049,0.62,,,,,4875.0,0.8,,-0.449,0.3,K2 V,Radial Velocity,2005.0,,GasGiant
HD 20003 b,HD 20003,11.8482,0.0974,0.36,0.0367,,,,,5494.0,0.875,,-0.14267,0.04,G8 V,Radial Velocity,2019.0,,MiniNeptune
HD 30177 b,HD 30177,2770.0,3.95,0.193,10.45,,,,,5545.71,0.98,1.19258,0.0835,0.3699,,Radial Velocity,2002.0,,GasGiant
HD 285968 b,HD 285968,8.7836,0.066,0.0,0.026,,,450.0,,,0.5,,-1.658,-0.1,M2 V,Radial Velocity,2008.0,,EarthLike
HD 28678 b,HD 28678,387.1,1.25,0.168,1.7,,,,,5076.0,1.74,6.2,1.35984,-0.11,,Radial Velocity,2011.0,,GasGiant
HD 73344 d,HD 73344,5823.0,6.7,0.18,2.55,,,,,6148.0,1.19,1.22,,0.16,,Radial Velocity,2025.0,59.0,GasGiant
TOI-1422 c,TOI-1422,34.5633,0.205,0.2,0.04404893,0.232849,4.3,628.0,,,,,,,G2 V,Radial Velocity,2025.0,89.77,MiniNeptune
8 UMi b,8 UMi,93.4,0.49,0.06,1.5,,,,,4847.4,1.8,9.9,,-0.03,K0,Radial Velocity,2015.0,,GasGiant
HD 4313 b,HD 4313,356.0,1.19,0.041,2.3,,,,,5035.0,1.72,4.9,1.14922,0.14,,Radial Velocity,2009.0,,GasGiant
HD 12648 b,HD 12648,133.6,0.54,0.04,2.9,,,,,4835.8,1.2,9.2,,-0.57,G5,Radial Velocity,2015.0,,GasGiant
WASP-41 c,WASP-41,421.0,1.07,0.294,3.18,,,241.0,,5545.0,0.93,0.87,,0.06,,Radial Velocity,2015.0,,GasGiant
HD 11755 b,HD 11755,433.7,1.08,0.19,6.5,,,,,4312.5,0.9,27.3,,-0.74,G5,Radial Velocity,2015.0,,GasGiant
HD 24064 b,HD 24064,535.6,1.29,0.35,9.4,,,,,4052.5,1.0,38.0,,-0.49,K0,Radial Velocity,2015.0,,GasGiant
HD 204941 b,HD 204941,1733.0,2.56,0.37,0.266,,,,,5056.0,0.74,0.72,-0.50864,-0.19,,Radial Velocity,2011.0,,GasGiant
HD 215497 b,HD 215497,3.93404,0.047,0.16,0.02,,,,,5113.0,0.872,,-0.41,0.23,K3 V,Radial Velocity,2009.0,,
HD 45364 c,HD 45364,345.43,0.902,0.019,0.549,,,,,5466.0,0.82,0.89,-0.19586,,K0 V,Radial Velocity,2008.0,,GasGiant
TOI-2046 b,TOI-2046,1.4971842,,,2.3,1.44,,,,6250.0,1.13,1.21,,-0.06,F8 V,Transit,2022.0,83.6,GasGiant
HD 205739 b,HD 205739,279.8,0.896,0.27,1.37,,,,,6176.0,1.22,1.33,0.36,0.19,,Radial Velocity,2008.0,,GasGiant
K2-88 b,K2-88,4.61228,0.042,0.26,,0.20519226,,,16.4,3624.15,0.477046,0.459539,,,,Transit,2016.0,87.75,SuperEarth
HD 45364 b,HD 45364,226.93,0.6813,0.1684,0.1872,,,,,5434.0,0.82,,-0.24413,-0.17,K0 V,Radial Velocity,2008.0,,GasGiant
HD 204313 b,HD 204313,2050.0,3.208,0.091,4.96,,,,,5767.0,1.045,,,0.18,G5 V,Radial Velocity,2010.0,64.0,GasGiant
HD 45184 b,HD 45184,5.8854,0.0644,0.07,0.0384,,,,,5869.0,1.03,,0.05308,0.04,G1.5 V,Radial Velocity,2019.0,,MiniNeptune
HD 45350 b,HD 45350,963.6,1.92,0.778,1.79,,,,,5566.0,0.98,1.26442,0.14065,0.23,,Radial Velocity,2004.0,,GasGiant
HD 215497 c,HD 215497,567.94,1.282,0.49,0.33,,,,,5113.0,0.872,,-0.41,0.23,K3 V,Radial Velocity,2009.0,,GasGiant
HD 4203 b,HD 4203,437.05,1.1735,0.52,1.82,,,,,5582.0,0.99,1.49795,0.29285,0.34,,Radial Velocity,2001.0,,GasGiant
Gaia-5 b,Gaia-5,358.62,,0.6423,20.87,,,,,3447.0,0.339,0.345,-1.82594,-0.18,,Astrometry,2025.0,129.7,GasGiant
Gaia-4 b,Gaia-4,571.3,,0.338,11.8,,,,,4034.0,0.644,0.624,-0.99957,0.05,,Astrometry,2025.0,116.9,GasGiant
HD 21693 c,HD 21693,53.7357,0.2586,0.07,0.0547,,,,,5430.0,0.8,,-0.20761,0.0,G8 V,Radial Velocity,2019.0,,MiniNeptune
HD 21693 b,HD 21693,22.6786,0.1455,0.12,0.0259,,,,,5430.0,0.8,,-0.20761,0.0,G8 V,Radial Velocity,2019.0,,
HD 23079 c,HD 23079,5.748913,,0.097,0.02598887,,,,,5994.0,1.16,1.08,0.13033,-0.129,F9.5 V,Radial Velocity,2025.0,,
HD 196067 c,HD 196067,4.601088,,0.235,0.03272206,,,,,6072.0,1.16,1.71,0.549,0.213,G0 V,Radial Velocity,2025.0,,MiniNeptune
HIP 18606 b,HIP 18606,674.94,1.61,,0.77,,,,,4860.0,1.21,4.83,1.06,-0.01,K0/1 III,Radial Velocity,2025.0,,GasGiant
HIP 111909 b,HIP 111909,487.08,1.32,,1.21,,,,,4891.0,1.28,4.53,1.02,-0.01,K1 III,Radial Velocity,2025.0,,GasGiant
HIP 111909 c,HIP 111909,893.63,1.97,,0.81,,,,,4891.0,1.28,4.53,1.02,-0.01,K1 III,Radial Velocity,2025.0,,GasGiant
TOI-2141 c,TOI-2141,5.4624,0.0585,,0.0193186,,,1095.0,241.0,5635.0,0.896,0.95,,-0.14,,Radial Velocity,2025.0,,DesertWorld
HD 38529 b,HD 38529,14.32,0.13,0.27,0.77,,,,,5370.0,1.39,2.82,,0.29,G4 IV,Radial Velocity,2000.0,,GasGiant
HD 38529 c,HD 38529,2146.1,3.72,0.3551,13.1,,,,,5541.0,0.98,2.83515,0.8342,0.32,,Radial Velocity,2000.0,,GasGiant
TOI-2141 d,TOI-2141,60.45,0.2906,,0.04688064,,,491.4,9.8,5635.0,0.896,0.95,,-0.14,,Radial Velocity,2025.0,,MiniNeptune
K2-4 b,K2-4,10.003417,0.078,0.08,,0.18734945,,,15.6,4014.73,0.635026,0.569359,,,,Transit,2015.0,89.54,SuperEarth
K2-72 e,K2-72,24.158868,0.106,0.11,,0.11508609,,,1.2,3360.47,0.271365,0.330989,,,,Transit,2016.0,89.68,EarthLike
K2-72 c,K2-72,15.189034,0.078,0.11,,0.10348827,,,2.2,3360.47,0.271365,0.330989,,,,Transit,2016.0,89.54,EarthLike
HD 40979 b,HD 40979,263.84,0.855,0.269,3.83,,,,,6139.0,1.16,1.2352,0.29056,0.25,,Radial Velocity,2002.0,,GasGiant
K2-91 b,K2-91,1.419604,0.018,0.09,,0.10884111,,,56.1,3488.9,0.383934,0.32067,,,,Transit,2016.0,88.62,EarthLike
alf Tau b,alf Tau,628.96,1.46,0.1,6.47,,,,,4055.0,1.13,45.1,,-0.27,K5 III,Radial Velocity,2015.0,,GasGiant
HD 4113 b,HD 4113,526.62,1.28,0.903,1.56,,,,,5688.0,0.99,,0.086,0.2,G5,Radial Velocity,2007.0,,GasGiant
BD+37 3172 b,BD+37 3172,1887.76,4.65,0.59,10.6,,,,,4500.0,3.75,50.24,2.84,-0.03,,Radial Velocity,2023.0,,GasGiant
BD+42 2315 b,BD+42 2315,123.05,0.54,0.73,0.55,,,,,4500.0,1.38,17.85,1.99,-0.2,,Radial Velocity,2023.0,,GasGiant
55 Cnc B b,55 Cnc B,6.7994,0.044,0.0,0.01101223,,,,,3286.0,0.26,0.274,,0.16,M4.5 V,Radial Velocity,2025.0,,
K2-83 c,K2-83,9.997442,0.076,0.06,,0.18824159,,,6.9,3875.75,0.594112,0.547001,,,,Transit,2016.0,89.51,SuperEarth
55 Cnc B c,55 Cnc B,33.747,0.13,0.0,0.01667566,,,,,3286.0,0.26,0.274,,0.16,M4.5 V,Radial Velocity,2025.0,,
K2-72 d,K2-72,7.760178,0.05,0.11,,0.09010616,,,5.4,3360.47,0.271365,0.330989,,,,Transit,2016.0,89.26,EarthLike
HD 216437 b,HD 216437,1336.0,2.501,0.318,3.88,,,,,5909.0,1.165,,,0.2,G1 V,Radial Velocity,2002.0,35.0,GasGiant
HD 190360 c,HD 190360,17.111,0.1304,0.237,0.06,,,,,5549.0,0.98,1.16804,0.06647,0.19,,Radial Velocity,2005.0,,MiniNeptune
HIP 5158 c,HIP 5158,9017.76,7.7,0.14,15.04,,,,,4813.0,0.78,0.754089,-0.5608,0.17,,Radial Velocity,2011.0,,GasGiant
HD 1502 b,HD 1502,431.8,1.31,0.101,3.1,,,,,5049.0,1.61,4.5,1.06446,0.09,,Radial Velocity,2011.0,,GasGiant
HD 117618 b,HD 117618,25.827,0.176,0.42,0.178,,,,,5995.71,1.1,1.18438,0.21304,0.0283,,Radial Velocity,2004.0,,GasGiant
HD 180314 b,HD 180314,396.03,1.4,0.257,22.0,,,,,4917.0,2.6,9.2,1.64345,0.2,,Radial Velocity,2010.0,,GasGiant
HD 166724 b,HD 166724,5144.0,5.42,0.734,3.53,,,,,5127.0,0.81,,-0.509,-0.09,K0 IV-V,Radial Velocity,2012.0,,GasGiant
HD 153950 b,HD 153950,499.4,1.28,0.34,2.73,,,,,6076.0,1.12,1.34,0.34635,-0.01,,Radial Velocity,2008.0,,GasGiant
HD 152581 b,HD 152581,689.0,1.48,0.074,1.5,,,,,5155.0,0.927,4.8,1.17319,-0.46,,Radial Velocity,2011.0,,GasGiant
HD 116029 b,HD 116029,670.0,1.78,0.054,2.1,,,,,4951.0,1.58,4.6,1.05308,0.18,,Radial Velocity,2011.0,,GasGiant
HD 117207 b,HD 117207,2606.0,3.773,0.04,2.106,,,,,5732.0,1.053,,,0.19,G7 IV-V,Radial Velocity,2004.0,76.6,GasGiant
K2-52 b,K2-52,3.535055,0.054,,,1.60585244,,2004.0,,7147.0,1.691,2.192,,0.055,,Transit,2016.0,86.46,HotJupiter
TOI-1272 c,TOI-1272,8.6811,0.079,0.12,0.06827584,,,,,5065.0,0.8772,0.7934,-0.42597,0.182,,Radial Velocity,2022.0,,MiniNeptune
HD 11964 b,HD 11964,1945.0,3.16,0.041,0.622,,,,,5303.0,0.91,2.00971,0.45905,0.1,,Radial Velocity,2005.0,,GasGiant
HD 11964 c,HD 11964,37.91,0.229,0.3,0.0788,,,,,5303.0,0.91,2.00971,0.45905,0.1,,Radial Velocity,2008.0,,MiniNeptune
HD 148156 b,HD 148156,1027.0,2.45,0.52,0.85,,,,,6308.0,1.22,1.21,0.25042,0.29,,Radial Velocity,2009.0,,GasGiant
HD 156846 b,HD 156846,359.51,0.993,0.8472,10.45,,,,,6138.0,1.43,,0.69723,0.22,G0 V,Radial Velocity,2007.0,,GasGiant
HD 110014 b,HD 110014,835.477,2.14,0.462,11.09,,,,,4445.0,2.17,20.9,,0.19,K2 III,Radial Velocity,2009.0,,GasGiant
ups And b,ups And,4.617111,0.0594,0.012,0.69,,,,,6089.0,1.31,1.64,,0.131,F8 V,Radial Velocity,1996.0,,GasGiant
ups And c,ups And,241.33,0.832,0.224,1.92,,,,,6105.51,1.15,1.63649,0.52541,0.1014,,Radial Velocity,1999.0,,GasGiant
TOI-2260 b,TOI-2260,0.3524728,0.0097,,,0.14452697,,2609.0,,5534.0,0.99,0.94,,0.22,G V,Transit,2022.0,,LavaWorld
HD 111232 b,HD 111232,1168.69,2.051,0.2083,7.47,,,,,5494.0,0.83,,,-0.36,G8 V,Radial Velocity,2003.0,77.1,GasGiant
HD 156668 b,HD 156668,4.6455,0.05,0.0,0.013,,,,,4850.0,0.772,0.72,0.23,0.05,,Radial Velocity,2010.0,,
ups And d,ups And,1278.1,2.53,0.267,4.13,,,,,6105.51,1.15,1.63649,0.52541,0.1014,,Radial Velocity,1999.0,,GasGiant
HD 159868 b,HD 159868,986.0,2.0,0.69,1.7,,,,,5534.0,0.97,2.06273,0.55574,-0.06,,Radial Velocity,2006.0,,GasGiant
HD 207832 c,HD 207832,1155.7,2.112,0.27,0.73,,,,,5710.0,0.94,0.901,-0.112,0.06,,Radial Velocity,2012.0,,GasGiant
HD 108874 c,HD 108874,1680.0,2.77,0.273,1.064,,,,,5533.0,0.97,1.08736,-0.00072,0.15,,Radial Velocity,2005.0,,GasGiant
HD 109246 b,HD 109246,68.27,0.33,0.12,0.77,,,,,5844.0,1.01,1.02,,0.1,G0 V,Radial Velocity,2010.0,,GasGiant
HD 158038 b,HD 158038,521.0,1.52,0.291,1.8,,,,,4897.0,1.65,4.8,1.07555,0.28,,Radial Velocity,2011.0,,GasGiant
HD 114783 b,HD 114783,496.9,1.169,0.085,1.034,,,,,5084.0,0.85,0.839444,-0.3725,0.12,,Radial Velocity,2001.0,,GasGiant
tau Gem b,tau Gem,305.5,1.17,0.031,20.6,,,,,4388.0,2.3,26.8,,0.14,K2 III,Radial Velocity,2013.0,,GasGiant
HD 154345 b,HD 154345,3538.0,4.3,0.26,1.0,,,,,5455.0,0.95,0.869746,-0.21934,-0.13,,Radial Velocity,2006.0,,GasGiant
HD 154857 b,HD 154857,409.0,1.2,0.47,1.8,,,,,5604.56,0.99,2.27465,0.66269,-0.2236,,Radial Velocity,2004.0,,GasGiant
TOI-2133 b,TOI-2133,3.8266472,0.041,,,0.2114376,,798.0,,4250.0,0.644,0.62,,-0.01,,Transit,2026.0,89.5,SuperEarth
TOI-1860 b,TOI-1860,1.0662107,0.0204,,,0.11687057,,1885.0,,5752.0,0.99,0.94,,0.04,G V,Transit,2022.0,,LavaWorld
K2-53 b,K2-53,12.20772,0.098,,,0.23195646,,665.0,,5263.0,0.851,0.807,,-0.037,,Transit,2016.0,89.32,MiniNeptune
HD 134060 b,HD 134060,3.2696,0.0444,0.45,0.0318,,,,,5966.0,1.095,,0.15836,0.14,G3 IV,Radial Velocity,2019.0,,MiniNeptune
HD 134060 c,HD 134060,1291.5646,2.3928,0.11,0.0922,,,,,5966.0,1.095,,0.15836,0.14,G3 IV,Radial Velocity,2019.0,,MiniNeptune
HD 142245 b,HD 142245,1299.0,2.77,0.09,1.9,,,,,4878.0,1.69,5.2,1.13033,0.23,,Radial Velocity,2011.0,,GasGiant
HD 142022 A b,HD 142022 A,1928.0,3.03,0.53,5.1,,,,,5499.0,0.99,,0.00432,0.19,K0,Radial Velocity,2005.0,,GasGiant
HD 141937 b,HD 141937,653.22,1.52,0.41,9.7,,,,,5925.0,1.1,,0.06819,0.11,G2/G3 V,Radial Velocity,2002.0,,GasGiant
HD 132406 b,HD 132406,974.0,1.98,0.34,5.61,,,,,5759.29,1.03,1.35486,0.25996,0.1293,,Radial Velocity,2007.0,,GasGiant
BD+60 1417 b,BD+60 1417,,1662.0,,15.0,1.31,,1303.0,,4993.0,1.0,0.797,0.35595,,K0,Imaging,2021.0,,HotJupiter
HD 13808 b,HD 13808,14.1815,0.10519,0.071,0.03523896,,,,,5035.0,0.771,0.781,,-0.21,K2 V,Radial Velocity,2021.0,,MiniNeptune
HD 137388 b,HD 137388,330.0,0.89,0.36,0.223,,,,,5240.0,0.86,0.82,-0.33724,0.18,,Radial Velocity,2011.0,,GasGiant
HD 136418 b,HD 136418,464.3,1.32,0.255,2.0,,,,,5071.0,1.33,3.4,0.83251,-0.07,,Radial Velocity,2009.0,,GasGiant
KOI-984 c,KOI-984,8.5999,0.0796,0.02,0.07551244,,,943.0,,5295.0,0.928,0.818,,0.12,,Transit Timing Variations,2022.0,,MiniNeptune
HD 13808 c,HD 13808,53.753,0.2554,0.156,0.03133751,,,,,5035.0,0.771,0.781,,-0.21,K2 V,Radial Velocity,2021.0,,
K2-43 b,K2-43,3.471341,0.038,0.07,,0.42376662,,,46.4,3889.72,0.598864,0.587449,,,,Transit,2016.0,88.9,MiniNeptune
HD 139357 b,HD 139357,1128.0,2.35,0.102,18.2,,,,,4700.0,1.35,,,-0.13,K4 III,Radial Velocity,2008.0,33.4,GasGiant
HD 13931 b,HD 13931,4449.0,5.338,0.031,2.8,,,,,5829.0,1.022,,,0.03,G0,Radial Velocity,2009.0,43.0,GasGiant
K2-45 b,K2-45,1.729257,0.025,0.1,,0.93139442,,,380.5,4262.1,0.682189,0.685548,,,,Transit,2016.0,87.75,GasGiant
HD 126614 b,HD 126614,1244.0,2.35,0.41,0.38,,,,,5585.0,1.145,1.09,0.08279,0.56,,Radial Velocity,2009.0,,GasGiant
HD 145457 b,HD 145457,176.3,0.76,0.112,2.9,,,,,4757.0,1.9,9.9,1.65514,-0.14,,Radial Velocity,2010.0,,GasGiant
HD 12661 b,HD 12661,262.709,0.8079,0.3768,2.176,,,,,5748.0,1.02,1.11,0.063,0.36,,Radial Velocity,2000.0,,GasGiant
HD 145377 b,HD 145377,103.95,0.45,0.307,5.76,,,,,6046.0,1.12,1.14,0.19312,0.12,,Radial Velocity,2008.0,,GasGiant
K2-119 b,K2-119,7.728578,0.07,0.07,,0.20430012,,,54.9,4752.8,0.762669,0.679343,,,,Transit,2017.0,89.4,SuperEarth
HD 131496 b,HD 131496,883.0,2.09,0.163,2.2,,,,,4927.0,1.61,4.3,0.99123,0.25,,Radial Velocity,2011.0,,GasGiant
HD 129445 b,HD 129445,1802.0,2.984,0.572,2.51,,,,,5646.0,1.09,,,0.37,G6 V,Radial Velocity,2009.0,52.0,GasGiant
HD 12661 c,HD 12661,1708.0,2.8145,0.031,1.812,,,,,5748.0,1.02,1.11,0.063,0.36,,Radial Velocity,2002.0,,GasGiant
2M0437 b,2MASS J04372171+2651014,,118.0,,4.0,,,1450.0,,3100.0,0.17,0.84,-1.16368,0.01,M V,Imaging,2021.0,,HotJupiter
HD 8673 b,HD 8673,1634.0,3.02,0.723,14.2,,,,,6389.05,1.28,1.50225,0.52992,0.1474,,Radial Velocity,2009.0,,GasGiant
HIP 63242 b,HIP 63242,124.6,0.565,0.23,9.18,,,,,4830.0,1.54,,1.63,-0.31,G8,Radial Velocity,2013.0,,GasGiant
K2-122 b,K2-122,2.219315,0.0288,,,0.10884111,,,95.7,3903.0,0.644,0.612,-1.10237,0.37,,Transit,2017.0,,EarthLike
HIP 5158 b,HIP 5158,345.63,0.89,0.54,1.44,,,,,4813.0,0.78,0.754089,-0.5608,0.17,,Radial Velocity,2009.0,,GasGiant
GJ 667 C e,GJ 667 C,62.24,0.213,0.02,0.008,,,,,3350.0,0.33,,-1.863,-0.55,M1.5 V,Radial Velocity,2013.0,,
GJ 667 C f,GJ 667 C,39.026,0.156,0.03,0.008,,,,,3350.0,0.33,,-1.863,-0.55,M1.5 V,Radial Velocity,2013.0,,
GJ 667 C g,GJ 667 C,256.2,0.549,0.08,0.014,,,,,3350.0,0.33,,-1.863,-0.55,M1.5 V,Radial Velocity,2013.0,,
K2-123 b,K2-123,30.956763,0.167,0.06,,0.23641716,,,2.9,4075.67,0.649093,0.571015,,,,Transit,2017.0,89.79,MiniNeptune
HR 8799 e,HR 8799,,16.4,0.15,10.0,1.17,,1150.0,,7400.0,,,,-0.5,A5,Imaging,2010.0,25.0,HotJupiter
K2-104 b,K2-104,1.97419,,0.18,,0.16950665,,,,3660.0,0.51,0.48,-1.43415,0.14,,Transit,2016.0,88.0,SuperEarth
HD 222155 b,HD 222155,3999.0,5.1,0.16,1.9,,,,,5765.0,1.13,1.67,,-0.11,G2 V,Radial Velocity,2011.0,,GasGiant
HD 24040 b,HD 24040,3490.0,4.637,0.047,4.1,,,,,5761.0,1.03,1.37879,0.27569,0.17,,Radial Velocity,2006.0,,GasGiant
HD 189567 b,HD 189567,14.288,0.111,0.189,0.02674399,,,,,5726.0,0.83,,0.32428,-0.24,G3 V,Radial Velocity,2021.0,,
HD 189567 c,HD 189567,33.688,0.197,0.16,0.02202446,,,,,5726.0,0.83,,0.32428,-0.24,G3 V,Radial Velocity,2021.0,,
HD 89307 b,HD 89307,2199.0,3.3632,0.25,2.074,,,,,5906.0,1.05,1.01,0.113,-0.17,,Radial Velocity,2009.0,,GasGiant
HD 177830 c,HD 177830,110.9,0.5137,0.3,0.15,,,,,4949.0,1.47,2.62,0.68502,0.545,,Radial Velocity,2010.0,,MiniNeptune
HD 89744 b,HD 89744,256.78,0.91,0.689,7.92,,,,,6249.16,1.21,2.13257,0.79579,0.2238,,Radial Velocity,1999.0,,GasGiant
HD 87883 b,HD 87883,2754.0,3.6,0.53,1.78,,,,,4980.0,0.82,0.76,-0.498,0.093,,Radial Velocity,2009.0,,GasGiant
HD 4203 c,HD 4203,6700.0,6.95,0.24,2.17,,,,,5582.0,0.99,1.49795,0.29285,0.34,,Radial Velocity,2014.0,,GasGiant
HD 93385 b,HD 93385,7.3426,0.0756,0.295,0.01321468,,,,,5977.0,1.04,,0.20683,0.02,G2/G3 V,Radial Velocity,2021.0,,
HD 93385 c,HD 93385,13.18,0.112,0.2,0.0223391,,,,,5977.0,1.04,,0.20683,0.02,G2/G3 V,Radial Velocity,2021.0,,
HD 93385 d,HD 93385,45.85,0.2565,0.09,0.02737326,,,,,5977.0,1.04,,0.20683,0.02,G2/G3 V,Radial Velocity,2021.0,,
HD 96700 b,HD 96700,8.1245,0.0777,0.138,0.02800253,,,,,5845.0,0.89,,0.13988,-0.18,G0 V,Radial Velocity,2021.0,,
HD 96700 c,HD 96700,19.88,0.141,0.293,0.01101223,,,,,5845.0,0.89,,0.13988,-0.18,G0 V,Radial Velocity,2021.0,,
HD 96700 d,HD 96700,103.5,0.424,0.27,0.03995867,,,,,5845.0,0.89,,0.13988,-0.18,G0 V,Radial Velocity,2021.0,,MiniNeptune
HD 154857 c,HD 154857,3452.0,5.36,0.06,2.58,,,,,5605.0,1.718,1.76,,-0.2,G5 V,Radial Velocity,2014.0,,GasGiant
HD 154088 b,HD 154088,18.56,0.134,0.344,0.02076592,,,,,5374.0,0.91,,-0.13077,0.28,K0 IV-V,Radial Velocity,2021.0,,
HD 98219 b,HD 98219,436.9,1.23,0.112,1.8,,,,,4992.0,1.3,4.5,1.04922,-0.02,,Radial Velocity,2011.0,,GasGiant
HD 99492 b,HD 99492,17.054,0.12186,0.13,0.087,,,,,4740.0,0.83,0.96,-0.37882,0.36,,Radial Velocity,2004.0,,MiniNeptune
K2-124 b,K2-124,6.413651,0.049,,,0.25872067,,442.0,,3570.0,0.39,0.388,,0.023,,Transit,2017.0,89.03,MiniNeptune
HD 113337 b,HD 113337,324.0,0.92,0.46,2.83,,,,,6576.6,1.4,1.5,,0.07,F6 V,Radial Velocity,2013.0,,GasGiant
HD 175167 b,HD 175167,1289.0,2.438,0.539,9.8,,,,,5635.0,1.17,,,0.28,G5 IV/V,Radial Velocity,2009.0,60.0,GasGiant
HD 99706 b,HD 99706,868.0,2.14,0.365,1.4,,,,,4932.0,1.72,5.4,1.18752,0.14,,Radial Velocity,2011.0,,GasGiant
HD 92788 b,HD 92788,325.803,0.97,0.35,3.76,,,,,5744.0,1.15,1.14,,0.27,G6 V,Radial Velocity,2000.0,,GasGiant
HD 93083 b,HD 93083,143.58,0.477,0.14,0.37,,,,,4995.0,0.7,,-0.38722,0.15,K3 V,Radial Velocity,2005.0,,GasGiant
HD 177830 b,HD 177830,406.6,1.2218,0.009,1.49,,,,,4949.0,1.47,2.62,0.68502,0.545,,Radial Velocity,1999.0,,GasGiant
HD 95089 b,HD 95089,507.0,1.51,0.157,1.2,,,,,5002.0,1.58,4.9,1.13033,0.05,,Radial Velocity,2009.0,,GasGiant
HD 96063 b,HD 96063,361.1,0.99,0.03,0.9,,,,,5148.0,1.02,4.5,1.1038,-0.3,,Radial Velocity,2011.0,,GasGiant
HD 106252 b,HD 106252,1600.0,2.7033,0.471,7.613,,,,,5896.0,1.03,1.05,0.108,-0.04,,Radial Velocity,2002.0,,GasGiant
HD 106270 b,HD 106270,2890.0,4.3,0.402,11.0,,,,,5638.0,1.32,2.5,0.75587,0.08,,Radial Velocity,2011.0,,GasGiant
HD 16175 b,HD 16175,981.1,2.13,0.675,5.9,,,,,6022.0,1.34,,,0.37,G2,Radial Velocity,2009.0,59.0,GasGiant
HD 102272 b,HD 102272,127.58,0.614,0.05,5.9,,,,,4908.0,1.9,10.1,,-0.26,K0,Radial Velocity,2008.0,,GasGiant
HD 102329 b,HD 102329,778.1,2.03,0.211,5.9,,,,,4830.0,1.95,6.3,1.29226,0.3,,Radial Velocity,2011.0,,GasGiant
HD 102956 b,HD 102956,6.495,0.081,0.048,0.96,,,,,5054.0,1.68,4.4,1.06446,0.19,,Radial Velocity,2010.0,,GasGiant
HD 10697 b,HD 10697,1076.4,2.16,0.1023,6.38,,,,,5600.0,0.99,1.83908,0.47665,0.1,,Radial Velocity,1999.0,,GasGiant
HD 108863 b,HD 108863,443.4,1.4,0.06,2.6,,,,,4956.0,1.85,5.6,1.22531,0.2,,Radial Velocity,2011.0,,GasGiant
HD 160691 d,HD 160691,9.6369,0.09286,0.184,0.032,,,,,5771.56,1.03,1.37818,0.27848,0.3016,,Radial Velocity,2004.0,,MiniNeptune
HD 160691 c,HD 160691,4472.967,5.543,0.027,2.423,,,,,5771.56,1.03,1.37818,0.27848,0.3016,,Radial Velocity,2004.0,,GasGiant
K2-289 b,K2-289,13.156969,0.107,,,0.81184762,,753.0,,5529.0,0.953,1.025,,0.162,,Transit,2019.0,88.48,GasGiant
HD 160691 b,HD 160691,646.485,1.535,0.0001,1.677,,,,,5771.56,1.03,1.37818,0.27848,0.3016,,Radial Velocity,2000.0,,GasGiant
HD 108874 b,HD 108874,394.48,1.053,0.128,1.34,,,,,5533.0,0.97,1.08736,-0.00072,0.15,,Radial Velocity,2002.0,,GasGiant
HD 108147 b,HD 108147,10.8985,0.102,0.53,0.261,,,,,6255.73,1.22,1.20664,0.30297,0.1803,,Radial Velocity,2002.0,,GasGiant
HD 160691 e,HD 160691,307.475,0.934,0.079,0.48,,,,,5771.56,1.03,1.37818,0.27848,0.3016,,Radial Velocity,2006.0,,GasGiant
tau Boo b,tau Boo,3.3124568,0.049,0.011,4.32,,,,,6466.27,1.32,1.42588,0.50548,0.2642,,Radial Velocity,1996.0,,GasGiant
HD 168443 c,HD 168443,1748.2,2.91,0.2122,18.1,,,,,5551.0,0.98,1.67935,0.38246,0.06,,Radial Velocity,2000.0,,GasGiant
HD 168443 b,HD 168443,58.11247,0.2931,0.52883,7.659,,,,,5491.0,0.995,1.51,,0.04,G5,Radial Velocity,1998.0,,GasGiant
HD 101930 b,HD 101930,70.46,0.302,0.11,0.3,,,,,5079.0,0.74,,-0.3098,0.17,K1 V,Radial Velocity,2005.0,,GasGiant
Kepler-68 d,Kepler-68,580.0,1.4,0.18,0.947,,,,,5793.0,1.079,1.243,0.194,0.12,,Radial Velocity,2013.0,,GasGiant
K2-116 b,K2-116,4.655411,0.048,0.06,,0.06155768,,,78.6,4348.35,0.694512,0.6694,,,,Transit,2017.0,89.09,EarthLike
HD 169830 c,HD 169830,2102.0,3.6,0.33,4.04,,,,,6299.0,1.4,,0.662,0.21,F8 V,Radial Velocity,2003.0,,GasGiant
HD 109271 c,HD 109271,30.93,0.196,0.15,0.076,,,,,5783.0,1.047,,0.301,0.1,G5 V,Radial Velocity,2013.0,,MiniNeptune
HD 109271 b,HD 109271,7.8543,0.079,0.25,0.054,,,,,5783.0,1.047,,0.301,0.1,G5 V,Radial Velocity,2013.0,,MiniNeptune
HD 103774 b,HD 103774,5.8881,0.07,0.09,0.367,,,,,6489.0,1.335,,0.544,0.28,F5 V,Radial Velocity,2013.0,,GasGiant
BD-06 1339 c,BD-06 1339,125.94,0.435,0.31,0.17,,,,,4324.0,0.7,,-1.022,-0.14,K7/M0 V,Radial Velocity,2013.0,,GasGiant
BD-06 1339 b,BD-06 1339,3.8728,0.0428,0.0,0.027,,,,,4324.0,0.7,,-1.022,-0.14,K7/M0 V,Radial Velocity,2013.0,,
HD 102117 b,HD 102117,20.67,0.149,0.0,0.14,,,,,5672.0,1.03,,0.1959,0.3,G6 V,Radial Velocity,2005.0,,MiniNeptune
eps CrB b,eps CrB,417.9,1.3,0.11,6.7,,,,,4406.0,1.7,21.0,,-0.094,K2 III,Radial Velocity,2012.0,,GasGiant
HD 220074 b,HD 220074,672.1,1.6,0.14,11.1,,,,,3935.0,1.2,49.7,,-0.25,M2 III,Radial Velocity,2012.0,,GasGiant
HD 208527 b,HD 208527,875.5,2.1,0.08,9.9,,,,,4035.0,1.6,51.1,,-0.09,M1 III,Radial Velocity,2012.0,,GasGiant
HIP 99770 b,HIP 99770,18600.0,16.9,0.25,16.1,,,,,8000.0,1.85,,1.14176,,A5-A6,Imaging,2023.0,148.0,GasGiant
K2-101 b,K2-101,14.677286,,0.1,,0.17842805,,,,4819.0,0.8,0.73,-0.59482,0.14,,Transit,2016.0,89.4,SuperEarth
HD 181234 b,HD 181234,7462.0575,7.52,0.73,8.37,,,,,5386.0,1.01,1.05,,0.32,G5,Radial Velocity,2019.0,,GasGiant
Kepler-10 d,Kepler-10,151.06,0.5379,0.19,0.03775622,,,387.0,,5708.0,0.91,1.065,,-0.15,,Radial Velocity,2023.0,,MiniNeptune
K2-102 b,K2-102,9.915615,,0.1,,0.11597823,,,,4695.0,0.77,0.71,-0.65738,0.14,,Transit,2016.0,89.0,EarthLike
TYC 3318-01333-1 b,TYC 3318-01333-1,562.0,1.414,0.098,3.42,,,,,4776.0,1.19,5.9,1.21,-0.06,,Radial Velocity,2018.0,,GasGiant
TOI-6255 b,TOI-6255,0.23818244,,0.0,0.00453075,0.0962621,,,,3421.0,0.353,0.37,,-0.14,,Transit,2024.0,74.4,EarthLike
EPIC 211822797 b,EPIC 211822797,21.169861,0.131,0.06,,0.17664377,,,3.5,4148.21,0.663459,0.571699,,,,Transit,2016.0,89.73,SuperEarth
BD+48 740 b,BD+48 740,733.0,1.7,0.76,1.7,,,,,4534.0,1.09,10.33,1.64,-0.13,,Radial Velocity,2018.0,,GasGiant
11 UMi b,11 UMi,516.22,1.54,0.08,10.5,,,,,4340.0,1.8,24.08,,0.04,K4 III,Radial Velocity,2009.0,,GasGiant
K2-148 c,K2-148,6.9226,0.0616,,,0.15434026,,,26.5,4079.0,0.65,0.632,-0.99568,-0.11,,Transit,2018.0,,EarthLike
K2-148 d,K2-148,9.7579,0.0774,,,0.146311,,,16.8,4079.0,0.65,0.632,-0.99568,-0.11,,Transit,2018.0,,EarthLike
K2-148 b,K2-148,4.38395,0.0454,,,0.11865465,,,48.8,4079.0,0.65,0.632,-0.99568,-0.11,,Transit,2018.0,,EarthLike
HR 5183 b,HR 5183,38350.0,22.8,0.875,3.31,,,,,5794.0,1.07,,,0.1,G0 V,Radial Velocity,2019.0,80.3,GasGiant
HD 238914 b,HD 238914,4100.0,5.7,0.56,6.0,,,,,4769.0,1.47,12.73,1.85,-0.25,,Radial Velocity,2018.0,,GasGiant
HD 109833 c,HD 109833,13.900148,,0.3,,0.23106472,,,,5881.0,1.08,1.0,0.07188,-0.07,,Transit,2022.0,88.24,MiniNeptune
TOI-6109 c,TOI-6109,8.538878,0.0786,,,0.43113644,,,,5660.0,1.03,1.021,-0.05453,,G3,Transit,2025.0,87.2,MiniNeptune
HD 92788 c,HD 92788,11611.2975,10.5,0.46,3.67,,,,,5744.0,1.15,1.14,,0.27,G6 V,Radial Velocity,2019.0,,GasGiant
TOI-5734 b,TOI-5734,6.1842161,0.0607,,,0.24623113,,788.0,,4790.0,0.736,0.708,,-0.09,,Transit,2026.0,89.29,MiniNeptune
HD 50499 c,HD 50499,8619.9,9.02,0.0,2.93,,,,,6099.0,1.31,1.42,,0.38,G1 V,Radial Velocity,2019.0,,GasGiant
HD 25015 b,HD 25015,6360.0,6.45,0.341,9.42,,,,,5160.0,0.86,,,0.04,K2 V,Radial Velocity,2019.0,31.7,GasGiant
WASP-53 c,WASP-53,2840.0,3.73,0.8369,16.35,,,,,4953.0,0.839,0.798,-0.46344,0.22,,Radial Velocity,2017.0,,GasGiant
K2-111 c,K2-111,15.6785,0.1166,0.07,0.0355536,,,,,5775.0,0.84,1.25,,-0.46,G2,Radial Velocity,2020.0,,MiniNeptune
HD 167677 b,HD 167677,1820.0,2.877,0.182,2.85,,,,,5474.0,0.96,,,-0.29,G5 V,Radial Velocity,2023.0,28.7,GasGiant
HD 89839 b,HD 89839,3441.0,4.761,0.187,5.01,,,,,6314.0,1.21,,,0.04,F7 V,Radial Velocity,2023.0,49.5,GasGiant
51 Peg b,51 Peg,4.230785,0.0527,0.013,0.472,,,,,5758.0,1.03,1.17561,0.13631,0.18,,Radial Velocity,1995.0,,GasGiant
HD 165131 b,HD 165131,2342.6,3.54,0.6708,18.7,,,,,5870.0,1.06,,,0.06,G3/5 V,Radial Velocity,2023.0,70.0,GasGiant
TOI-5143 c,TOI-5143,5.2097118,0.05602,,,1.45,,,,5183.0,0.864,0.852,,0.107,K V,Transit,2025.0,86.02,GasGiant
HD 111998 b,HD 111998,825.9,1.82,0.03,4.51,,,,,6557.0,1.18,1.45,,0.07,F5 V,Radial Velocity,2016.0,,GasGiant
GJ 328 c,GJ 328,241.8,0.657,,0.06733193,,,,,3897.0,0.65,0.63,-1.08,-0.06,M0.0,Radial Velocity,2023.0,,MiniNeptune
K2-155 c,K2-155,13.85402,0.092,,,0.17396735,,,7.0,3919.0,0.54,0.526,-1.22915,-0.42,,Transit,2018.0,,SuperEarth
K2-155 b,K2-155,6.34365,0.0546,,,0.13828174,,,19.9,3919.0,0.54,0.526,-1.22915,-0.42,,Transit,2018.0,,EarthLike
24 Sex b,24 Sex,452.8,1.333,0.09,1.99,,,,,5098.0,1.54,4.9,1.164,-0.03,,Radial Velocity,2010.0,,GasGiant
24 Sex c,24 Sex,883.0,2.08,0.29,0.86,,,,,5098.0,1.54,4.9,1.164,-0.03,,Radial Velocity,2010.0,,GasGiant
47 UMa b,47 UMa,1078.0,2.1,0.032,2.53,,,,,5872.0,1.06,1.21334,0.1978,0.04,,Radial Velocity,1996.0,,GasGiant
K2-155 d,K2-155,40.718,0.1937,,,0.16950665,,381.0,,4258.0,0.65,0.58,,-0.3,,Transit,2018.0,89.61,SuperEarth
14 Her b,14 Her,1766.0,2.864,0.359,4.975,,,,,5280.0,0.91,1.00235,-0.15273,0.4,,Radial Velocity,2002.0,,GasGiant
16 Cyg B b,16 Cyg B,799.5,1.68,0.689,1.68,,,,,5747.0,1.03,1.12827,0.09729,0.06,,Radial Velocity,1996.0,,GasGiant
47 UMa c,47 UMa,2391.0,3.6,0.098,0.54,,,,,5872.0,1.06,1.21334,0.1978,0.04,,Radial Velocity,2001.0,,GasGiant
HD 215152 d,HD 215152,10.86499,0.08799,0.0,0.00881289,,,,,4935.0,0.77,0.73,,-0.1,K3 V,Radial Velocity,2018.0,,
47 UMa d,47 UMa,14002.0,11.6,0.16,1.64,,,,,5872.0,1.06,1.21334,0.1978,0.04,,Radial Velocity,2009.0,,GasGiant
HD 215152 e,HD 215152,25.1967,0.15417,0.0,0.00905201,,,,,4935.0,0.77,0.73,,-0.1,K3 V,Radial Velocity,2018.0,,
4 UMa b,4 UMa,269.3,0.87,0.432,7.1,,,,,4415.0,1.234,18.11,,-0.25,K1 III,Radial Velocity,2006.0,,GasGiant
HD 206893 c,HD 206893,2090.0,3.53,0.41,12.7,1.46,,1181.9,,,1.32,,,,F5 V,Imaging,2022.0,150.9,HotJupiter
HD 40956 b,HD 40956,578.6,1.4,0.24,2.7,,,,,4869.0,2.0,8.56,1.66436,0.14,,Radial Velocity,2017.0,,GasGiant
HD 111591 b,HD 111591,1056.4,2.5,0.26,4.4,,,,,4884.0,1.94,8.03,1.58058,0.07,,Radial Velocity,2017.0,,GasGiant
HD 113996 b,HD 113996,610.2,1.6,0.28,6.3,,,,,4181.0,1.49,25.11,2.46389,0.13,,Radial Velocity,2017.0,,GasGiant
TOI-5938 b,TOI-5938,2.260424,0.0308,,,0.34079816,,1077.0,,4650.0,0.744,0.712,,0.07,,Transit,2026.0,88.85,MiniNeptune
BD+03 2562 b,BD+03 2562,481.9,1.3,0.2,6.4,,,,,4095.0,1.14,32.35,2.7,-0.71,,Radial Velocity,2017.0,,GasGiant
TOI-1288 c,TOI-1288,416.0,1.07,0.0,0.26964235,,,,,5388.0,0.9552,0.9583,-0.1549,0.257,,Radial Velocity,2022.0,,GasGiant
GJ 1151 c,GJ 1151,389.7,0.5714,,0.03341426,,,,,3280.0,0.1639,0.1781,-2.47952,-0.12,M 4.5V,Radial Velocity,2023.0,,MiniNeptune
TYC 4282-00605-1 b,TYC 4282-00605-1,101.54,0.422,0.28,10.78,,,,,4300.0,0.97,16.21,1.91,-0.07,,Radial Velocity,2017.0,,GasGiant
HD 73267 c,HD 73267,13900.0,11.0,0.134,4.4,,,,,5317.0,0.89,,,0.03,K0 V,Radial Velocity,2022.0,75.0,GasGiant
K2-133 c,K2-133,4.8682,0.045,,,0.13203676,,,,3655.0,0.51,0.47,-1.4437,,M1 V,Transit,2017.0,88.65,EarthLike
K2-133 d,K2-133,11.0234,0.077,,,0.18021233,,,,3655.0,0.51,0.47,-1.4437,,M1 V,Transit,2017.0,89.52,SuperEarth
HD 206893 b,HD 206893,9350.0,9.6,0.14,28.0,1.25,,1429.2,,,1.32,,,,F5 V,Imaging,2021.0,146.8,HotJupiter
K2-411 b,K2-411,3.2141,0.0511,,,0.08830419,,,619.038,5711.0,1.018,1.375,,0.1415,,Transit,2022.0,90.0008,EarthLike
K2-413 b,K2-413,0.8094,0.0117,,,0.06779385,,,921.755,4116.0,0.808,0.7,,-0.205,,Transit,2022.0,89.9518,EarthLike
KIC 3526061 b,KIC 3526061,3552.0,5.14,0.85,18.15,,,,,4829.0,1.42,5.86,1.21484,0.12,,Radial Velocity,2022.0,,GasGiant
K2-413 c,K2-413,5.3301,0.0426,,,0.10997432,,,69.529,4116.0,0.808,0.7,,-0.205,,Transit,2022.0,89.9985,EarthLike
K2-414 c,K2-414,6.669,0.0552,,,0.17206739,,,56.13,4343.0,0.814,0.732,,-0.102,,Transit,2022.0,89.9973,SuperEarth
K2-414 b,K2-414,4.3696,0.0487,,,0.10875208,,,72.113,4343.0,0.814,0.732,,-0.102,,Transit,2022.0,90.0045,EarthLike
K2-129 b,K2-129,8.239493,0.057,0.13,,0.09278259,,,4.5,3459.09,0.360031,0.36001,,,,Transit,2017.0,89.21,EarthLike
K2-128 b,K2-128,5.675819,0.056,0.23,,0.12668391,,,68.8,4469.51,0.711248,0.777569,,,,Transit,2017.0,87.4,EarthLike
K2-125 b,K2-125,21.750264,0.121,0.08,,0.19448657,,,2.0,3654.47,0.494727,0.402049,,,,Transit,2017.0,89.72,SuperEarth
K2-118 b,K2-118,50.92092,0.245,0.2,,0.22660362,,,4.3,4726.29,0.756446,0.734626,,,,Transit,2017.0,89.5,MiniNeptune
K2-130 b,K2-130,2.49412,0.032,0.17,,0.11151753,,,136.4,4356.47,0.69563,0.744261,,,,Transit,2017.0,86.53,EarthLike
K2-412 b,K2-412,5.9382,0.0586,,,0.1887772,,,243.518,5590.0,0.893,0.977,,0.014,,Transit,2022.0,89.998,SuperEarth
K2-133 b,K2-133,3.0712,0.033,,,0.11687037,,,,3655.0,0.51,0.47,-1.4437,,M1 V,Transit,2017.0,87.56,EarthLike
TOI-6029 b,TOI-6029,5.7987,,0.091,1.635,1.284,,,,6223.0,1.548,2.338,0.79934,0.37,,Transit,2024.0,,GasGiant
Kepler-20 g,Kepler-20,34.94,0.2055,0.15,0.06280087,,,524.0,,5495.0,0.948,0.9639,,0.07,,Radial Velocity,2016.0,,MiniNeptune
HD 11506 d,HD 11506,26500.0,18.2,0.29,12.8,,,,,6123.0,1.22,,,0.3,G0 V,Radial Velocity,2022.0,90.0,GasGiant
HD 111232 c,HD 111232,32100.0,18.8,0.326,20.7,,,,,5494.0,0.83,,,-0.36,G8 V,Radial Velocity,2022.0,77.1,GasGiant
Kepler-411 e,Kepler-411,31.509728,0.186,0.016,0.03398043,,,503.0,,,0.87,0.82,,,K2 V,Transit Timing Variations,2018.0,88.04,MiniNeptune
HD 136118 b,HD 136118,1191.0,2.353,0.35,16.5,,,,,6097.0,1.21,,,-0.05,F7 V,Radial Velocity,2022.0,46.0,GasGiant
Kepler-47 d,Kepler-47,187.366,0.6992,0.024,0.05984331,0.62806673,0.3,,,,0.957,0.936,,,,Transit,2019.0,90.395,GasGiant
HD 29021 b,HD 29021,1362.3,2.28,0.459,2.4,,,,,5560.0,0.85,0.85,,-0.24,G5,Radial Velocity,2017.0,,GasGiant
HD 109833 b,HD 109833,9.188526,,0.18,,0.25765055,,,,5881.0,1.08,1.0,0.07188,-0.07,,Transit,2022.0,88.13,MiniNeptune
HD 42012 b,HD 42012,857.5,1.67,0.2,1.6,,,,,5405.0,0.83,0.82,,-0.09,K0,Radial Velocity,2017.0,,GasGiant
HD 17674 b,HD 17674,623.8,1.42,0.13,0.87,,,,,5904.0,0.98,1.18,,-0.16,G0 V,Radial Velocity,2017.0,,GasGiant
GJ 463 b,GJ 463,3448.0,3.53,0.09,3.4,,,,,3540.0,0.49,0.49,,,M3 V,Radial Velocity,2022.0,27.0,GasGiant
HD 190228 b,HD 190228,1146.6,2.293,0.547,6.1,,,,,5360.0,1.22,,,-0.24,G5 IV,Radial Velocity,2022.0,48.0,GasGiant
TOI-1694 c,TOI-1694,393.1,0.1,0.0,0.9344665,,,,,5058.0,0.853,0.8036,-0.41794,0.131,,Radial Velocity,2023.0,,GasGiant
TOI-1669 b,TOI-1669,500.0,1.27,0.0,0.60095321,,,,,5497.0,0.9867,1.0561,-0.03574,0.274,,Radial Velocity,2023.0,,GasGiant
HD 4760 b,HD 4760,434.0,1.14,0.23,13.9,,,,,4076.0,1.05,42.4,2.93,-0.91,,Radial Velocity,2021.0,,GasGiant
HD 96992 b,HD 96992,514.0,1.24,0.41,1.14,,,,,4725.0,0.96,7.43,1.47,-0.45,,Radial Velocity,2021.0,,GasGiant
TYC 0434-04538-1 b,TYC 0434-04538-1,193.2,0.66,0.08,6.1,,,,,4679.0,1.04,9.99,1.67,-0.38,,Radial Velocity,2021.0,,GasGiant
HD 204313 e,HD 204313,27000.0,17.9,0.19,19.9,,,,,5767.0,1.045,,,0.18,G5 V,Radial Velocity,2022.0,60.0,GasGiant
WASP-87 b,WASP-87,1.682795,0.02946,0.0,2.18,1.385,,,,6450.0,1.204,1.627,,,,Transit,2016.0,81.07,GasGiant
TOI-1011 b,TOI-1011,2.470498,,0.0,0.01271126,0.12936056,,,,5475.0,0.91,0.92,-0.1549,0.03,,Transit,2025.0,,EarthLike
BD-11 4672 c,BD-11 4672,74.2,0.3,0.4,0.04835919,,,,,4550.0,0.651,0.639,-0.8041,-0.35,,Radial Velocity,2020.0,,MiniNeptune
LHS 3154 b,LHS 3154,3.71778,0.02262,0.076,0.04137453,,,,,2861.0,0.1118,0.1405,-2.72125,,M6.5,Radial Velocity,2023.0,,MiniNeptune
HD 221585 b,HD 221585,1173.0,2.306,0.123,1.61,,,,,5620.0,1.19,,0.4216,0.29,G8 IV,Radial Velocity,2016.0,,GasGiant
AU Mic d,AU Mic,12.73596,,0.00305,0.00331,,,,,3678.0,0.51,0.744,-1.0381,0.23,,Transit Timing Variations,2023.0,89.31812,
TOI-4379 b,TOI-4379,3.25352,,0.018,1.113,1.489,,,,6020.0,1.372,1.976,0.63749,0.16,,Transit,2024.0,,GasGiant
DMPP-1 e,DMPP-1,5.516,0.0651,0.07,0.01299437,,,1314.0,,6196.0,1.21,1.26,,,F8 V,Radial Velocity,2019.0,,DesertWorld
HD 191806 b,HD 191806,1604.0,2.81,0.213,10.13,,,,,6010.0,1.14,,,0.3,K0,Radial Velocity,2016.0,62.6,GasGiant
DMPP-1 b,DMPP-1,18.57,0.1462,0.083,0.07636158,,,877.0,,6196.0,1.21,1.26,,,F8 V,Radial Velocity,2019.0,,MiniNeptune
DMPP-1 c,DMPP-1,6.584,0.0733,0.057,0.03020483,,,1239.0,,6196.0,1.21,1.26,,,F8 V,Radial Velocity,2019.0,,DesertWorld
DMPP-1 d,DMPP-1,2.882,0.0422,0.07,0.01054023,,,1632.0,,6196.0,1.21,1.26,,,F8 V,Radial Velocity,2019.0,,DesertWorld
TOI-1224 b,TOI-1224,4.1782745,0.0355,,,0.18770663,,541.0,,3326.0,0.4,0.404,-1.6968,,,Transit,2024.0,89.19,SuperEarth
GJ 1132 c,GJ 1132,8.929,0.0476,0.27,0.00830633,,,300.0,,3270.0,0.181,0.2105,-2.35853,,,Radial Velocity,2018.0,,EarthLike
HD 233832 b,HD 233832,4047.0,4.438,0.381,2.72,,,,,4971.74,0.82,0.738364,-0.52273,-0.83,,Radial Velocity,2018.0,,GasGiant
HD 125390 b,HD 125390,1758.0,3.184,0.598,34.0,,,,,4882.0,1.6,,,-0.11,G7 III,Radial Velocity,2019.0,41.9,GasGiant
HD 5583 b,HD 5583,139.35,0.53,0.076,5.78,,,,,4830.0,1.01,9.09,1.61,-0.5,,Radial Velocity,2016.0,,GasGiant
TOI-7009 b,TOI-7009,2.3206612,0.0287,,,0.3309846,,872.0,,4080.0,0.583,0.564,,-0.11,,Transit,2026.0,86.1,MiniNeptune
HD 98736 b,HD 98736,968.8,1.864,0.226,2.33,,,,,5271.0,0.92,0.93,-0.22,0.36,,Radial Velocity,2018.0,,GasGiant
IRAS 04125+2902 b,IRAS 04125+2902,8.834978,0.077,,,0.958,,854.0,,4080.0,0.7,1.45,-0.33161,,,Transit,2024.0,88.3,GasGiant
HD 18015 b,HD 18015,2240.0,3.82,0.092,3.3,,,,,5643.0,1.5,,,-0.14,G6 IV,Radial Velocity,2018.0,69.0,GasGiant
GJ 317 c,GJ 317,6500.0,5.04,0.217,1.43,,,,,3496.0,0.402,0.403,,-0.02,M3.5 V,Radial Velocity,2018.0,,GasGiant
Kepler-129 d,Kepler-129,2646.0,4.0,0.15,8.3,,,,,5770.0,1.178,1.653,,0.29,G4 V,Radial Velocity,2021.0,,GasGiant
HD 134606 f,HD 134606,26.915,0.1784,0.081,0.01771396,,,,,5576.0,1.046,1.158,0.06483,0.343,,Radial Velocity,2024.0,,
EPIC 201170410.02,EPIC 201170410,6.7987,0.0349,0.0,,0.09340708,,,,3648.0,0.287,0.282,,-0.048,,Transit,2020.0,89.0025,EarthLike
HD 134606 e,HD 134606,4.3203,0.0527,0.2,0.00736246,,,,,5576.0,1.046,1.158,0.06483,0.343,,Radial Velocity,2024.0,,
HD 134606 d,HD 134606,966.5,1.941,0.092,0.14095656,,,,,5576.0,1.046,1.158,0.06483,0.343,,Radial Velocity,2024.0,,MiniNeptune
HD 134606 b,HD 134606,12.089,0.1046,0.092,0.02860034,,,,,5576.0,1.046,1.158,0.06483,0.343,,Radial Velocity,2024.0,,
HD 134606 c,HD 134606,58.883,0.3007,0.055,0.03558524,,,,,5576.0,1.046,1.158,0.06483,0.343,,Radial Velocity,2024.0,,MiniNeptune
BD+15 2375 b,BD+15 2375,153.22,0.576,0.001,1.061,,,,,4649.0,1.08,8.95,1.57,-0.22,,Radial Velocity,2016.0,,GasGiant
HD 124330 b,HD 124330,270.66,0.86,0.34,0.75,,,,,5873.0,1.15,,,0.22,G4 IV,Radial Velocity,2021.0,0.8084,GasGiant
HD 155193 b,HD 155193,352.65,1.04,0.21,0.75,,,,,6239.0,1.221,,,0.05,F8 IV,Radial Velocity,2021.0,0.7112,GasGiant
HD 331093 b,HD 331093,621.62,1.44,0.59,1.5,,,,,5544.0,1.03,,,0.17,K0,Radial Velocity,2021.0,0.3704,GasGiant
HD 87646 b,HD 87646,13.481,0.117,0.05,12.4,,,,,5770.0,1.12,1.55,,-0.17,G,Radial Velocity,2016.0,,GasGiant
HD 20781 d,HD 20781,29.158,0.1647,0.11,0.0334,,,,,5256.0,0.7,,-0.3098,-0.11,K0 V,Radial Velocity,2019.0,,MiniNeptune
HD 20781 e,HD 20781,85.5073,0.3374,0.06,0.0442,,,,,5256.0,0.7,,-0.3098,-0.11,K0 V,Radial Velocity,2019.0,,MiniNeptune
HD 45184 c,HD 45184,13.1354,0.11,0.07,0.0277,,,,,5869.0,1.03,,0.05308,0.04,G1.5 V,Radial Velocity,2019.0,,
BD+45 564 b,BD+45 564,307.88,0.83,0.12,1.36,,,,,5004.0,0.81,,,-0.09,K1,Radial Velocity,2021.0,2.579,GasGiant
rho CrB d,rho CrB,282.2,0.827,0.0,0.0679612,,,,,5817.0,0.95,1.34,0.26007,-0.2,,Radial Velocity,2023.0,,MiniNeptune
rho CrB e,rho CrB,12.949,0.1061,0.126,0.01192467,,,,,5817.0,0.95,1.34,0.26007,-0.2,,Radial Velocity,2023.0,,
BD+55 362 b,BD+55 362,265.59,0.78,0.27,0.72,,,,,5012.0,0.909,,,0.18,K3,Radial Velocity,2021.0,0.6012,GasGiant
GJ 367 c,GJ 367,11.5301,,0.09,0.01299443,,,,,3522.0,0.455,0.458,-1.5391,-0.01,M1.0 V,Radial Velocity,2023.0,,
GJ 367 d,GJ 367,34.369,,0.14,0.0189725,,,,,3522.0,0.455,0.458,-1.5391,-0.01,M1.0 V,Radial Velocity,2023.0,,
BD+63 1405 b,BD+63 1405,1230.0,2.115,0.891,10.4,,,,,5000.0,0.816,,,-0.09,K0,Radial Velocity,2021.0,23.5,GasGiant
GJ 96 b,GJ 96,73.94,0.291,0.44,0.06185697,,,,,3785.0,0.6,,-1.05159,0.14,M2,Radial Velocity,2018.0,,MiniNeptune
TOI-6109 b,TOI-6109,5.690476,0.0599,,,0.43450873,,,,5660.0,1.03,1.021,-0.05453,,G3,Transit,2025.0,85.6909,MiniNeptune
HD 164922 d,HD 164922,12.458,0.103,0.12,0.01258534,,,,,5390.0,0.926,0.946,-0.14874,0.18,,Radial Velocity,2020.0,,
TOI-7041 b,TOI-7041,9.691,,0.04,0.36,1.02,,,,4700.0,1.07,4.1,0.88081,0.25,,Transit,2025.0,,GasGiant
HD 216520 b,HD 216520,35.45,0.198,0.09,0.03228141,,,,,5103.0,0.82,0.76,-0.452,-0.16,,Radial Velocity,2020.0,,MiniNeptune
HD 216520 c,HD 216520,154.43,0.528,0.12,0.02970141,,,,,5103.0,0.82,0.76,-0.452,-0.16,,Radial Velocity,2020.0,,
TOI-1294 c,TOI-1294,159.9,0.61,0.0,0.46251372,,,,,5718.0,1.1578,1.5566,0.36847,0.283,,Radial Velocity,2024.0,,GasGiant
HD 32963 b,HD 32963,2368.0,3.409,0.099,2.07,,,,,5727.0,1.03,,,0.11,G5 IV,Radial Velocity,2015.0,19.3,GasGiant
HD 190007 b,HD 190007,11.72,0.092,0.14,0.05178869,,,,,4610.0,0.77,0.79,-0.68,0.16,,Radial Velocity,2020.0,,MiniNeptune
70 Vir b,70 Vir,116.6926,0.481,0.399,7.4,,,,,5439.0,1.09,1.94,0.4513,-0.09,,Radial Velocity,1996.0,,GasGiant
TOI-1410 c,TOI-1410,47.56,0.239,0.0,0.0849515,,,,,4635.0,0.7941,0.7558,-0.6216,0.328,,Radial Velocity,2024.0,,MiniNeptune
Kepler-1513 c,Kepler-1513,841.4,,0.125,0.266,,,,,5491.0,0.943,0.95,-0.12901,0.17,G V,Transit Timing Variations,2023.0,,GasGiant
K2-189 b,K2-189,2.58812,,,,0.12516749,,1203.0,497.0,5442.0,0.85,0.879,,-0.1,,Transit,2018.0,,DesertWorld
HD 16141 b,HD 16141,75.523,0.36,0.25,0.26,,,,,5757.0,1.11,1.48,,0.13,,Radial Velocity,2000.0,,GasGiant
K2-184 b,K2-184,16.995731,0.1229,,,0.13828174,,580.0,,5220.0,0.86,0.78,,-0.07,,Transit,2018.0,,EarthLike
K2-271 b,K2-271,8.562421,0.077,,,0.6494781,,893.0,,5644.0,0.83,0.99,,-0.3,,Transit,2018.0,,GasGiant
K2-212 b,K2-212,9.79551,0.0785,,,0.22481934,,542.0,,4272.0,0.67,0.65,,0.03,,Transit,2018.0,,MiniNeptune
K2-158 b,K2-158,10.06049,0.0887,,,0.23552502,,794.0,,5503.0,0.92,0.95,,0.07,,Transit,2018.0,,MiniNeptune
K2-326 b,K2-326,1.256,0.0198,,,0.20340798,,1114.0,,3924.0,0.507,0.688,,,,Transit,2020.0,85.63,DesertWorld
TOI-5082.01,TOI-5082,4.240122,0.051204842,,,0.22708083,,1164.91,254.588,5670.0,0.99665,0.93,,,,Transit,2024.0,,MiniNeptune
K2-244 b,K2-244,21.06884,0.1418,,,0.15612454,,638.0,,5677.0,0.86,0.92,,-0.29,,Transit,2018.0,,EarthLike
K2-324 b,K2-324,3.262,0.0331,,,0.21679008,,707.0,,3752.0,0.517,0.505,,,,Transit,2020.0,88.33,SuperEarth
K2-325 b,K2-325,6.93,0.0419,,,0.19627085,,423.0,,3287.0,0.274,0.298,,,,Transit,2020.0,89.37,SuperEarth
K2-166 b,K2-166,8.52695,0.0858,,,0.19537871,,1140.0,,5960.0,1.16,1.61,,0.09,,Transit,2018.0,,DesertWorld
HD 156279 b,HD 156279,131.05,0.49,0.71,9.88,,,,,5453.0,0.95,0.95,,0.14,,Radial Velocity,2011.0,,GasGiant
K2-293 b,K2-293,13.1225,,,,0.21857436,,750.0,,5532.0,0.958,0.947,,0.218,,Transit,2019.0,88.8,SuperEarth
TOI-2337 b,TOI-2337,2.99432,,0.019,1.6,0.9,,,,4780.0,1.325,3.22,,0.39,,Transit,2022.0,,GasGiant
HD 142 b,HD 142,339.0,1.0,0.37,1.03,,,,,6025.0,1.15,,,0.04,G1 IV,Radial Velocity,2001.0,,GasGiant
K2-294 b,K2-294,2.50387,,,,0.14809528,,1425.0,,5612.0,0.987,1.2,,0.194,,Transit,2019.0,85.5,DesertWorld
HD 155358 c,HD 155358,391.9,1.02,0.16,0.82,,,,,5900.0,0.92,,,-0.51,G0,Radial Velocity,2007.0,,GasGiant
HD 155358 b,HD 155358,194.3,0.63,0.17,0.99,,,,,5905.0,1.15,1.38,,-0.6,,Radial Velocity,2007.0,,GasGiant
K2-269 b,K2-269,4.144965,0.0531,,,0.14006602,,1429.0,,6209.0,1.16,1.45,,-0.08,,Transit,2018.0,,DesertWorld
K2-319 b,K2-319,26.68,0.1516,,,0.24890713,,641.0,,5440.0,0.954,0.898,,,,Transit,2020.0,89.45,MiniNeptune
K2-322 b,K2-322,8.205,0.0594,,,0.17129093,,635.0,,4141.0,0.63,0.602,,,,Transit,2020.0,88.15,SuperEarth
HD 1461 c,HD 1461,13.5052,0.1117,0.305,0.01758802,,,,,5765.0,1.02,,,0.19,G0 V,Radial Velocity,2015.0,,
HD 1461 b,HD 1461,5.77142,0.0636,0.062,0.0208,,,,,5695.23,1.03064,1.152288,,0.1823,,Radial Velocity,2010.0,,
K2-162 b,K2-162,9.45889,0.0795,,,0.1284682,,631.0,,4842.0,0.75,0.69,,-0.17,,Transit,2018.0,,EarthLike
HD 147018 c,HD 147018,1008.0,1.922,0.133,6.56,,,,,5441.0,0.927,,,0.1,G9 V,Radial Velocity,2009.0,,GasGiant
HD 147018 b,HD 147018,44.236,0.2388,0.4686,2.12,,,,,5441.0,0.927,,,0.1,G9 V,Radial Velocity,2009.0,,GasGiant
HD 147513 b,HD 147513,528.4,1.32,0.26,1.21,,,,,5883.0,1.11,,-0.01,0.06,,Radial Velocity,2003.0,,GasGiant
K2-320 b,K2-320,1.995,0.0142,,,0.23374074,,698.0,,3157.0,0.117,0.3,,,,Transit,2020.0,87.84,MiniNeptune
TOI-2669 b,TOI-2669,6.2034,,0.09,0.61,1.76,,,,4800.0,1.19,4.1,,0.1,,Transit,2022.0,,GasGiant
K2-159 b,K2-159,12.42205,0.1013,,,0.2016237,,684.0,,5425.0,0.9,0.83,,-0.07,,Transit,2018.0,,SuperEarth
K2-316 b,K2-316,1.133,0.0147,,,0.11865465,,841.0,,3436.0,0.408,0.379,,,,Transit,2020.0,87.02,DesertWorld
K2-316 c,K2-316,5.26,0.0582,,,0.16326166,,423.0,,3436.0,0.408,0.379,,,,Transit,2020.0,89.31,SuperEarth
K2-317 b,K2-317,6.22,0.0542,,,0.26139709,,432.0,,3387.0,0.403,0.379,,,,Transit,2020.0,89.22,MiniNeptune
TOI-4329 b,TOI-4329,2.9223,,0.068,0.45,1.5,,,,6000.0,1.538,2.31,,0.29,,Transit,2022.0,,GasGiant
K2-318 b,K2-318,7.01,0.0911,,,0.14809528,,456.0,,3851.0,0.561,0.552,,,,Transit,2020.0,89.38,EarthLike
K2-323 b,K2-323,24.93,0.1275,,,0.18734945,,318.0,,3710.0,0.478,0.549,,,,Transit,2020.0,89.88,SuperEarth
K2-187 b,K2-187,0.77392,0.0164,,,0.11597823,,1815.0,,5484.0,0.98,0.92,,0.23,,Transit,2018.0,,LavaWorld
K2-183 c,K2-183,10.792635,0.0932,,,0.25604425,,787.0,,5519.0,0.93,0.97,,0.09,,Transit,2018.0,,MiniNeptune
K2-281 b,K2-281,8.687721,0.0773,,,0.72977072,,665.0,,4812.0,0.82,0.76,,0.22,,Transit,2018.0,,GasGiant
HD 156279 c,HD 156279,4758.0,5.461,0.2597,9.45,,,,,5458.24,0.959814,0.966117,,0.1917,,Radial Velocity,2018.0,,GasGiant
K2-188 b,K2-188,1.742169,0.0289,,,0.12043893,,1692.0,,5977.0,1.06,1.19,,-0.01,,Transit,2018.0,,DesertWorld
HD 114783 c,HD 114783,4340.0,4.97,0.114,0.659,,,,,5126.74,0.866925,0.840622,,0.151,,Radial Velocity,2018.0,,GasGiant
K2-282 b,K2-282,4.169836,0.0499,,,0.25158355,,1057.0,,5523.0,0.95,0.94,,0.15,,Transit,2018.0,,MiniNeptune
K2-283 b,K2-283,1.921036,0.0291,,,0.31403337,,1186.0,,5060.0,0.89,0.82,,0.28,,Transit,2018.0,,MiniNeptune
K2-156 b,K2-156,0.81314,0.0149,,,0.10259613,,1347.0,,4597.0,0.66,0.66,,-0.25,,Transit,2018.0,,DesertWorld
HD 142415 b,HD 142415,386.3,1.05,0.5,1.62,,,,,6045.0,1.03,,0.06,0.21,,Radial Velocity,2003.0,,GasGiant
TOI-2194 b,TOI-2194,15.337597,,,,0.17746484,,590.88,,4756.0,0.74,0.6909,,-0.372,,Transit,2023.0,89.27,SuperEarth
K2-270 c,K2-270,4.400028,0.0497,,,0.26318137,,848.0,,4877.0,0.85,0.77,,0.26,,Transit,2018.0,,MiniNeptune
mu2 Sco b,mu2 Sco,,242.4,0.56,14.4,,,,,21700.0,9.1,5.6,,,B2 IV,Imaging,2022.0,96.6,GasGiant
HD 192263 b,HD 192263,24.3556,0.15,0.05,0.56,,,,,4976.0,0.66,0.74,,0.03,,Radial Velocity,1999.0,,GasGiant
TOI-1806.01,TOI-1806,15.1454693,0.087735044,,,0.30384891,,337.47,2.1473,3272.0,0.392935,0.401575,,,,Transit,2024.0,,MiniNeptune
HD 190647 b,HD 190647,1176.45,2.231,0.224,1.985,,,,,5656.0,1.069,1.376,,0.23,,Radial Velocity,2007.0,,GasGiant
Gaia-2 b,Gaia-2,3.6915224,0.0467,,0.817,1.322,,,,5720.0,1.0,1.064,,,,Transit,2022.0,85.21,GasGiant
HD 37124 b,HD 37124,154.26,0.5253,0.05,0.65,,,,,5698.64,0.812728,0.949168,,-0.3257,,Radial Velocity,2002.0,,GasGiant
HD 33564 b,HD 33564,388.0,1.1,0.34,9.1,,,,,6250.0,1.25,,,-0.12,F6 V,Radial Velocity,2005.0,,GasGiant
TOI-4443.01,TOI-4443,1.8498567,0.029962645,,,0.15322184,,1638.82,1194.2104,5834.0,1.049133,1.01733,,,,Transit,2024.0,,DesertWorld
HD 220197 b,HD 220197,1728.0,2.729,0.187,0.2,,,,,5683.0,0.91,0.98,,-0.55,,Radial Velocity,2018.0,,GasGiant
HD 37124 d,HD 37124,1768.0,2.671,0.16,0.659,,,,,5698.64,0.812728,0.949168,,-0.3257,,Radial Velocity,2005.0,,GasGiant
HD 37124 c,HD 37124,887.7,1.687,0.126,0.647,,,,,5698.64,0.812728,0.949168,,-0.3257,,Radial Velocity,2002.0,,GasGiant
GJ 682 c,GJ 682,57.32,0.176,0.1,0.02737312,,,,,3028.0,0.27,,-2.69897,,M3.5 V,Radial Velocity,2014.0,,
GJ 27.1 b,GJ 27.1,15.819,0.101,0.08,0.04090237,,,,,3542.0,0.53,,-1.58503,,M0.5 V,Radial Velocity,2014.0,,MiniNeptune
GJ 160.2 b,GJ 160.2,5.2354,0.053,0.06,0.03209263,,,,,4347.0,0.69,,-0.79588,,M0 V,Radial Velocity,2014.0,,MiniNeptune
GJ 180 b,GJ 180,17.38,0.103,0.11,0.02611459,,,,,3371.0,0.43,,-1.88606,,M2 V,Radial Velocity,2014.0,,
HD 47536 b,HD 47536,712.13,1.93,0.2,7.32,,,,,4380.0,2.1,23.47,,,K1 III,Radial Velocity,2002.0,,GasGiant
GJ 180 c,GJ 180,24.329,0.129,0.09,0.02013655,,,,,3371.0,0.43,,-1.88606,,M2 V,Radial Velocity,2014.0,,
GJ 229 b,GJ 229,471.0,0.97,0.1,0.10068275,,,,,3564.0,0.58,,-1.55284,,M1/M2 V,Radial Velocity,2014.0,,MiniNeptune
HD 47186 b,HD 47186,4.0845,0.05,0.04,0.07,,,,,5657.0,0.96,1.08,,0.24,,Radial Velocity,2008.0,,MiniNeptune
HD 46375 b,HD 46375,3.023495,0.03998,0.063,0.2266,,,,,5264.38,0.932831,0.914196,,0.2714,,Radial Velocity,2000.0,,GasGiant
GJ 422 b,GJ 422,26.161,0.119,0.05,0.03114873,,,,,3323.0,0.35,,-1.95861,,M3.5 V,Radial Velocity,2014.0,,
GJ 433 c,GJ 433,3400.0,3.6,0.08,0.14158512,,,,,3472.0,0.48,,-1.69897,,M1.5 V,Radial Velocity,2014.0,,MiniNeptune
HD 188015 b,HD 188015,456.46,1.19,0.15,1.26,,,,,5745.0,1.08,,,0.29,G5 IV,Radial Velocity,2004.0,,GasGiant
TOI-4582 b,TOI-4582,31.034,,0.51,0.53,0.94,,,,5190.0,1.34,2.5,,0.17,,Transit,2023.0,,GasGiant
GJ 682 b,GJ 682,17.478,0.08,0.08,0.01384388,,,,,3028.0,0.27,,-2.69897,,M3.5 V,Radial Velocity,2014.0,,
HD 4208 b,HD 4208,828.0,1.65,0.05,0.82,,,,,5629.0,0.9,0.92,,-0.26,,Radial Velocity,2001.0,,GasGiant
HD 4308 b,HD 4308,15.56,0.115,0.0,0.0442,,,,,5685.0,0.83,,-0.004,-0.31,,Radial Velocity,2005.0,,MiniNeptune
HD 97048 b,HD 97048,,130.0,,2.5,,,,,10000.0,2.4,2.25,1.60206,,Be9.5/AO,Disk Kinematics,2019.0,40.0,GasGiant
Gaia-1 b,Gaia-1,3.052524,0.04047,,1.68,1.229,,,,5470.0,0.949,0.952,,,,Transit,2022.0,85.73,GasGiant
HD 204313 c,HD 204313,34.905,0.2099,0.155,0.0553,,,,,5776.0,1.02,,,0.18,G5 V,Radial Velocity,2015.0,,MiniNeptune
HD 212301 b,HD 212301,2.24571,0.03,0.0,0.51,,,,,6239.0,1.55,1.16,,0.18,,Radial Velocity,2005.0,,GasGiant
HD 2039 b,HD 2039,1120.0,2.2,0.71,6.29,,,,,5945.0,1.23,1.19,,0.3,,Radial Velocity,2002.0,,GasGiant
HD 216770 b,HD 216770,118.45,0.46,0.37,0.57,,,,,5399.0,0.74,0.93,,0.27,,Radial Velocity,2003.0,,GasGiant
Kepler-88 d,KOI-142,1403.0,,0.41,3.0504646,,,,,5466.0,0.99,0.897,,0.27,,Radial Velocity,2020.0,89.0,GasGiant
HD 210277 b,HD 210277,442.19,1.13,0.48,1.29,,,,,5538.0,1.01,1.07,,0.22,,Radial Velocity,1998.0,,GasGiant
HD 197037 b,HD 197037,1035.7,2.07,0.22,0.79,,,,,6150.0,1.11,,,-0.2,F7 V,Radial Velocity,2012.0,,GasGiant
HD 19994 b,HD 19994,466.2,1.305,0.063,1.37,,,,,6188.0,1.365,,,0.27,F8 V,Radial Velocity,2003.0,,GasGiant
WASP-108 b,WASP-108,2.676,,0.0,0.892,1.284,,1590.0,,6000.0,1.167,1.215,,,,Transit,2020.0,,HotJupiter
HD 222582 b,HD 222582,572.537,1.335,0.7615,7.88,,,,,5746.66,0.969129,1.145017,,0.0171,,Radial Velocity,1999.0,,GasGiant
HD 221287 b,HD 221287,456.1,1.25,0.08,3.09,,,,,6304.0,1.25,,0.22011,-0.03,,Radial Velocity,2007.0,,GasGiant
HD 220773 b,HD 220773,3724.7,4.94,0.51,1.45,,,,,5940.0,1.16,,,0.09,F9,Radial Velocity,2011.0,,GasGiant
HD 22781 b,HD 22781,528.07,1.167,0.8191,13.65,,,,,5027.0,0.75,,,-0.37,K1,Radial Velocity,2011.0,,GasGiant
HD 23127 b,HD 23127,1211.17,2.37,0.406,1.527,,,,,5843.0,1.208,1.49,,0.29,,Radial Velocity,2006.0,,GasGiant
TOI-4602.01,TOI-4602,3.9812091,0.05099712,,,0.22728928,,1380.27,603.6935,6011.9,1.116795,1.15664,,,,Transit,2024.0,,MiniNeptune
TOI-4155 b,TOI-4155,3.320729,,,,0.28637751,,1255.0,,5724.0,1.16,0.95,,0.11,,Transit,2025.0,88.84,MiniNeptune
HIP 12961 b,HIP 12961,57.435,0.25,0.166,0.35,,,,,3986.0,0.62,0.660799,-1.00302,,,Radial Velocity,2010.0,,GasGiant
HD 99109 b,HD 99109,439.29999,1.11,0.09,0.44,,,,,5282.0,0.76,0.98,,0.35,,Radial Velocity,2005.0,,GasGiant
GJ 1148 b,GJ 1148,41.38,0.166,0.38,0.3042507,,,,,3287.0,0.344045,0.358519,-1.86908,,,Radial Velocity,2010.0,,GasGiant
K2-187 c,K2-187,2.872042,0.0392,,,0.16058524,,1173.0,,5484.0,0.98,0.92,,0.23,,Transit,2018.0,,DesertWorld
K2-187 e,K2-187,13.609878,0.1106,,,0.21232938,,698.0,,5484.0,0.98,0.92,,0.23,,Transit,2018.0,,SuperEarth
HD 178911 B b,HD 178911 B,71.484,0.339,0.114,7.03,,,,,5668.0,1.014,,,0.34,G5,Radial Velocity,2001.0,,GasGiant
K2-270 b,K2-270,1.543069,0.0247,,,0.12311535,,1203.0,,4877.0,0.85,0.77,,0.26,,Transit,2018.0,,DesertWorld
HD 90156 b,HD 90156,49.609,0.2509,0.16,0.0371,,,,,5629.62,0.855954,0.920286,,-0.1805,,Radial Velocity,2009.0,,MiniNeptune
K2-61 b,K2-61,2.57336,,,,0.17129122,,1325.0,730.0,5748.0,0.97,0.995,,0.03,,Transit,2016.0,,DesertWorld
K2-214 b,K2-214,8.596802,0.0834,,,0.21679008,,1006.0,,5854.0,1.05,1.27,,0.05,,Transit,2018.0,,DesertWorld
K2-220 b,K2-220,13.683256,0.1104,,,0.21322152,,758.0,,5660.0,0.96,1.02,,0.04,,Transit,2018.0,,SuperEarth
EPIC 201841433 b,EPIC 201841433,4.1698,0.035,,,0.09278259,,,,5053.0,0.802,0.628461,,0.0,,Transit,2019.0,89.001,EarthLike
K2-268 c,K2-268,9.326841,0.0819,,,0.23998573,,688.0,,5068.0,0.84,0.78,,0.03,,Transit,2018.0,,MiniNeptune
HD 17092 b,HD 17092,359.89999,1.31,0.17,10.13,,,,,4326.0,6.73,13.58,,0.18,,Radial Velocity,2007.0,,GasGiant
HR 8799 d,HR 8799,37000.0,24.0,,10.0,1.2,,,,,1.5,,0.69197,-0.47,A5 V,Imaging,2008.0,,GasGiant
HR 8799 c,HR 8799,67571.25,38.0,0.5,,,,,,7204.58,1.61,1.49338,0.73347,,,Imaging,2008.0,37.0,
HR 8799 b,HR 8799,170000.0,68.0,,7.0,1.2,,,,,1.5,,0.69197,-0.47,A5 V,Imaging,2008.0,,GasGiant
HR 810 b,HR 810,302.79999,0.92,0.14,2.27,,,,,6167.0,1.34,1.13,,0.16,,Radial Velocity,1999.0,,GasGiant
HD 171028 b,HD 171028,550.0,1.32,0.59,2.62,,,,,5671.0,1.53,2.47,,-0.48,,Radial Velocity,2007.0,,GasGiant
HIP 79431 b,HIP 79431,111.7,0.36,0.29,2.1,,,,,3191.0,0.49,,,0.4,M3 V,Radial Velocity,2009.0,,GasGiant
BD-13 2130 b,BD-13 2130,714.29999,1.66,0.21,9.78,,,,,4545.0,2.12,19.17,,-0.08,,Radial Velocity,2007.0,,GasGiant
K2-62 b,K2-62,6.67199,,,,0.18021264,,666.0,46.7,4455.0,0.67,0.696,,-0.1,,Transit,2016.0,,SuperEarth
K2-62 c,K2-62,16.19697,,,,0.17753621,,495.0,14.3,4455.0,0.67,0.696,,-0.1,,Transit,2016.0,,SuperEarth
HD 69830 c,HD 69830,31.613,0.1882,0.114,0.031,,,,,5420.58,0.889787,0.886947,,0.012,,Radial Velocity,2006.0,,
HD 69830 b,HD 69830,8.667,0.0785,0.1,0.0321,,,,,5385.0,0.86,,-0.22,-0.05,,Radial Velocity,2006.0,,MiniNeptune
HD 68988 b,HD 68988,6.2764187,0.0702,0.1581,1.914,,,,,5883.41,1.171665,1.255733,,0.3052,,Radial Velocity,2001.0,,GasGiant
HD 69830 d,HD 69830,197.0,0.63,0.07,0.057,,,,,5385.0,0.86,,-0.22,-0.05,,Radial Velocity,2006.0,,MiniNeptune
HD 70573 b,HD 70573,851.8,1.76,0.4,6.1,,,,,5737.0,1.0,,,-0.18,G1-1.5 V,Radial Velocity,2007.0,,GasGiant
HD 60532 b,HD 60532,201.3,0.759,0.28,1.03,,,,,6095.0,1.44,,,-0.42,F6 IV,Radial Velocity,2008.0,,GasGiant
HD 60532 c,HD 60532,604.0,1.58,0.02,2.46,,,,,6095.0,1.44,,,-0.42,F6 IV,Radial Velocity,2008.0,,GasGiant
HD 6434 b,HD 6434,22.017,0.148,0.146,0.44,,,,,5690.0,0.89,1.14,,-0.48,,Radial Velocity,2003.0,,GasGiant
TOI-500 c,TOI-500,6.6356,,0.072,0.01582615,,,,,4440.0,0.74,0.678,,0.12,K6 V,Radial Velocity,2022.0,,
TOI-500 d,TOI-500,26.233,,0.016,0.10420717,,,,,4440.0,0.74,0.678,,0.12,K6 V,Radial Velocity,2022.0,,MiniNeptune
HD 63765 b,HD 63765,358.0,0.94,0.24,0.53,,,,,5449.0,0.65,0.83,,-0.16,,Radial Velocity,2009.0,,GasGiant
TOI-500 e,TOI-500,61.3,,0.073,0.0473526,,,,,4440.0,0.74,0.678,,0.12,K6 V,Radial Velocity,2022.0,,MiniNeptune
HD 73526 b,HD 73526,188.3,0.65,0.19,3.08,,,,,5601.0,1.14,1.53,,0.22,,Radial Velocity,2002.0,,GasGiant
K2-183 d,K2-183,22.631964,0.1527,,,0.25515211,,615.0,,5519.0,0.93,0.97,,0.09,,Transit,2018.0,,MiniNeptune
TOI-913 b,TOI-913,11.098644,,,,0.21882454,,712.01,,4969.0,0.82,0.7325,,-0.133,,Transit,2023.0,89.1,SuperEarth
TOI-672 b,TOI-672,3.633575,,,,0.46930226,,676.15,,3765.0,0.5399,0.5441,,-0.71,,Transit,2023.0,88.43,MiniNeptune
HD 179949 b,HD 179949,3.092535,0.04439,0.016,0.967,,,,,6176.2,1.220173,1.266865,,0.1555,,Radial Velocity,2000.0,,GasGiant
HD 85390 b,HD 85390,788.0,1.52,0.41,0.11,,,,,5164.0,0.54,0.8,,-0.08,,Radial Velocity,2009.0,,MiniNeptune
OGLE-2018-BLG-0740L b,OGLE-2018-BLG-0740L,5480.0,5.0,0.0,4.8,,,,,5912.0,1.0,,,-0.24,G V,Microlensing,2019.0,,GasGiant
HD 76700 b,HD 76700,3.97097,0.05,0.09,0.21,,,,,5644.0,0.99,1.37,,0.31,,Radial Velocity,2002.0,,GasGiant
TOI-907.01,TOI-907,4.5849129,0.055225481,,,0.85694229,,1846.6,1729.6714,6272.0,1.069357,2.059789,,,,Transit,2024.0,,HotJupiter
K2-192 b,K2-192,4.162817,0.049,,,0.13560532,,939.0,,5222.0,0.9,0.81,,0.15,,Transit,2018.0,,DesertWorld
Kepler-424 c,Kepler-424,223.3,0.73,,6.97,,,,,5460.0,1.01,0.94,-0.15,0.44,,Radial Velocity,2014.0,,GasGiant
K2-193 b,K2-193,14.786889,0.1184,,,0.3523954,,739.0,,5817.0,1.01,0.98,,0.0,,Transit,2018.0,,MiniNeptune
1RXS J160929.1-210524 b,1RXS J160929.1-210524,,330.0,,8.0,1.664,,1800.0,,4060.0,0.85,1.352,,,K7 V,Imaging,2008.0,,HotJupiter
XO-2 S c,XO-2 S,120.8,0.4756,0.1528,1.37,,,,,5399.0,0.982,1.02,,0.39,,Radial Velocity,2014.0,,GasGiant
XO-2 S b,XO-2 S,18.157,0.13,0.18,0.26,,,,,5399.0,0.98,1.0,,0.39,,Radial Velocity,2014.0,,GasGiant
Kapteyn c,Kapteyn,121.54,0.311,0.23,0.022,,,,,3550.0,0.281,0.291,,-0.89,,Radial Velocity,2014.0,,
HR 2562 b,HR 2562,,27.0,,13.2,,,1255.0,,6597.0,1.368,1.334,,0.1,F5 V,Imaging,2016.0,,HotJupiter
TOI-277 b,TOI-277,3.994,0.0269,,,0.23641757,,,,4031.0,0.16,0.362,,-0.01,,Transit,2022.0,88.9,MiniNeptune
K2-197 b,K2-197,8.357881,0.0806,,,0.2283879,,848.0,,5667.0,1.0,0.93,,0.08,,Transit,2018.0,,MiniNeptune
TOI-2719 b,TOI-2719,3.37594,,,,0.53350078,,1710.0,,5762.0,1.02,1.69,,0.27,,Transit,2025.0,83.07,MiniNeptune
TOI-3082 b,TOI-3082,1.926907,,,,0.32671124,,1032.78,,4263.0,0.664,0.6847,,0.17,,Transit,2023.0,87.63,MiniNeptune
HD 133131 B b,HD 133131 B,5769.0,6.15,0.61,2.5,,,,,5805.0,0.93,,,-0.281,G2 V,Radial Velocity,2016.0,,GasGiant
HD 133131 A c,HD 133131 A,3568.0,4.49,0.49,0.42,,,,,5799.0,0.95,,,-0.306,G2 V,Radial Velocity,2016.0,,GasGiant
HIP 54515 b,HIP 54515,33000.0,24.8,0.42,17.7,,,,,8100.0,1.9,,,,A5 V,Imaging,2026.0,129.6,GasGiant
HD 133131 A b,HD 133131 A,649.0,1.44,0.33,1.42,,,,,5799.0,0.95,,,-0.306,G2 V,Radial Velocity,2016.0,,GasGiant
K2-195 b,K2-195,15.852975,0.1208,,,0.2792399,,720.0,,5713.0,0.94,0.99,,-0.1,,Transit,2018.0,,MiniNeptune
K2-357 b,K2-357,16.3488637,0.145,,,0.33187674,,735.0,,5794.0,0.98,1.0,,-0.02,,Transit,2021.0,,MiniNeptune
K2-358 b,K2-358,11.2510285,0.0863,,,0.239094,,888.0,,5650.0,0.93,0.91,,-0.07,,Transit,2021.0,,MiniNeptune
HD 145934 b,HD 145934,2790.0,4.73,0.057,2.04,,,,,4823.75,1.812692,6.930587,,0.0951,,Radial Velocity,2015.0,,GasGiant
HD 85426 c,TOI-1774,35.73,,0.06,0.03240742,,,640.0,,5746.0,0.991,1.1303,,-0.02,,Radial Velocity,2026.0,,MiniNeptune
K2-355 b,K2-355,5.7385647,0.0632,,,0.2007319,,1066.0,,5790.0,0.96,0.92,,-0.12,,Transit,2021.0,,DesertWorld
K2-356 b,K2-356,21.0267366,0.1599,,,0.20430047,,624.0,,5568.0,0.9,0.86,,-0.11,,Transit,2021.0,,SuperEarth
K2-188 c,K2-188,7.810253,0.0785,,,0.25247569,,1026.0,,5977.0,1.06,1.19,,-0.01,,Transit,2018.0,,MiniNeptune
L 363-38 b,L 363-38,8.781,0.048,,0.01469346,,,330.0,,3129.0,0.21,0.274,-1.88606,,,Radial Velocity,2023.0,,EarthLike
WISEP J121756.91+162640.2 A b,WISEP J121756.91+162640.2 A,,8.0,,22.0,0.934,,450.0,,575.0,0.029,0.091,,,T8.5,Imaging,2012.0,,GasGiant
TOI-139 b,TOI-139,11.07085,,,,0.21916355,,561.17,,4570.0,0.69,0.7007,,-0.238,,Transit,2023.0,89.32,SuperEarth
NGC 2682 YBP 1514 b,NGC 2682 YBP 1514,5.118,,0.39,0.4,,,,,5725.0,0.96,0.89,,0.03,G5 V,Radial Velocity,2014.0,,GasGiant
TOI-1338 c,TOI-1338 A,215.5,0.794,0.16,0.205,,,,,6050.0,1.127,1.345,,,F8,Radial Velocity,2023.0,,GasGiant
K2-276 b,K2-276,18.718269,0.1291,,,0.33633687,,583.0,,5139.0,0.82,0.85,,0.07,,Transit,2018.0,,MiniNeptune
K2-187 d,K2-187,7.14921,0.072,,,0.28280846,,865.0,,5484.0,0.98,0.92,,0.23,,Transit,2018.0,,MiniNeptune
TOI-128.01,TOI-128,4.9404681,0.05381019,,,0.19774964,,1344.51,182.406,6086.0,0.851969,1.13,,,,Transit,2024.0,,DesertWorld
Kepler-150 f,Kepler-150,637.2093,1.24,,,0.32473905,,,,5528.0,0.97,0.905339,-0.16141,,,Transit,2017.0,90.0,MiniNeptune
NGC 2682 YBP 1194 b,NGC 2682 YBP 1194,6.958,,0.24,0.34,,,,,5780.0,1.01,0.99,,0.023,G5 V,Radial Velocity,2014.0,,GasGiant
TOI-3353.01,TOI-3353,4.6657965,0.060118218,,,0.23765421,,1264.36,313.0426,6365.0,1.332089,1.0207,,,,Transit,2024.0,,MiniNeptune
HD 285507 b,HD 285507,6.0881,0.06,0.09,0.98,,,,,4503.0,0.82,0.69,,0.13,,Radial Velocity,2013.0,,GasGiant
K2-312 c,HD 80653,921.2,1.961,0.853,5.41,,,,,5959.0,1.18,1.22,,0.255,,Radial Velocity,2023.0,,GasGiant
TOI-1683.01,TOI-1683,3.0575356,0.036507593,,,0.23510942,,929.25,163.056,4402.0,0.694661,0.7,,,,Transit,2024.0,,MiniNeptune
Kepler-454 d,Kepler-454,4073.0,5.1,0.089,2.31,,,,,5687.0,1.03,1.066,,0.32,,Radial Velocity,2023.0,,GasGiant
Kepler-68 e,Kepler-68,3455.0,4.6,0.33,0.272,,,,,5847.0,1.057,1.2564,,0.11,,Radial Velocity,2023.0,,GasGiant
K2-278 b,K2-278,3.334966,0.0488,,,0.26585779,,1711.0,,6747.0,1.4,1.61,,0.0,,Transit,2018.0,,MiniNeptune
K2-189 c,K2-189,6.679195,0.068,,,0.22303506,,872.0,,5519.0,0.94,0.87,,0.0,,Transit,2018.0,,DesertWorld
HD 164595 b,HD 164595,40.0,0.23,0.088,0.05078186,,,,,5790.0,0.99,,,-0.04,G2 V,Radial Velocity,2015.0,,MiniNeptune
KELT-6 c,KELT-6,1276.0,2.39,0.21,3.71,,,,,6272.0,1.126,1.529,,-0.27,,Radial Velocity,2015.0,,GasGiant
GJ 676 A b,GJ 676 A,1056.80005,1.82,0.33,4.96,,,,,3734.0,0.73,0.69,,0.08,,Radial Velocity,2010.0,,GasGiant
51 Eri b,51 Eri,11688.0,12.0,0.45,,,,,,7295.0,1.65,1.48726,0.75157,,,Imaging,2015.0,133.0,
HIP 39017 b,HIP 39017,31000.0,22.1,0.55,23.6,,,,,,1.52,,,-0.26,A9/F0,Imaging,2024.0,84.0,GasGiant
TOI-261.01,TOI-261,3.3639254,0.034792189,,,0.27136114,,1722.49,874.7956,5890.3,0.496728,1.28018,,,,Transit,2021.0,,MiniNeptune
HD 104067 c,HD 104067,13.8992,0.1058,0.29,0.04153184,,,,,4952.0,0.82,0.78,,0.11,,Radial Velocity,2024.0,,MiniNeptune
G 268-110 b,G 268-110,1.43263,0.01283,0.0,0.00478245,,,534.0,13.57,,0.137,,,,M5.0 V,Radial Velocity,2025.0,,EarthLike
G 192-15 b,G 192-15,2.27476,0.01723,0.0,0.00324074,,,453.6,7.06,,0.132,,,,M5.0 V,Radial Velocity,2025.0,,EarthLike
G 192-15 c,G 192-15,1219.0,1.137,0.676,0.04499283,,,55.9,0.0016,,0.132,,,,M5.0 V,Radial Velocity,2025.0,,MiniNeptune
G 261-6 b,G 261-6,5.4536,0.02971,0.0,0.0043105,,,322.3,1.8,,0.118,,,,M5.5 V,Radial Velocity,2025.0,,EarthLike
Gl 410 b,Gl 410,6.02,0.0531,,0.02642936,,,,,3842.0,0.55,0.543,-1.239,0.05,,Radial Velocity,2025.0,,
HD 175607 b,HD 175607,29.01,,0.11,0.0282541,,,,,5392.0,0.71,0.7,,-0.62,G6 V,Radial Velocity,2015.0,,
Kepler-454 c,Kepler-454,524.19,1.287,0.0053,4.51,,,,,5687.0,1.03,1.066,,0.32,,Radial Velocity,2015.0,,GasGiant
HD 95872 b,HD 95872,4375.0,5.2,0.06,4.6,,,,,5312.0,0.95,,,0.41,K0 V,Radial Velocity,2015.0,,GasGiant
psi1 Dra B b,psi1 Dra B,3117.0,4.43,0.4,1.53,,,,,6212.0,1.19,,,0.01,G0 V,Radial Velocity,2015.0,,GasGiant
eps Eri b,eps Eri,2650.0,3.5,0.044,0.651,,,,,5020.38,0.814595,0.759106,,-0.0439,,Radial Velocity,2000.0,,GasGiant
HD 12484 b,HD 12484,58.83,0.297,0.07,2.98,,,,,5920.0,1.01,,,0.05,F8,Radial Velocity,2016.0,,GasGiant
HIP 65407 b,HIP 65407,28.125,0.177,0.14,0.428,,,,,5460.0,0.93,,,0.25,K0,Radial Velocity,2016.0,,GasGiant
HIP 65407 c,HIP 65407,67.3,0.316,0.12,0.784,,,,,5460.0,0.93,,,0.25,K0,Radial Velocity,2016.0,,GasGiant
TOI-4527.01,TOI-4527,0.3994445,0.008332353,,,0.08097753,,1362.93,571.5072,3702.0,0.483901,0.485948,,,,Transit,2024.0,,DesertWorld
TOI-1450 A c,TOI-1450 A,5.0688,,,0.00480448,,,533.0,,3437.0,0.48,0.483,,-0.12,M3.0 V,Transit,2024.0,,EarthLike
KOI-1843.03,Kepler-974,0.1768913,,,0.02517081,0.05442065,,,,3584.0,0.46,0.45,,0.0,,Transit,2013.0,72.0,EarthLike
HD 220842 b,HD 220842,218.47,0.74,0.404,3.18,,,,,5960.0,1.13,,,-0.17,F8,Radial Velocity,2016.0,,GasGiant
HIP 109384 b,HIP 109384,499.48,1.134,0.549,1.56,,,,,5180.0,0.78,,,-0.26,G5,Radial Velocity,2016.0,,GasGiant
Pr0211 c,Pr0211,4850.0,5.5,0.71,7.79,,,,,5300.0,0.935,0.827,,0.18,,Radial Velocity,2016.0,,GasGiant
HD 143105 b,HD 143105,2.1974,0.0379,0.07,1.21,,,,,6380.0,1.51,,,0.15,F5,Radial Velocity,2016.0,,GasGiant
HD 73344 c,HD 73344,65.94,0.3388,0.124,0.373,,,,,6148.0,1.19,1.22,,0.16,,Radial Velocity,2025.0,,GasGiant
HIP 109600 b,HIP 109600,232.08,0.706,0.163,2.68,,,,,5530.0,0.87,,,-0.12,G5,Radial Velocity,2016.0,,GasGiant
HD 35759 b,HD 35759,82.467,0.389,0.389,3.76,,,,,6060.0,1.15,,,0.04,G0,Radial Velocity,2016.0,,GasGiant
K2-275 c,K2-275,8.4388385,0.0881,,,0.19716333,,653.0,,4841.0,0.77,0.69,,-0.06,,Transit,2018.0,,SuperEarth
HD 213472 b,HD 213472,17000.0,13.0,0.53,3.5,,,,,5729.54,1.048132,1.433902,,0.1249,,Radial Velocity,2021.0,,GasGiant
HD 168009 b,HD 168009,15.1479,0.1192,0.12,0.03,,,,,5778.33,0.986073,1.209505,,0.0183,,Radial Velocity,2021.0,,
HD 164922 e,HD 164922,41.763,0.2292,0.086,0.0331,,,,,5393.43,0.921146,1.001813,,0.1967,,Radial Velocity,2021.0,,MiniNeptune
HD 156668 c,HD 156668,811.3,1.57,0.089,0.0991,,,,,4903.69,0.785167,0.774528,,0.0493,,Radial Velocity,2021.0,,MiniNeptune
HD 145675 c,14 Her,25000.0,16.4,0.45,5.8,,,,,5314.94,0.969205,0.995819,,0.4052,,Radial Velocity,2021.0,,GasGiant
HD 24040 c,HD 24040,515.4,1.3,0.11,0.201,,,,,5776.49,1.10394,1.387296,,0.1971,,Radial Velocity,2021.0,,GasGiant
HD 26161 b,HD 26161,32000.0,20.4,0.82,13.5,,,,,6057.62,1.132916,1.455981,,-0.0095,,Radial Velocity,2021.0,,GasGiant
BD-10 3166 b,BD-10 3166,3.48777,0.04,0.02,0.59,,,,,5393.0,1.47,0.91,,0.38,,Radial Velocity,2000.0,,GasGiant
TOI-1203 c,TOI-1203,13.0766,,0.092,0.01717908,,,,,5737.0,0.886,1.179,,-0.39,G3 V,Radial Velocity,2025.0,,
TOI-1203 e,TOI-1203,204.59,,0.152,0.13246141,,,,,5737.0,0.886,1.179,,-0.39,G3 V,Radial Velocity,2025.0,,MiniNeptune
HD 143811 AB b,HD 143811 A,117000.0,63.0,0.19,6.1,1.4,,,,6791.0,1.32,,,,,Imaging,2025.0,37.0,GasGiant
BD-08 2823 c,BD-08 2823,237.6,0.68,0.19,0.33,,,,,4746.0,0.74,,,-0.07,K3 V,Radial Velocity,2009.0,,GasGiant
BD-08 2823 b,BD-08 2823,5.6,0.06,0.15,0.04,,,,,4816.0,0.5,0.71,,-0.06,,Radial Velocity,2009.0,,MiniNeptune
V830 Tau b,V830 Tau,4.93,0.057,0.0,0.77,,,,,4250.0,1.0,2.0,0.08,,,Radial Velocity,2016.0,,GasGiant
HD 107148 c,HD 107148,18.3267,0.1407,0.34,0.0626,,,,,5752.92,1.105215,1.169193,,0.2964,,Radial Velocity,2021.0,,MiniNeptune
K2-279 b,K2-279,7.122605,0.067,,,0.10794897,,879.0,,5558.0,0.79,0.86,,-0.37,,Transit,2018.0,,DesertWorld
KIC 7917485 b,KIC 7917485,840.0,,0.15,11.8,,,,,7067.0,1.63,,0.99564,-0.02,A,Pulsation Timing Variations,2016.0,,GasGiant
K2-275 b,K2-275,3.2809626,0.0277,,,0.20876118,,1166.0,,4841.0,0.77,0.69,,-0.06,,Transit,2018.0,,DesertWorld
HD 141004 b,HD 141004,15.5083,0.1238,0.16,0.0429,,,,,5885.38,1.051904,1.389372,,0.0247,,Radial Velocity,2021.0,,MiniNeptune
2MASS J02192210-3925225 b,2MASS J02192210-3925225,,156.0,,13.9,1.44,,,,3064.0,0.108,0.281,-2.23,,M6,Imaging,2015.0,,GasGiant
HD 136925 b,HD 136925,4540.0,5.13,0.103,0.84,,,,,5773.19,0.875104,1.193078,,-0.2172,,Radial Velocity,2021.0,,GasGiant
GJ 86 b,GJ 86,15.76491,0.11,0.04,4.42,,,,,5182.0,0.93,0.77,,-0.22,,Radial Velocity,1999.0,,GasGiant
K2-11 b,K2-11,39.93767,0.2257,,,0.67356588,,734.0,,5433.0,1.35,5.15,,-0.12,,Transit,2015.0,,GasGiant
HD 95735 c,GJ 411,3190.0,3.1,0.14,0.0568,,,,,3719.95,0.391846,0.369083,,-0.3612,,Radial Velocity,2021.0,,MiniNeptune
K2-13 b,K2-13,39.91488,0.2114,,,0.16861451,,511.0,,5698.0,0.8,0.78,,-0.54,,Transit,2015.0,,SuperEarth
K2-15 b,K2-15,11.8104,0.091,,,0.22125078,,676.0,,5131.0,0.72,0.68,,-0.46,,Transit,2015.0,,SuperEarth
HD 3765 b,HD 3765,1211.0,2.108,0.298,0.173,,,,,5049.8,0.851785,0.83061,,0.1716,,Radial Velocity,2021.0,,GasGiant
BEBOP-3 b,BEBOP-3,547.0,1.444,0.247,0.558,,,,,6033.0,1.083,1.414,,-0.02,,Radial Velocity,2025.0,,GasGiant
K2-6 b,K2-6,30.94191,0.1898,,,0.22303506,,615.0,,5850.0,0.97,0.96,,-0.14,,Transit,2015.0,,SuperEarth
K2-73 c,K2-73,1000.0,,,3.59313383,,,186.1,0.285,5867.0,1.02,1.058,,0.04,,Radial Velocity,2025.0,,GasGiant
HIP 41378 g,HIP 41378,62.06,,,0.02202446,,,605.0,22.3,6320.0,1.16,1.273,,-0.1,,Radial Velocity,2025.0,,EarthLike
HD 68988 c,HD 68988,16000.0,13.2,0.45,15.0,,,,,5883.41,1.171665,1.255733,,0.3052,,Radial Velocity,2021.0,,GasGiant
bet Pic b,bet Pic,,8.9,,20.0,1.5,,1650.0,,8038.68,1.95,1.54416,0.95282,,,Imaging,2008.0,,HotJupiter
HD 66428 c,HD 66428,39000.0,23.0,0.32,27.0,,,,,5647.6,1.050575,1.169119,,0.2714,,Radial Velocity,2021.0,,GasGiant
K2-274 b,K2-274,14.1330314,0.0964,,,0.18556549,,655.0,,5044.0,0.79,0.7,,-0.16,,Transit,2018.0,,SuperEarth
HD 114386 b,HD 114386,937.7,1.65,0.23,1.24,,,,,4804.0,0.68,,-0.54,-0.08,,Radial Velocity,2003.0,,GasGiant
Oph 11 b,Oph 11,7300000.0,243.0,,14.0,,,2175.0,,2375.0,0.016,,-2.77,,M9,Imaging,2006.0,,HotJupiter
K2-273 b,K2-273,11.7195663,0.0729,,,0.27210324,,849.0,,5161.0,0.89,0.85,,0.2,,Transit,2018.0,,MiniNeptune
HD 114729 b,HD 114729,1114.0,2.1,0.17,1.09,,,,,5835.0,1.24,1.55,,-0.28,,Radial Velocity,2002.0,,GasGiant
HD 142 c,HD 142,6005.0,6.8,0.21,5.3,,,,,6245.0,1.232,1.47,,0.09,,Radial Velocity,2012.0,,GasGiant
K2-259 b,K2-259,15.48043,0.1271,,,0.20697654,,795.0,,6059.0,1.14,1.13,,0.16,,Transit,2018.0,,SuperEarth
alf Ari b,alf Ari,380.8,1.2,0.25,1.8,,,,,4553.0,1.5,13.9,,-0.09,,Radial Velocity,2010.0,,GasGiant
HD 38283 b,HD 38283,363.20001,1.02,0.41,0.4,,,,,5981.0,1.37,1.49,,-0.18,,Radial Velocity,2010.0,,GasGiant
HD 77338 b,HD 77338,5.7361,0.06,0.09,0.06,,,,,5341.0,1.37,0.97,,0.32,,Radial Velocity,2012.0,,MiniNeptune
Pr0211 b,Pr0211,2.1461,0.03176,0.011,1.88,,,,,5300.0,0.935,0.827,,0.18,,Radial Velocity,2012.0,,GasGiant
Pr0201 b,Pr0201,4.4264,0.06,0.0,0.54,,,,,6174.0,1.24,1.15,,0.19,,Radial Velocity,2012.0,,GasGiant
WASP-107 c,WASP-107,1088.0,,0.28,0.36,,,,,4425.0,0.683,0.67,-0.87943,0.02,,Radial Velocity,2020.0,,GasGiant
TOI-5728 b,TOI-5728,11.49761,,,,0.11687057,,382.0,,3419.0,0.36,0.37,,-0.12,,Transit,2025.0,89.83,EarthLike
TOI-5716 b,TOI-5716,6.7663,,,,0.08564561,,400.0,,3436.0,0.19,0.22,,-0.54,,Transit,2025.0,89.4,EarthLike
TOI-5704 b,TOI-5704,3.771116,,,,0.28792984,,949.07,,4590.0,0.73,0.7575,,0.428,,Transit,2023.0,88.94,MiniNeptune
K2-230 b,K2-230,2.86041,0.0409,,,0.17485949,,1529.0,,5945.0,1.11,1.39,,0.1,,Transit,2018.0,,DesertWorld
HD 128311 b,HD 128311,453.28,1.088,0.283,2.0,,,,,4931.94,0.837059,0.783313,,0.1338,,Radial Velocity,2002.0,,GasGiant
K2-223 b,K2-223,0.50565,0.0127,,,0.07940048,,2271.0,,5835.0,1.06,0.99,,0.12,,Transit,2018.0,,LavaWorld
HD 128311 c,HD 128311,917.5,1.742,0.196,3.25,,,,,4931.94,0.837059,0.783313,,0.1338,,Radial Velocity,2005.0,,GasGiant
HD 13189 b,HD 13189,471.60001,1.25,0.27,10.95,,,,,4175.0,2.24,38.41,,-0.37,,Radial Velocity,2005.0,,GasGiant
HD 132563 b,HD 132563,1544.0,2.62,0.22,1.49,,,,,6289.0,1.231,1.29577,0.37408,,,Radial Velocity,2011.0,,GasGiant
K2-44 b,K2-44,5.657,0.06,,,0.21705772,,,,5912.0,1.15,1.58,,0.0,,Transit,2016.0,87.9933,SuperEarth
HD 130322 b,HD 130322,10.7085,0.0896,0.011,1.04,,,,,5308.0,0.836,,,-0.02,K0 V,Radial Velocity,1999.0,,GasGiant
K2-268 b,K2-268,2.151894,0.0308,,,0.12579177,,1121.0,,5068.0,0.84,0.78,,0.03,,Transit,2018.0,,DesertWorld
K2-258 b,K2-258,19.0921,0.149,,,0.26764207,,831.0,,6351.0,1.21,1.31,,0.01,,Transit,2018.0,,MiniNeptune
K2-257 b,K2-257,1.60588,0.0216,,,0.07404764,,789.0,,3725.0,0.52,0.5,,-0.03,,Transit,2018.0,,EarthLike
K2-228 b,K2-228,2.69828,0.0338,,,0.10794897,,914.0,,4715.0,0.71,0.65,,-0.25,,Transit,2018.0,,DesertWorld
HD 125595 b,HD 125595,9.6737,0.0809,0.0,0.041,,,,,4908.0,0.756,,,0.02,K4 V,Radial Velocity,2009.0,,MiniNeptune
HD 11977 b,HD 11977,711.0,1.93,0.4,6.54,,,,,4970.0,1.91,10.09,,-0.21,,Radial Velocity,2005.0,,GasGiant
gam1 Leo b,gam1 Leo,428.5,1.19,0.144,8.78,,,,,4330.0,1.23,31.88,,-0.51,,Radial Velocity,2009.0,,GasGiant
HD 121504 b,HD 121504,63.33,0.33,0.03,1.51,,,,,6027.0,1.62,1.07,,0.15,,Radial Velocity,2003.0,,GasGiant
K2-249 b,K2-249,12.409,0.1151,,,0.24890713,,1061.0,,6504.0,1.32,1.57,,0.04,,Transit,2018.0,,MiniNeptune
K2-251 b,K2-251,9.30075,0.0694,,,0.20965296,,437.0,,3717.0,0.52,0.49,,-0.04,,Transit,2018.0,,SuperEarth
K2-252 b,K2-252,13.81513,0.1041,,,0.1552324,,639.0,,5152.0,0.79,0.82,,-0.09,,Transit,2018.0,,EarthLike
K2-224 b,K2-224,4.47904,0.0516,,,0.13917388,,1002.0,,5620.0,0.91,0.84,,-0.19,,Transit,2018.0,,DesertWorld
K2-253 b,K2-253,4.00167,0.0506,,,1.13034169,,1238.0,,6027.0,1.08,1.1,,0.0,,Transit,2018.0,,HotJupiter
K2-223 c,K2-223,4.56327,0.0549,,,0.14006602,,1091.0,,5835.0,1.06,0.99,,0.12,,Transit,2018.0,,DesertWorld
HD 126525 b,HD 126525,960.41,1.837,0.035,0.237,,,,,5638.0,0.897,0.979,,-0.1,,Radial Velocity,2018.0,,GasGiant
K2-254 b,K2-254,4.09639,0.0448,,,0.14541886,,791.0,,4629.0,0.71,0.67,,-0.14,,Transit,2018.0,,EarthLike
K2-254 c,K2-254,12.11839,0.0923,,,0.19537871,,551.0,,4629.0,0.71,0.67,,-0.14,,Transit,2018.0,,SuperEarth
K2-255 b,K2-255,1.96417,0.0274,,,0.25872067,,1034.0,,4676.0,0.71,0.69,,-0.14,,Transit,2018.0,,MiniNeptune
HAT-P-11 c,HAT-P-11,3407.0,4.13,0.601,1.5951924,,,,,4780.0,0.809,0.683,,0.31,,Radial Velocity,2018.0,,GasGiant
K2-241 b,K2-241,26.8199,0.1567,,,0.22749576,,507.0,,5262.0,0.71,0.75,,-0.44,,Transit,2018.0,,MiniNeptune
K2-272 b,K2-272,14.453533,0.1081,,,0.25961281,,655.0,,5419.0,0.81,0.81,,-0.28,,Transit,2018.0,,MiniNeptune
K2-242 b,K2-242,6.51389,0.0494,,,0.22660362,,416.0,,3459.0,0.38,0.37,,-0.01,,Transit,2018.0,,MiniNeptune
K2-158 c,K2-158,5.90279,0.0622,,,0.11419395,,948.0,,5503.0,0.92,0.95,,0.07,,Transit,2018.0,,DesertWorld
K2-243 b,K2-243,11.54182,0.1087,,,0.19359443,,1035.0,,6570.0,1.29,1.39,,-0.03,,Transit,2018.0,,DesertWorld
K2-243 c,K2-243,24.94598,0.1817,,,0.17932019,,801.0,,6570.0,1.29,1.39,,-0.03,,Transit,2018.0,,DesertWorld
K2-245 b,K2-245,11.89307,0.0959,,,0.38718887,,923.0,,5793.0,0.83,1.25,,-0.45,,Transit,2018.0,,MiniNeptune
K2-224 c,K2-224,10.09489,0.0886,,,0.2150058,,764.0,,5620.0,0.91,0.84,,-0.19,,Transit,2018.0,,SuperEarth
K2-246 b,K2-246,5.76918,0.0602,,,0.31135695,,977.0,,5610.0,0.87,0.94,,-0.19,,Transit,2018.0,,MiniNeptune
K2-247 b,K2-247,2.25021,0.0304,,,0.18913373,,979.0,,4667.0,0.74,0.69,,-0.08,,Transit,2018.0,,DesertWorld
K2-247 c,K2-247,6.49424,0.0615,,,0.19537871,,688.0,,4667.0,0.74,0.69,,-0.08,,Transit,2018.0,,SuperEarth
K2-248 b,K2-248,7.17256,0.0699,,,0.22928004,,886.0,,5528.0,0.88,0.92,,-0.1,,Transit,2018.0,,MiniNeptune
HD 107148 b,HD 107148,77.181,0.3668,0.174,0.203,,,,,5752.92,1.105215,1.169193,,0.2964,,Radial Velocity,2005.0,,GasGiant
GJ 1148 c,GJ 1148,532.58,0.912,0.342,0.21413963,,,,,3287.0,0.344045,0.358519,-1.86908,,,Radial Velocity,2017.0,,GasGiant
HD 159868 c,HD 159868,352.3,1.0,0.15,0.73,,,,,5558.0,1.087,,,-0.08,G5 V,Radial Velocity,2012.0,,GasGiant
HIP 65426 b,HIP 65426,,92.0,,9.0,1.5,,1500.0,,8840.0,1.96,1.77,,,A2 V,Imaging,2017.0,,HotJupiter
TOI-1346 b,TOI-1346,1.7622538,,,,0.21322189,,1324.0,,5099.0,0.82,0.78,,-0.01,,Transit,2025.0,82.83,DesertWorld
GJ 504 b,GJ 504,,43.5,,4.0,,,510.0,,6234.0,1.22,,0.332,0.28,G0 V,Imaging,2013.0,,GasGiant
Kepler-90 i,KOI-351,14.44912,,,,0.11776251,,709.0,,6015.0,1.12,1.29,,0.098,,Transit,2017.0,89.2,EarthLike
K2-18 c,K2-18,8.962,0.06,0.47,0.02362898,,,363.0,,3457.0,0.359,0.411,,,,Radial Velocity,2017.0,,EarthLike
HD 100777 b,HD 100777,383.70001,1.03,0.36,1.03,,,,,5533.0,0.83,1.04,,0.25,,Radial Velocity,2007.0,,GasGiant
K2-389 b,K2-389,8.58289,,,,0.20786903,,932.0,179.0,5773.0,0.99,1.094,,0.038,,Transit,2022.0,,DesertWorld
K2-388 b,K2-388,6.33932,,,,0.34793529,,874.0,138.0,5310.0,0.93,0.91,,0.24,,Transit,2022.0,,MiniNeptune
HD 104067 b,HD 104067,55.806,0.26,0.0,0.16,,,,,4937.0,0.62,0.74,,0.0,,Radial Velocity,2009.0,,GasGiant
HD 103197 b,HD 103197,47.84,0.249,0.0,0.098,,,,,5303.0,0.9,,-0.3279,0.21,,Radial Velocity,2009.0,,MiniNeptune
kap And b,kap And,,55.0,,13.616,,,1900.0,,10900.0,2.6,,1.83,-0.36,B9 IV,Imaging,2012.0,,HotJupiter
TOI-1346 c,TOI-1346,5.502558,,,,0.19894762,,928.0,,5099.0,0.82,0.78,,-0.01,,Transit,2025.0,89.39,DesertWorld
K2-384 d,K2-384,6.679582,,,,0.12418614,,,,3623.0,0.33,0.348,,0.068,M4 V,Transit,2022.0,,EarthLike
K2-384 c,K2-384,4.194766,,,,0.10625409,,,,3623.0,0.33,0.348,,0.068,M4 V,Transit,2022.0,,EarthLike
TOI-1777.01,TOI-1777,14.650111974,0.119466,,,0.20037504,,,71.34,5859.0,1.06,0.98,,,,Transit,2024.0,,SuperEarth
K2-338 b,K2-338,3.850614,,,,0.0918906,,783.0,,4558.0,0.66,0.63,,-0.23,,Transit,2021.0,,EarthLike
TOI-1744.01,TOI-1744,22.341702927,0.164086,,,0.239094,,,63.31,6179.0,1.18,1.14,,,,Transit,2024.0,,MiniNeptune
K2-185 b,K2-185,10.616646,,,,0.11712443,,,,5722.0,0.976219,0.914349,,-0.05,,Transit,2018.0,88.93239,EarthLike
K2-339 b,K2-339,19.507428,,,,0.17129122,,508.0,,4857.0,0.74,0.72,,-0.11,,Transit,2021.0,,SuperEarth
K2-185 c,K2-185,52.713494,,,,0.21322189,,477.0,,5788.0,0.96,0.94,,-0.1,,Transit,2018.0,,SuperEarth
EPIC 212297394 c,EPIC 212297394,5.213965,,,,0.20251618,,866.0,,5171.0,0.83,0.8,,-0.03,,Transit,2021.0,,DesertWorld
K2-384 e,K2-384,9.715043,,,,0.11999307,,,,3623.0,0.33,0.348,,0.068,M4 V,Transit,2022.0,,EarthLike
K2-183 b,K2-183,0.469269,,,,0.23189363,,,,5482.0,0.942219,0.873283,,0.09,,Transit,2018.0,25.03355,MiniNeptune
K2-384 f,K2-384,13.62749,,,,0.1982339,,,,3623.0,0.33,0.348,,0.068,M4 V,Transit,2022.0,,SuperEarth
K2-210 b,K2-210,0.570233,,,,0.07303448,,,,5396.0,0.911717,0.85179,,0.05,,Transit,2018.0,84.10455,EarthLike
K2-335 b,K2-335,12.283211,,,,0.19716333,,949.0,,6222.0,1.23,1.33,,0.1,,Transit,2021.0,,DesertWorld
K2-209 b,K2-209,2.080615,,,,0.07748261,,,,4720.0,0.74479,0.712365,,-0.06,,Transit,2018.0,86.23126,EarthLike
K2-346 b,K2-346,26.201446,,,,0.20162404,,450.0,,4801.0,0.71,0.7,,-0.18,,Transit,2021.0,,SuperEarth
K2-207 b,K2-207,12.48749,,,,0.23247861,,,,5522.0,0.941851,0.928158,,0.11,,Transit,2018.0,88.62001,MiniNeptune
K2-202 b,K2-202,3.405164,,,,0.20534,,,,5491.0,0.971461,0.910685,,0.27,,Transit,2018.0,87.67245,SuperEarth
K2-201 c,K2-201,22.779878,,,,0.29312909,,,,5507.0,0.956055,0.878161,,0.13,,Transit,2018.0,89.27205,MiniNeptune
K2-205 b,K2-205,26.672263,,,,0.17802906,,,,5890.0,0.951027,1.077574,,-0.26,,Transit,2018.0,89.09695,SuperEarth
K2-201 b,K2-201,1.05979,,,,0.12490562,,,,5507.0,0.956055,0.878161,,0.13,,Transit,2018.0,84.41366,EarthLike
K2-345 b,K2-345,10.367437,,,,0.18824192,,437.0,,3779.0,0.56,0.52,,0.26,,Transit,2021.0,,SuperEarth
K2-206 b,K2-206,18.294549,,,,0.24937361,,,,5043.0,0.789481,0.758046,,-0.14,,Transit,2018.0,89.11217,MiniNeptune
K2-336 b,K2-336,21.194733,,,,0.1088413,,569.0,,5424.0,0.86,0.8,,-0.17,,Transit,2021.0,,EarthLike
K2-219 c,K2-219,6.66767,,,,0.12832521,,,,5753.0,1.021545,1.189232,,0.13,,Transit,2018.0,87.26923,EarthLike
K2-219 d,K2-219,11.137278,,,,0.22984607,,,,5753.0,1.021545,1.189232,,0.13,,Transit,2018.0,88.28659,MiniNeptune
K2-179 b,K2-179,5.172191,,,,0.22416619,,,,5015.0,0.824345,0.768067,,0.03,,Transit,2018.0,88.75496,MiniNeptune
TOI-1716.01,TOI-1716,8.082376554,0.080496,,,0.28040016,,,254.83,5879.0,1.07,1.24,,,,Transit,2024.0,,MiniNeptune
K2-221 b,K2-221,2.399094,,,,0.14978167,,,,5716.0,1.010842,0.947599,,0.13,,Transit,2018.0,85.44711,EarthLike
K2-347 b,K2-347,7.187257,,,,0.21500617,,640.0,,4599.0,0.66,0.63,,-0.26,,Transit,2021.0,,SuperEarth
K2-341 b,K2-341,36.552551,,,,0.28637751,,598.0,,5817.0,0.98,1.16,,-0.05,,Transit,2021.0,,MiniNeptune
K2-186 b,K2-186,41.474219,,,,0.28299383,,,,5784.0,1.018617,0.98083,,0.06,,Transit,2018.0,89.52426,MiniNeptune
K2-219 b,K2-219,3.901287,,,,0.12022712,,,,5753.0,1.021545,1.189232,,0.13,,Transit,2018.0,86.79476,EarthLike
K2-332 b,K2-332,17.70632,,,,0.19627119,,266.0,,3315.0,0.27,0.28,,0.09,,Transit,2021.0,,SuperEarth
K2-213 b,K2-213,8.13087,,,,0.13506866,,,,5794.0,1.069596,1.20424,,0.25,,Transit,2018.0,87.86162,EarthLike
K2-337 b,K2-337,16.273563,,,,0.23374115,,850.0,,5869.0,0.94,1.32,,-0.27,,Transit,2021.0,,MiniNeptune
K2-196 b,K2-196,48.324222,,,,0.3211442,,,,6045.0,1.162095,1.538801,,0.01,,Transit,2018.0,88.27355,MiniNeptune
K2-215 b,K2-215,8.269648,,,,0.18947385,,,,5704.0,0.999987,0.974398,,0.11,,Transit,2018.0,88.98419,SuperEarth
K2-195 c,K2-195,28.482786,,,,0.22979917,,,,5712.0,0.963364,0.906367,,-0.09,,Transit,2018.0,88.53687,MiniNeptune
K2-190 c,K2-190,21.574023,,,,0.09751835,,,,5631.0,0.904597,0.912206,,-0.19,,Transit,2018.0,88.97694,EarthLike
K2-343 b,K2-343,2.787174,,,,0.14720339,,653.0,,3804.0,0.49,0.46,,-0.1,,Transit,2021.0,,EarthLike
K2-217 b,K2-217,14.074524,,,,0.31925602,,,,5967.0,1.102661,1.333718,,0.04,,Transit,2018.0,88.04322,MiniNeptune
K2-218 b,K2-218,8.679885,,,,0.22923378,,,,5757.0,1.047488,1.008231,,0.25,,Transit,2018.0,88.45262,MiniNeptune
TOI-1782.02,TOI-1782,1.829024227,0.025739,,,0.16406487,,,214.17,4336.0,0.68,0.669,,,,Transit,2024.0,,SuperEarth
HD 102365 b,HD 102365,122.1,0.46,0.34,0.05,,,,,5630.0,0.85,,,-0.26,,Radial Velocity,2010.0,,MiniNeptune
HD 16417 b,HD 16417,17.24,0.14,0.2,0.0696,,,,,,1.2,,,0.06,G1 V,Radial Velocity,2008.0,,MiniNeptune
K2-191 b,K2-191,2.858646,,,,0.14085942,,,,5176.0,0.900994,0.839696,,0.31,,Transit,2018.0,87.05102,EarthLike
TOI-682.01,TOI-682,6.84,,,,0.39165024,,,,5085.0,0.85,1.08433,-0.14982,0.27,,Transit,2021.0,,MiniNeptune
K2-351 b,K2-351,7.806164,,,,0.22660401,,934.0,,5769.0,1.02,1.05,,0.08,,Transit,2021.0,,MiniNeptune
K2-190 b,K2-190,10.098858,,,,0.12103999,,,,5631.0,0.904597,0.912206,,-0.19,,Transit,2018.0,88.35712,EarthLike
K2-352 c,K2-352,8.234885,,,,0.17129122,,885.0,,5791.0,0.98,0.95,,-0.05,,Transit,2021.0,,DesertWorld
K2-352 d,K2-352,14.871387,,,,0.19894762,,727.0,,5791.0,0.98,0.95,,-0.05,,Transit,2021.0,,SuperEarth
TOI-1782.01,TOI-1782,4.987641028,0.05024,,,0.21125917,,,56.25,4336.0,0.68,0.669,,,,Transit,2024.0,,SuperEarth
K2-340 b,K2-340,29.740451,,,,0.29975964,,606.0,,5532.0,0.93,1.13,,0.08,,Transit,2021.0,,MiniNeptune
TOI-1301.01,TOI-1301,6.096407209,0.059866,,,0.22098352,,,72.55,4820.0,0.77,0.732,,,,Transit,2024.0,,SuperEarth
K2-354 b,K2-354,3.793306,,,,0.13917412,,543.0,,3669.0,0.43,0.41,,-0.04,,Transit,2021.0,,EarthLike
K2-200 b,K2-200,2.849883,,,,0.1217235,,,,5233.0,0.860208,0.791736,,-0.04,,Transit,2018.0,87.96772,EarthLike
TOI-1630.01,TOI-1630,12.055734733,0.101151,,,0.21563067,,,55.58,5504.0,0.95,0.83,,,,Transit,2024.0,,SuperEarth
EPIC 212587672 c,EPIC 212587672,23.228555,,,,0.20697689,,658.0,,6004.0,0.99,0.98,,-0.18,,Transit,2021.0,,SuperEarth
TOI-1659.01,TOI-1659,5.877556328,0.065757,,,0.20117797,,,268.44,5977.0,1.1,1.006,,,,Transit,2024.0,,SuperEarth
TOI-1772.01,TOI-1772,8.054246874,0.078375,,,0.25916719,,,140.93,5583.0,0.99,0.995,,,,Transit,2024.0,,MiniNeptune
2MASS J12073346-3932539 b,2MASS J12073346-3932539,,46.0,,4.0,,,1150.0,,2825.0,0.188001,0.21887,-2.56086,,,Imaging,2004.0,,HotJupiter
K2-194 b,K2-194,39.721386,,,,0.32494411,,,,5979.0,1.110086,1.281115,,0.1,,Transit,2018.0,89.06529,MiniNeptune
TOI-1768.01,TOI-1768,7.337703649,0.076381,,,0.30805656,,,240.87,5994.0,1.1,1.1,,,,Transit,2024.0,,MiniNeptune
K2-348 c,K2-348,12.550171,,,,0.23820186,,655.0,,5077.0,0.83,0.85,,0.13,,Transit,2021.0,,MiniNeptune
K2-348 b,K2-348,4.688418,,,,0.29083822,,908.0,,5077.0,0.83,0.85,,0.13,,Transit,2021.0,,MiniNeptune
K2-349 b,K2-349,9.032178,,,,0.12311557,,518.0,,4385.0,0.54,0.49,,-0.66,,Transit,2021.0,,EarthLike
K2-173 b,K2-173,5.868699,,,,0.14347952,,,,5580.0,0.881538,0.843154,,-0.25,,Transit,2018.0,87.82563,EarthLike
K2-330 b,K2-330,13.774798,,,,0.24712327,,969.0,,6232.0,1.23,1.5,,-0.03,,Transit,2021.0,,MiniNeptune
K2-178 b,K2-178,8.747818,,,,0.31741546,,,,5525.0,0.95109,0.887267,,0.09,,Transit,2018.0,88.61078,MiniNeptune
K2-177 b,K2-177,14.155185,,,,0.18879515,,,,6063.0,1.210525,1.213565,,0.41,,Transit,2018.0,87.21955,SuperEarth
K2-176 b,K2-176,5.329439,,,,0.13300928,,,,5428.0,0.938545,0.86416,,0.15,,Transit,2018.0,88.06252,EarthLike
K2-175 b,K2-175,9.525988,,,,0.18182147,,,,5909.0,1.094693,1.420038,,0.05,,Transit,2018.0,87.49426,SuperEarth
TOI-261.02,TOI-261,13.04,,,,0.22481973,,,,5890.3,1.069,1.28018,0.24978,-0.35,,Transit,2021.0,,MiniNeptune
K2-227 b,K2-227,13.621832,,,,0.14858712,,,,5673.0,0.950811,0.890666,,-0.1,,Transit,2018.0,88.37406,EarthLike
K2-163 b,K2-163,6.673117,,,,0.22001134,,,,4937.0,0.826112,0.762201,,0.14,,Transit,2018.0,88.25311,SuperEarth
K2-198 b,K2-198,17.043179,,,,0.3674282,,,,5262.0,0.835734,0.778475,,-0.16,,Transit,2018.0,89.39689,MiniNeptune
K2-342 b,K2-342,11.561052,,,,0.18110478,,861.0,,5920.0,1.01,1.09,,-0.06,,Transit,2021.0,,DesertWorld
K2-198 d,K2-198,7.4500177,,,,0.21750379,,943.2,,5212.9,0.799,0.757,,,,Transit,2019.0,89.86,DesertWorld
K2-161 b,K2-161,9.283188,,,,0.54574113,,,,4972.0,0.986876,2.568173,,-0.03,,Transit,2018.0,87.25087,GasGiant
K2-343 c,K2-343,7.676972,,,,0.18021264,,465.0,,3804.0,0.49,0.46,,-0.1,,Transit,2021.0,,SuperEarth
K2-344 b,K2-344,3.35585,,,,0.14185054,,722.0,,4374.0,0.51,0.49,,-0.95,,Transit,2021.0,,EarthLike
K2-198 c,K2-198,3.3596055,,,,0.12695156,,1229.9,,5212.9,0.799,0.757,,,,Transit,2019.0,86.494,DesertWorld
K2-160 b,K2-160,3.705871,,,,0.28354361,,,,5649.0,0.982829,0.913754,,0.07,,Transit,2018.0,88.25363,MiniNeptune
K2-165 b,K2-165,2.354992,,,,0.11369762,,,,5185.0,0.834847,0.803827,,-0.05,,Transit,2018.0,87.08276,EarthLike
K2-80 d,K2-80,28.867253,,,,0.22768446,,,,5377.0,0.913111,0.841458,,0.07,,Transit,2018.0,89.39678,MiniNeptune
GSC 06214-00210 b,GSC 06214-00210,,320.0,,16.0,,,2300.0,,4200.0,0.9,,-0.42,,K7,Imaging,2010.0,,HotJupiter
K2-268 d,K2-268,4.528598,,,,0.13292913,,888.0,,5106.0,0.84,0.78,,0.03,,Transit,2021.0,,DesertWorld
EPIC 228836835 b,EPIC 228836835,0.72813,,,,0.113,,932.0,,3506.0,0.418179,0.423901,-1.61153,,,Transit,2021.0,,DesertWorld
K2-331 c,K2-331,22.996591,,,,0.24266256,,673.0,,5994.0,1.1,1.06,,0.08,,Transit,2021.0,,MiniNeptune
K2-350 c,K2-350,19.991944,,,,0.24444685,,687.0,,5789.0,0.98,1.04,,-0.02,,Transit,2016.0,,MiniNeptune
K2-165 c,K2-165,4.382745,,,,0.13864665,,,,5185.0,0.834847,0.803827,,-0.05,,Transit,2018.0,87.05435,EarthLike
K2-268 f,K2-268,26.27057,,,,0.19894762,,492.0,,5106.0,0.84,0.78,,0.03,,Transit,2021.0,,SuperEarth
K2-333 b,K2-333,14.759287,,,,0.55134362,,826.0,,5880.0,1.06,1.22,,0.07,,Transit,2021.0,,GasGiant
K2-165 d,K2-165,14.101361,,,,0.23624721,,,,5185.0,0.834847,0.803827,,-0.05,,Transit,2018.0,89.0019,MiniNeptune
K2-334 b,K2-334,5.113981,,,,0.50406011,,1380.0,,6502.0,1.36,1.49,,0.17,,Transit,2021.0,,MiniNeptune
K2-268 e,K2-268,6.131243,,,,0.11865486,,801.0,,5106.0,0.84,0.78,,0.03,,Transit,2021.0,,DesertWorld
K2-46 b,K2-46,19.1541,0.13821,,,0.18288875,,,119.0,6256.0,0.96,1.29,,,,Transit,2016.0,,SuperEarth
HIP 54373 c,HIP 54373,15.144,0.099,0.2,0.03914042,,,,,4021.0,0.57,,,,K5 V,Radial Velocity,2019.0,,MiniNeptune
HIP 54373 b,HIP 54373,7.76,0.063,0.2,0.02712142,,,,,4021.0,0.57,,,,K5 V,Radial Velocity,2019.0,,
HD 8326 b,HD 8326,158.991,0.533,0.2,0.20954598,,,,,4914.0,0.8,,,,K2 V,Radial Velocity,2019.0,,GasGiant
HD 64114 b,HD 64114,45.791,0.246,0.12,0.05600478,,,,,5676.0,0.95,,,,G7 V,Radial Velocity,2019.0,,MiniNeptune
K2-42 b,K2-42,6.68796,0.0617,,,0.19181015,,,44.1,4613.0,0.702,0.643,,,,Transit,2016.0,,SuperEarth
HD 21411 b,HD 21411,84.288,0.362,0.4,0.20734355,,,,,5605.0,0.89,,,,G8 V,Radial Velocity,2019.0,,GasGiant
HD 206255 b,HD 206255,96.045,0.461,0.23,0.10760469,,,,,5635.0,1.42,,,,G5 IV/V,Radial Velocity,2019.0,,MiniNeptune
HD 103949 b,HD 103949,120.878,0.439,0.19,0.03523896,,,,,4792.0,0.77,,,,K3 V,Radial Velocity,2019.0,,MiniNeptune
HD 102843 b,HD 102843,3090.942,4.074,0.11,0.35836768,,,,,5436.0,0.95,,,,K0 V,Radial Velocity,2019.0,,GasGiant
HIP 35173 b,HIP 35173,41.516,0.217,0.16,0.03995847,,,,,4881.0,0.79,,,,K2 V,Radial Velocity,2019.0,,MiniNeptune
HD 39855 b,HD 39855,3.2498,0.041,0.14,0.02674386,,,,,5576.0,0.87,,,,G8 V,Radial Velocity,2019.0,,
HD 211970 b,HD 211970,25.201,0.143,0.15,0.04090237,,,,,4127.0,0.61,,,,K7 V,Radial Velocity,2019.0,,MiniNeptune
HD 210193 b,HD 210193,649.918,1.487,0.24,0.48170406,,,,,5790.0,1.04,,,,G3 V,Radial Velocity,2019.0,,GasGiant
K2-408 b,K2-408,20.978959,,,,0.14961218,,,,5335.0,0.813,0.784,,-0.171,G7,Transit,2022.0,,EarthLike
FU Tau b,FU Tau,,800.0,,16.0,,,2375.0,,2838.0,0.05,,-0.69897,,M7.25,Imaging,2008.0,,HotJupiter
TOI-5174 b,TOI-5174,12.214286,,,,0.47738507,,,,5643.77,1.0,1.09457,0.03946,0.415,,Transit,2022.0,,MiniNeptune
K2-374 c,K2-374,16.43445,,,,0.19743098,,,,5789.0,0.731,0.907,,-0.292,G3,Transit,2022.0,,SuperEarth
K2-374 b,K2-374,4.521953,,,,0.14211819,,,,5789.0,0.731,0.907,,-0.292,G3,Transit,2022.0,,EarthLike
K2-409 b,K2-409,1.908084,,,,0.22142959,,,,5742.0,0.886,1.228,,-0.036,G4,Transit,2022.0,,SuperEarth
NY Vir b,NY Vir,2985.7,,0.44,2.78,,,,,32780.0,0.459,0.151,1.37508,,,Eclipse Timing Variations,2011.0,,GasGiant
Kepler-19 d,Kepler-19,62.95,,0.05,0.07079256,,,,,5544.0,0.936,0.859,,-0.08,,Radial Velocity,2017.0,,MiniNeptune
K2-376 b,K2-376,5.776475,,,,0.15487581,,,,5937.0,0.908,1.149,,-0.176,G1,Transit,2022.0,,EarthLike
HD 24085 b,HD 24085,2.0455,0.034,0.22,0.03712677,,,,,6034.0,1.22,,,,G0 V,Radial Velocity,2019.0,,MiniNeptune
NSVS 14256825 b,NSVS 14256825,3225.0,3.12,0.12,14.15,,,,,40000.0,0.419,0.188,,,,Eclipse Timing Variations,2019.0,,GasGiant
HIP 71135 b,HIP 71135,87.19,0.335,0.21,0.05915112,,,,,4146.0,0.66,,,,M1,Radial Velocity,2019.0,,MiniNeptune
TOI-833 b,TOI-833,1.0418777,0.0171,,,0.11330201,,1118.0,,3920.0,0.61,0.6,,,,Transit,2022.0,,DesertWorld
HD 30177 c,HD 30177,11613.0,9.89,0.22,7.6,,,,,5580.0,0.988,,,0.33,,Radial Velocity,2016.0,,GasGiant
TOI-206 b,TOI-206,0.7363104,0.0112,,,0.11597843,,910.0,,3383.0,0.35,0.35,,,,Transit,2022.0,,DesertWorld
TOI-2411 b,TOI-2411,0.7826942,0.0144,,,0.14987982,,1355.0,,4099.0,0.65,0.68,,,,Transit,2022.0,,DesertWorld
V0391 Peg b,V0391 Peg,1170.0,1.7,0.0,3.2,,,,,29300.0,0.5,0.23,,,,Pulsation Timing Variations,2007.0,,GasGiant
TOI-1693 b,TOI-1693,1.7666957,0.0226,,,0.12579199,,764.0,,3499.0,0.49,0.46,,,,Transit,2022.0,,EarthLike
TOI-1442 b,TOI-1442,0.4090677,0.0071,,,0.10438059,,1072.0,,3330.0,0.29,0.31,,,,Transit,2022.0,,DesertWorld
EPIC 205950854 c,K2-168,8.050722,,,,0.11687037,,960.6,,5502.7,0.877,0.83,,,,Transit,2019.0,89.81,DesertWorld
EPIC 212297394 b,EPIC 212297394,2.289363,,,,0.13203698,,1149.0,,5171.0,0.83,0.8,,-0.03,,Transit,2019.0,,DesertWorld
K2-49 b,K2-49,2.77065,0.0309,,,0.17218307,,,59.0,4175.0,0.51,0.45,,,,Transit,2016.0,,SuperEarth
K2-48 b,K2-48,20.5065,0.1344,,,0.19983941,,,15.3,4899.0,0.77,0.73,,,,Transit,2016.0,,SuperEarth
K2-47 b,K2-47,31.6372,0.1779,,,0.16861451,,,10.7,5054.0,0.75,0.76,,,,Transit,2016.0,,SuperEarth
PZ Tel b,PZ Tel,44000.0,27.0,0.52,27.0,,,,,,1.36,,,,G9 IV,Imaging,2023.0,91.73,GasGiant
ZTF J1230-2655 b,ZTF J1230-2655,0.23597766,,,22.1,1.23,,,,10000.0,0.646,0.0123,,,,Transit,2025.0,86.7,GasGiant
ZTF J1828+2308 b,ZTF J1828+2308,0.1120067,,,20.0,0.993,,,,15900.0,0.61,0.0131,,,,Transit,2025.0,88.9,GasGiant
TOI-2211.01,TOI-2211,3.092686757,0.04011,,,0.13926333,,,296.13,5253.0,0.9,0.834,,,,Transit,2024.0,,EarthLike
K2-164 b,K2-164,17.355066,,,,0.28987868,,,,5791.0,1.180894,2.196069,,-0.23,,Transit,2018.0,87.88981,MiniNeptune
b Cen AB b,b Cen A,1790000.0,556.0,0.4,10.9,,,,,,5.5,,,,B2.5 V,Imaging,2021.0,143.0,GasGiant
K2-308 b,K2-308,3.38628,,,,0.884,,,,6100.0,1.09,1.24,,-0.1,,Transit,2019.0,88.44,GasGiant
PDS 70 c,PDS 70,,34.0,0.11,2.0,2.04,,995.0,,3972.0,,,,,,Imaging,2019.0,132.0,GasGiant
K2-50 b,K2-50,8.7529,0.0705,,,0.1418503,,,18.8,4326.0,0.611,0.546,,,,Transit,2016.0,,EarthLike
TAP 26 b,TAP 26,10.79,0.0968,,1.66,,,,,4620.0,1.04,1.17,-0.25,,,Radial Velocity,2017.0,,GasGiant
EPIC 212587672 b,EPIC 212587672,15.28078,,,,0.11240986,,756.0,,6004.0,0.99,0.98,,-0.18,,Transit,2019.0,,EarthLike
DENIS-P J082303.1-491201 b,DENIS-P J082303.1-491201,246.36,0.36,0.345,28.5,,,,,,0.075,,,,L1.5,Astrometry,2013.0,56.6,GasGiant
TOI-5489 b,TOI-5489,3.15222,,,,0.12489985,,624.0,,3547.0,0.41,0.42,,,,Transit,2025.0,88.6,EarthLike
K2-389 c,K2-389,20.851337,,,,0.18199692,,,,5782.0,0.802,1.084,,-0.034,G3,Transit,2022.0,,SuperEarth
DH Tau b,DH Tau,,,,11.0,2.7,,2200.0,,4371.0,0.683,1.36687,-0.21153,,,Imaging,2004.0,,HotJupiter
PSR J1719-1438 b,PSR J1719-1438,0.090706293,0.0044,0.06,1.2,,23.0,,,4500.0,1.4,,,,,Pulsar Timing,2011.0,,GasGiant
K2-390 b,K2-390,3.312792,,,,0.4159165,,,,5558.0,0.789,0.966,,-0.116,G4,Transit,2022.0,,MiniNeptune
K2-392 b,K2-392,15.398723,,,,0.16504623,,,,5726.0,0.841,1.058,,-0.238,G3,Transit,2022.0,,SuperEarth
Kepler-19 c,Kepler-19,28.731,,0.21,0.041217,,,,,5544.0,0.936,0.859,,-0.08,,Transit Timing Variations,2011.0,,MiniNeptune
K2-391 b,K2-391,4.622654,,,,0.12231264,,,,5543.0,0.757,0.566,,-0.543,G7,Transit,2022.0,,EarthLike
TOI-5803 b,TOI-5803,5.38305,,,,0.29201585,,678.87,,5134.0,0.87,0.7625,,,,Transit,2023.0,89.3,MiniNeptune
RR Cae b,RR Cae,4343.5,5.3,0.0,4.2,,,,,,0.44,,,,M,Eclipse Timing Variations,2012.0,17.6,GasGiant
TOI-5726.01,TOI-5726,5.491125215,0.062186,,,0.22785301,,,338.95,5874.0,1.06,1.106,,,,Transit,2024.0,,MiniNeptune
HD 140901 c,HD 140901,14386.0,11.8,0.77,1.8,,,,,,1.06,,,,G7 IV,Radial Velocity,2022.0,40.0,GasGiant
HD 16905 b,HD 16905,10256.0,8.8,0.68,11.3,,,,,,0.85,,,,K3 V,Radial Velocity,2022.0,43.0,GasGiant
TOI-5736 b,TOI-5736,0.64899,,,,0.13917412,,1311.0,,3949.0,0.57,0.58,,,,Transit,2025.0,84.5,DesertWorld
GU Psc b,GU Psc,,2000.0,,11.3,1.265,,1050.0,,,0.325,,,0.1,M3,Imaging,2014.0,,HotJupiter
GJ 896 A b,GJ 896 A,284.39,0.63965,0.35,2.26,,,,,,0.43599,,,,M3.5 V,Astrometry,2022.0,69.2,GasGiant
TOI-2545 b,TOI-2545,7.994037,,,,0.24533899,,,,5846.29,1.055,1.25324,0.21828,-0.2729,,Transit,2022.0,,MiniNeptune
K2-231 b,K2-231,13.841901,,,,0.22303506,,,,5695.0,1.01,0.95,,0.14,,Transit,2018.0,88.6,SuperEarth
HD 106906 b,HD 106906,,650.0,,11.0,,,1800.0,,6516.0,1.5,,0.75,,F5 V,Imaging,2013.0,,HotJupiter
Kepler-93 c,Kepler-93,3650.0,,,8.5,,,,,5655.0,1.0,0.922487,-0.10565,-0.15,,Radial Velocity,2014.0,,GasGiant
Kepler-25 d,Kepler-25,122.4,,0.13,0.226,,,,,6354.0,1.165,1.316,,,F8,Radial Velocity,2014.0,,GasGiant
K2-402 b,K2-402,17.27474,,,,0.23891557,,,,5716.0,0.944,1.28,,-0.378,G2,Transit,2022.0,,MiniNeptune
K2-403 b,K2-403,33.589979,,,,0.47577921,,,,5511.0,0.784,0.886,,-0.162,G4,Transit,2022.0,,MiniNeptune
HD 95089 c,HD 95089,1785.0,3.33,0.284,3.45,,,,,4918.0,1.54,5.08,,,,Radial Velocity,2018.0,,GasGiant
HD 100546 b,HD 100546,,53.0,,8.5,6.9,,,,10500.0,2.4,,1.5,,B9 Vne,Imaging,2014.0,,GasGiant
Kepler-432 c,Kepler-432,406.2,,0.498,2.43,,,,,4995.0,1.32,4.06,,-0.07,,Radial Velocity,2015.0,,GasGiant
K2-404 b,K2-404,13.115365,,,,0.22571187,,,,3748.0,0.552,0.552,,0.005,M1,Transit,2022.0,,MiniNeptune
K2-401 b,K2-401,6.293099,,,,0.20180247,,,,4213.0,0.87,0.675,,-0.098,K7,Transit,2022.0,,SuperEarth
K2-400 b,K2-400,3.865053,,,,0.10375609,,,,3578.0,0.374,0.382,,-0.051,M3,Transit,2022.0,,EarthLike
TOI-2459 b,TOI-2459,19.104718,,,,0.26345839,,445.01,,4195.0,0.66,0.6751,,,,Transit,2023.0,89.59,MiniNeptune
CD-35 2722 b,CD-35 2722,,67.0,,31.0,,,1800.0,,3680.0,0.4,,,0.04,M1 Ve,Imaging,2011.0,,HotJupiter
TOI-6000 b,TOI-6000,0.448959,,,,0.08386133,,1120.0,,3419.0,0.37,0.38,,,,Transit,2025.0,87.05,DesertWorld
VHS J125601.92-125723.9 b,VHS J125601.92-125723.9,5800000.0,350.0,0.68,16.0,1.22,,1194.0,,,,,,,,Imaging,2015.0,24.0,HotJupiter
HD 27894 c,HD 27894,36.07,0.198,0.015,0.162,,,,,,0.8,,,0.3,K2 V,Radial Velocity,2017.0,,GasGiant
HD 27894 d,HD 27894,5174.0,5.448,0.389,5.415,,,,,,0.8,,,0.3,K2 V,Radial Velocity,2017.0,,GasGiant
K2-407 c,K2-407,9.22453,,,,0.12133128,,,,5563.0,0.881,0.927,,0.014,G4,Transit,2022.0,,EarthLike
K2-407 b,K2-407,4.941907,,,,0.11446179,,,,5563.0,0.881,0.927,,0.014,G4,Transit,2022.0,,EarthLike
HD 4917 b,HD 4917,400.5,1.167,0.066,1.615,,,,,4802.0,1.32,5.01,,,,Radial Velocity,2018.0,,GasGiant
HD 180053 b,HD 180053,213.72,0.843,0.081,2.194,,,,,5131.0,1.75,4.06,,,,Radial Velocity,2018.0,,GasGiant
HD 94834 b,HD 94834,1576.0,2.74,0.14,1.26,,,,,4798.0,1.11,4.2,,,,Radial Velocity,2018.0,,GasGiant
HD 72490 b,HD 72490,858.0,1.88,0.124,1.768,,,,,4934.0,1.21,4.96,,,,Radial Velocity,2018.0,,GasGiant
K2-406 b,K2-406,22.549406,,,,0.41056365,,,,5784.0,0.798,0.961,,-0.038,G4,Transit,2022.0,,MiniNeptune
HD 14787 b,HD 14787,676.6,1.7,0.155,1.121,,,,,4946.0,1.43,5.01,,,,Radial Velocity,2018.0,,GasGiant
HD 13167 b,HD 13167,2613.0,4.1,0.563,3.31,,,,,5671.0,1.35,2.39,,,,Radial Velocity,2018.0,,GasGiant
K2-405 b,K2-405,3.435453,,,,0.33954916,,,,4927.0,1.034,0.765,,0.132,K0,Transit,2022.0,,MiniNeptune
K2-395 c,K2-395,8.491282,,,,0.30288213,,,,5007.0,0.952,0.783,,-0.033,K0,Transit,2022.0,,MiniNeptune
K2-395 b,K2-395,4.803352,,,,0.23168922,,,,5007.0,0.952,0.783,,-0.033,K0,Transit,2022.0,,MiniNeptune
GJ 676 A d,GJ 676 A,3.6,0.0413,0.15,0.014,,,,,,0.71,,,0.23,M0 V,Radial Velocity,2012.0,,
GJ 676 A e,GJ 676 A,35.37,0.187,0.24,0.036,,,,,,0.71,,,0.23,M0 V,Radial Velocity,2012.0,,MiniNeptune
K2-370 b,K2-370,2.14084,,,,0.28610987,,,,5377.0,0.984,0.971,,0.018,G8,Transit,2022.0,,MiniNeptune
K2-398 c,K2-398,18.787839,,,,0.45481388,,,,5946.0,0.945,1.239,,-0.257,G2,Transit,2022.0,,MiniNeptune
K2-331 b,K2-331,9.398977,,,,0.15969338,,909.0,,5994.0,1.1,1.06,,0.08,,Transit,2021.0,,DesertWorld
K2-398 b,K2-398,6.393025,,,,0.20287304,,,,5946.0,0.945,1.239,,-0.257,G2,Transit,2022.0,,SuperEarth
K2-350 b,K2-350,4.163873,,,,0.13738983,,1158.0,,5789.0,0.98,1.04,,-0.02,,Transit,2021.0,,DesertWorld
K2-352 b,K2-352,3.665912,,,,0.12222342,,1160.0,,5791.0,0.98,0.95,,-0.05,,Transit,2021.0,,DesertWorld
K2-353 b,K2-353,15.466805,,,,0.49513869,,735.0,,5698.0,0.87,0.99,,-0.21,,Transit,2021.0,,MiniNeptune
K2-397 b,K2-397,3.572326,,,,0.21563067,,,,5387.0,0.937,0.966,,0.11,G7,Transit,2022.0,,SuperEarth
K2-396 b,K2-396,0.673862,,,,0.14086919,,,,5236.0,0.954,0.92,,0.237,G9,Transit,2022.0,,EarthLike
Kepler-51 e,Kepler-51,256.86,,0.08,0.01195614,,,,,5674.0,0.96,0.87,,0.047,,Transit Timing Variations,2024.0,,
TOI-2427 b,TOI-2427,1.3060011,0.0202,,,0.16058552,,1117.0,,4072.0,0.64,0.65,,,,Transit,2022.0,,DesertWorld
Kepler-1660 AB b,Kepler-1660 A,237.68977,0.8,0.0603,7.693,,,,,,1.21,,,,F7 V,Eclipse Timing Variations,2023.0,105.83,GasGiant
K2-75 c,K2-75,18.311,0.1429,,,0.24712285,,,138.0,5995.0,1.16,1.56,,,,Transit,2016.0,,MiniNeptune
K2-75 b,K2-75,7.8142,0.081,,,0.23820145,,,430.0,5995.0,1.16,1.56,,,,Transit,2016.0,,MiniNeptune
HD 62509 b,HD 62509,596.6,1.66,0.011,2.64,,,,,4858.0,1.73,,,0.19,,Radial Velocity,2006.0,,GasGiant
TOI-1634 c,TOI-1634,103.0,,0.0,,,,,,3472.0,0.451,0.45,-1.5784,0.19,,Radial Velocity,2022.0,,
USco1556 b,USco1556 A,,3500.0,,15.0,,,2240.0,,3410.0,0.33,,-1.09,,M3.0 V,Imaging,2019.0,,HotJupiter
USco1621 b,USco1621 A,,2880.0,,16.0,,,2270.0,,3460.0,0.36,,-1.02,,M2.5 V,Imaging,2019.0,,HotJupiter
WASP-126 c,WASP-126,7.63,,0.05,0.20199478,,,,,5800.0,1.12,1.27,,,,Transit Timing Variations,2019.0,85.5,GasGiant
WASP-18 c,WASP-18,2.1558,0.035,0.015,0.17367775,,,,,6400.0,1.22,1.23,,,,Transit Timing Variations,2019.0,,GasGiant
pi Men d,HD 39091,124.64,,0.22,0.04209819,,,,,5998.0,1.07,1.19,,0.09,,Radial Velocity,2022.0,,MiniNeptune
TOI-4638.01,TOI-4638,10.283918787,0.093013,,,0.26166518,,,87.81,5700.0,1.02,0.895,,,,Transit,2024.0,,MiniNeptune
TOI-1224 c,TOI-1224,17.945466,,0.0,,0.25729369,,,,3326.0,0.4,0.404,-1.6968,,,Transit,2024.0,,MiniNeptune
Kepler-160 d,Kepler-160,30.0,0.17,,0.31463361,,,,,5471.0,,1.118,0.00432,,,Transit Timing Variations,2020.0,86.9,GasGiant
K2-74 b,K2-74,19.5666,0.1402,,,0.2060844,,,59.1,6060.0,0.96,0.98,,,,Transit,2016.0,,SuperEarth
Luhman 16 b,Luhman 16 A,10001.0,3.54,0.35,27.9,,,,,,0.0326,,-4.66,,,Imaging,2017.0,79.5,GasGiant
Kepler-56 d,Kepler-56,1002.0,2.16,0.2,5.61,,,,,4819.44,,4.21799,,0.3631,,Radial Velocity,2016.0,,GasGiant
K2-71 b,K2-71,6.98541,0.0559,,,0.19181015,,,13.4,4006.0,0.477,0.426,,,,Transit,2016.0,,SuperEarth
NY Vir c,NY Vir,8799.0,,0.15,5.54,,,,,32780.0,0.459,0.151,1.37508,,,Eclipse Timing Variations,2019.0,,GasGiant
HD 216435 b,HD 216435,1391.0,2.5,0.14,1.26,,,,,5943.0,1.25,,,0.15,,Radial Velocity,2002.0,,GasGiant
HD 185283 b,HD 185283,4060.0,4.6,0.07,1.3,,,,,,0.8,,,,K3 V,Radial Velocity,2023.0,91.0,GasGiant
HD 135625 b,HD 135625,4055.0,5.4,0.16,2.3,,,,,,1.28,,,,G3 IV/V,Radial Velocity,2023.0,93.0,GasGiant
HD 108202 b,HD 108202,2990.0,3.7,0.52,3.0,,,,,,0.74,,,,K4/5 V,Radial Velocity,2023.0,56.0,GasGiant
AU Mic e,AU Mic,33.11,,,0.06638802,,,,,3665.0,0.6,0.82,-0.99,0.12,,Radial Velocity,2025.0,,MiniNeptune
TOI-4308 b,TOI-4308,9.151201,,,,0.21580018,,763.05,,5243.0,0.9,0.7934,,,,Transit,2023.0,89.07,SuperEarth
HD 75302 b,HD 75302,4356.0,5.3,0.39,5.4,,,,,,1.06,,,,G5 V,Radial Velocity,2023.0,29.0,GasGiant
K2-86 b,K2-86,8.77683,0.077,,,0.17485949,,,78.0,5482.0,0.79,0.76,,,,Transit,2016.0,,SuperEarth
K2-84 c,K2-84,27.86,0.1768,,,0.18110447,,,25.3,5652.0,0.95,0.93,,,,Transit,2016.0,,SuperEarth
K2-84 b,K2-84,6.4215,0.0665,,,0.2150058,,,178.0,5652.0,0.95,0.93,,,,Transit,2016.0,,SuperEarth
HD 99492 c,HD 99492,95.233,,0.063,0.0563197,,,,,4929.0,0.85,,,0.3,K2 V,Radial Velocity,2023.0,,MiniNeptune
TOI-544 c,TOI-544,50.089,,0.32,0.06764657,,,,,4169.0,0.631,0.623,,-0.17,,Radial Velocity,2023.0,,MiniNeptune
HD 73256 c,HD 73256,2690.0,3.8,0.16,16.0,,,,,,1.0,,,,G8 IV,Radial Velocity,2023.0,29.0,GasGiant
K2-80 c,K2-80,5.605,0.0596,,,0.13114462,,,166.0,5441.0,0.9,0.87,,,,Transit,2016.0,,EarthLike
HD 27442 b,HD 27442,428.1,1.271,0.06,1.56,,,,,4846.0,1.23,,,0.42,,Radial Velocity,2000.0,,GasGiant
K2-80 b,K2-80,19.0918,0.135,,,0.17932019,,,32.5,5441.0,0.9,0.87,,,,Transit,2016.0,,SuperEarth
KIC 8540376 b,KOI-7892,31.8099,,,,0.3657775,,,,6474.0,1.04,1.26,,-0.16,,Transit,2015.0,89.3,MiniNeptune
K2-65 b,K2-65,12.6475,0.1014,,,0.14095816,,,45.0,5213.0,0.87,0.84,,,,Transit,2016.0,,EarthLike
K2-172 b,K2-172,14.316941,,,,0.14863777,,,,5569.0,0.934356,0.868889,,-0.06,,Transit,2018.0,88.91352,EarthLike
K2-58 c,K2-58,2.53726,0.035,,,0.14452672,,,462.0,5413.0,0.89,0.86,,,,Transit,2016.0,,EarthLike
K2-171 b,K2-171,5.628466,,,,0.2396799,,,,5250.0,0.891587,1.717458,,-0.09,,Transit,2018.0,85.04821,MiniNeptune
K2-58 d,K2-58,22.8827,0.1517,,,0.15255598,,,24.6,5413.0,0.89,0.86,,,,Transit,2016.0,,EarthLike
bet Pic c,bet Pic,1230.0,2.72,0.37,8.2,,,1250.0,,,1.82,,,,,Radial Velocity,2019.0,89.17,HotJupiter
K2-63 b,K2-63,20.257,0.1627,,,0.28726916,,,188.0,6771.0,1.4,1.63,,,,Transit,2016.0,,MiniNeptune
KIC 8540376 c,KOI-7892,75.2,,,,0.21411366,,,,6474.0,1.04,1.26,,-0.16,,Transit,2015.0,89.701,SuperEarth
K2-172 c,K2-172,29.62682,,,,0.28599259,,,,5569.0,0.934356,0.868889,,-0.06,,Transit,2018.0,89.49725,MiniNeptune
Kepler-82 f,Kepler-82,75.732,0.3395,0.0014,0.06575842,,,,,,0.91,0.898,,,,Transit Timing Variations,2019.0,86.3,MiniNeptune
K2-59 b,K2-59,20.6921,0.1354,,,0.2150058,,,17.1,5055.0,0.774,0.731,,,,Transit,2016.0,,SuperEarth
TOI-5489 c,TOI-5489,4.92126,,,,0.11419415,,536.0,,3547.0,0.41,0.42,,,,Transit,2025.0,88.8,EarthLike
K2-63 c,K2-63,25.4556,0.189,,,0.3479347,,,139.0,6771.0,1.4,1.63,,,,Transit,2016.0,,MiniNeptune
K2-384 b,K2-384,2.231527,,,,0.09599446,,,,3623.0,0.33,0.348,,0.068,M4 V,Transit,2022.0,,EarthLike
K2-64 b,K2-64,6.53044,0.0619,,,0.18467303,,,98.0,5312.0,0.741,0.726,,,,Transit,2016.0,,SuperEarth
K2-43 c,K2-43,2.198884,,,,0.21589794,,1093.7,,3840.6,0.571,0.542,,,,Transit,2019.0,89.26,DesertWorld
K2-170 b,K2-170,7.576544,,,,0.12652113,,,,5748.0,0.963657,0.981614,,-0.11,,Transit,2018.0,87.98893,EarthLike
KIC 3558849 b,KIC 3558849,1322.3,,,,0.61557677,,,,6175.0,0.98,1.01,,-0.42,,Transit,2015.0,89.973,GasGiant
K2-168 b,K2-168,15.853989,,,,0.19131611,,,,5554.0,0.906739,0.874211,,-0.13,,Transit,2018.0,88.94801,SuperEarth
K2-170 c,K2-170,12.400047,,,,0.16074268,,,,5748.0,0.963657,0.981614,,-0.11,,Transit,2018.0,88.6676,SuperEarth
K2-58 b,K2-58,7.052475,,,,0.23144375,,,,5134.0,0.857874,0.803348,,0.11,,Transit,2016.0,88.85456,MiniNeptune
K2-169 b,K2-169,6.380803,,,,0.11359503,,,,5548.0,0.986144,0.919053,,0.26,,Transit,2018.0,87.83658,EarthLike
HIP 70849 b,HIP 70849,3649.0,3.99,0.65,4.5,,,,,,0.65,,,,K7 V,Radial Velocity,2009.0,96.0,GasGiant
AB Aur b,AB Aur,,93.9,0.4,9.0,,,,,9770.0,2.4,,1.77085,,,Imaging,2022.0,42.6,GasGiant
K2-70 b,K2-70,13.97896,0.1112,,,0.25782853,,,62.0,5622.0,0.94,0.93,,,,Transit,2016.0,,MiniNeptune
TOI-2445 b,TOI-2445,0.3711281,0.0064,,,0.11151772,,1060.0,,3333.0,0.25,0.27,,,,Transit,2022.0,,DesertWorld
K2-69 b,K2-69,7.06599,0.0591,,,0.20697654,,,17.9,4127.0,0.551,0.491,,,,Transit,2016.0,,SuperEarth
K2-68 b,K2-68,8.054787,,,,0.1631105,,,,4893.0,0.751397,0.702294,,-0.21,,Transit,2016.0,88.71527,SuperEarth
K2-59 c,K2-59,11.2954,0.0905,,,0.20519226,,,38.3,5055.0,0.774,0.731,,,,Transit,2016.0,,SuperEarth
KIC 10525077 b,KIC 10525077,854.083,,,,0.49067713,,,,6091.0,1.01,1.01,,-0.04,,Transit,2015.0,89.861,MiniNeptune
EPIC 206317286 c,EPIC 206317286,17.515472,,,,0.18681449,,,,4752.0,0.832,0.758,,0.019,,Transit,2022.0,,SuperEarth
K2-366 b,K2-366,15.937039,,,,0.21045625,,,,5601.0,0.825,0.94,,-0.216,,Transit,2022.0,,SuperEarth
K2-372 b,K2-372,9.844077,,,,0.26273575,,,,5479.0,0.847,0.922,,-0.064,,Transit,2022.0,,MiniNeptune
EPIC 206024342 c,EPIC 206024342,0.911724,,,,0.12489985,,,,5724.0,,1.1,,-0.22,,Transit,2021.0,91.7,EarthLike
K2-365 b,K2-365,23.446873,,,,0.26,,,,5869.0,,0.986872,,0.02,,Transit,2022.0,89.0039,MiniNeptune
EPIC 206024342 d,EPIC 206024342,14.647531,,,,0.23195686,,,,5724.0,,1.1,,-0.22,,Transit,2021.0,90.0,MiniNeptune
K2-369 b,K2-369,5.761359,,,,0.12,,,,5744.0,,0.901705,,-0.14,,Transit,2022.0,88.33669,EarthLike
K2-371 b,K2-371,3.114905,,,,1.16192546,,,,4925.0,0.958,0.736,,-0.107,,Transit,2022.0,,GasGiant
EPIC 206042996 c,EPIC 206042996,0.354884,,,,0.10705701,,,,4114.0,,0.5,,0.006,,Transit,2021.0,89.9,EarthLike
K2-368 b,K2-368,5.025598,,,,0.11883329,,,,4663.0,0.746,0.663,,-0.25,,Transit,2022.0,,EarthLike
K2-367 b,K2-367,20.645099,,,,0.21527381,,,,4348.0,0.756,0.625,,-0.351,,Transit,2022.0,,SuperEarth
K2-377 b,K2-377,12.832235,,,,0.1510396,,,,4200.0,0.821,0.691,,-0.008,,Transit,2022.0,,EarthLike
K2-375 b,K2-375,14.443,,,,,,,,5826.08,1.05,1.54893,0.39626,-0.054,,Transit,2022.0,,
K2-378 b,K2-378,2.060438,,,,0.25693683,,,,4823.0,0.923,0.732,,-0.206,,Transit,2022.0,,MiniNeptune
HIP 38594 c,HIP 38594,3477.768,3.805,0.16,0.15228267,,,,,,0.61,,,,M0,Radial Velocity,2020.0,,MiniNeptune
HIP 38594 b,HIP 38594,60.722,0.256,0.17,0.02548532,,,,,,0.61,,,,M0,Radial Velocity,2020.0,,
HIP 107772 b,HIP 107772,55.199,0.243,0.18,0.04058774,,,,,,0.63,,,,M0 V,Radial Velocity,2020.0,,MiniNeptune
GJ 480 b,GJ 480,9.567,0.068,0.1,0.04153164,,,,,,0.45,,,,M3.5 Ve,Radial Velocity,2020.0,,MiniNeptune
HIP 48714 b,HIP 48714,17.818,0.112,0.5,0.0720511,,,,,,0.58,,,,M0.5 Ve,Radial Velocity,2020.0,,MiniNeptune
Kepler-1656 c,Kepler-1656,1919.0,3.053,0.527,0.4,,,,,,1.03,1.1,,,,Radial Velocity,2022.0,,GasGiant
AT2021ueyL b,AT2021ueyL,4168.69,4.01,,1.34,,,,,3680.0,0.49,,,,M V,Microlensing,2025.0,,GasGiant
Kepler-139 f,Kepler-139,355.0,,,0.11326867,,,,,5630.0,1.078,1.045,,0.35,,Transit Timing Variations,2025.0,,MiniNeptune
K2-396 c,K2-396,25.76051,,,,0.27870509,,,,5236.0,0.954,0.92,,0.237,,Transit,2022.0,,MiniNeptune
WISPIT 2 b,WISPIT 2,,57.0,,4.85,,,,,4400.0,1.08,1.418,-0.15552,,,Imaging,2025.0,,GasGiant
Kepler-451 d,2MASS J19383260+4603591,43.0,,0.0,1.76,,,,,29564.0,0.48,0.203,,,,Eclipse Timing Variations,2022.0,,GasGiant
Kepler-451 c,2MASS J19383260+4603591,1460.0,,0.29,1.61,,,,,29564.0,0.48,0.203,,,,Eclipse Timing Variations,2022.0,,GasGiant
EPIC 220492298 b,EPIC 220492298,0.762406,,,,0.08832204,,,,5620.0,,0.89,,0.28,,Transit,2021.0,92.6,EarthLike
EPIC 212624936 b,EPIC 212624936,0.578657,,,,0.10705701,,,,5765.0,,0.93,,-0.39,,Transit,2021.0,90.3,EarthLike
EPIC 201427007 b,EPIC 201427007,0.72091,,,,0.13382127,,,,5633.0,,0.94,,-0.053,,Transit,2021.0,88.5,EarthLike
V2376 Ori b,V2376 Ori,,71.0,,20.0,7.78,,2100.0,,,0.45,,,,M,Imaging,2025.0,,HotJupiter
KIC 5479689 b,KIC 5479689,1.701531,,,0.5,,,,,5459.1,0.966,0.894,,0.161,,Orbital Brightness Modulation,2021.0,,GasGiant
KIC 10068024 b,KIC 10068024,2.073549,,,2.0,,,,,6118.4,1.22,1.574,,0.01,,Orbital Brightness Modulation,2021.0,,GasGiant
KIC 8121913 b,KIC 8121913,3.294601,,,2.1,,,,,5975.3,1.456,2.233,,0.252,,Orbital Brightness Modulation,2021.0,,GasGiant
KOINTREAU-1 b,XEST 17-036,,690.0,,10.6,,,,,3551.0,0.26,,,-0.15,M4,Imaging,2026.0,,GasGiant
HIP 86221 b,HIP 86221,2.224,0.031,0.086,0.71,,,,,,0.79,,,,K5 V,Radial Velocity,2021.0,,GasGiant
HIP 34222 b,HIP 34222,159.986,0.492,0.305,0.83,,,,,,0.62,,,,K7 V,Radial Velocity,2021.0,,GasGiant
HIP 5763 b,HIP 5763,30.014,0.17,0.054,0.51,,,,,,0.72,,,,K6 V,Radial Velocity,2021.0,,GasGiant
BEBOP-4 AB b,BEBOP-4 A,1823.5,3.634,0.428,26.3,,,,,,1.507,,,,G3 V,Radial Velocity,2025.0,,GasGiant
IC 4651 9122 b,IC 4651 9122,734.0,2.038,0.18,6.3,,,,,,2.1,,,0.12,,Radial Velocity,2018.0,,GasGiant
HD 20794 e,HD 20794,147.02,0.509,0.29,0.01500802,,,,,,0.813,,,,G8,Radial Velocity,2017.0,,
NGC 2682 Sand 978 b,NGC 2682 Sand 978,511.21,,0.16,2.18,,,,,4200.0,1.37,,,,K4 III,Radial Velocity,2017.0,,GasGiant
OGLE-2016-BLG-1190L b,OGLE-2016-BLG-1190L,1220.0,2.17,0.42,13.38,,,,,,0.88,,,,,Microlensing,2017.0,41.2,GasGiant
PSR J2322-2650 b,PSR J2322-2650,0.322963997,0.0102,0.0017,0.7949,,1.84,,,,1.4,,,,,Pulsar Timing,2017.0,,GasGiant
Kepler-448 c,KOI-12,2500.0,4.2,0.65,22.0,,,,,,1.5,1.4,,,,Transit Timing Variations,2017.0,,GasGiant
TYC 8998-760-1 b,TYC 8998-760-1,,162.0,,14.0,,,,,4573.0,1.0,,-0.339,,K3 IV,Imaging,2020.0,,GasGiant
HD 158259 b,HD 158259,2.1779407,,,,0.11439756,,1462.0,759.183,5801.89,,1.26,,,,Radial Velocity,2020.0,,DesertWorld
DE CVn b,DE CVn,4098.1,5.75,0.0,12.02930278,,,,,,0.51,,,,,Eclipse Timing Variations,2018.0,86.0,GasGiant
EPIC 220554210 c,K2-282,0.70531,,,,0.14274268,,,,5499.0,,1.0,,-0.23,,Transit,2019.0,91.3,EarthLike
EPIC 206215704 b,EPIC 206215704,2.255436,,,,0.08921418,,,,3297.0,,0.25,,-0.33,,Transit,2019.0,89.9,EarthLike
EPIC 206042996 b,EPIC 206042996,5.2986,,,,0.1516641,,,,4114.0,,0.5,,0.006,,Transit,2019.0,90.5,EarthLike
Kepler-65 e,Kepler-65,258.8,,0.283,0.82,,,,,,1.248,1.437,,,,Radial Velocity,2019.0,127.0,GasGiant
HD 62364 c,HD 62364,74839.94555,36.984,0.773,24.93,,,,,,1.19,,,,,Radial Velocity,2022.0,38.789,GasGiant
HD 62549 b,HD 62549,14306.88519,11.842,0.15,8.519,,,,,,1.08,,,,,Radial Velocity,2022.0,162.313,GasGiant
HD 97037 b,HD 97037,6449.08337,6.925,0.357,21.105,,,,,,1.06,,,,,Radial Velocity,2022.0,14.561,GasGiant
HD 80883 b,HD 80883,6383.78352,6.462,0.203,5.5,,,,,,0.88,,,,,Radial Velocity,2022.0,141.312,GasGiant
HD 80913 b,HD 80913,10839.83341,9.95,0.313,23.614,,,,,,1.11,,,,,Radial Velocity,2022.0,22.331,GasGiant
HD 86065 b,HD 86065,25775.78859,15.947,0.219,9.053,,,,,,0.81,,,,,Radial Velocity,2022.0,29.821,GasGiant
HD 88072 b,HD 88072,18538.79293,13.895,0.156,7.903,,,,,,1.04,,,,,Radial Velocity,2022.0,169.626,GasGiant
HD 56957 b,HD 56957,5859.08992,6.426,0.273,5.918,,,,,,1.03,,,,,Radial Velocity,2022.0,170.006,GasGiant
HD 457 b,HD 457,20324.58153,15.369,0.565,26.572,,,,,,1.15,,,,,Radial Velocity,2022.0,62.585,GasGiant
HD 43197 c,HD 43197,9295.9735,8.54,0.149,7.868,,,,,,0.96,,,,,Radial Velocity,2022.0,11.42,GasGiant
HD 188641 b,HD 188641,14583.81038,12.027,0.034,29.365,,,,,,1.07,,,,,Radial Velocity,2022.0,49.245,GasGiant
HD 194490 b,HD 194490,13092.18348,11.116,0.251,11.207,,,,,,1.06,,,,,Radial Velocity,2022.0,57.99,GasGiant
HD 217958 b,HD 217958,2560.19774,3.758,0.156,0.524,,,,,,1.08,,,,,Radial Velocity,2022.0,91.357,GasGiant
HD 25912 c,HD 25912,26308.65619,17.848,0.051,16.527,,,,,,1.08,,,,,Radial Velocity,2022.0,88.333,GasGiant
HD 29985 b,HD 29985,20608.14049,13.39,0.261,5.473,,,,,,0.75,,,,,Radial Velocity,2022.0,52.658,GasGiant
HD 93351 c,HD 93351,14010.2941,11.154,0.109,13.07,,,,,,0.94,,,,,Radial Velocity,2022.0,14.636,GasGiant
GJ 2030 c,GJ 2030,25533.11353,16.761,0.041,12.803,,,,,,0.96,,,,,Radial Velocity,2022.0,16.999,GasGiant
GJ 680 b,GJ 680,17281.66514,10.138,0.381,25.1,,,,,,0.456,,,,,Radial Velocity,2022.0,21.984,GasGiant
GJ 9714 b,GJ 9714,19240.75467,12.319,0.155,9.403,,,,,,0.67,,,,,Radial Velocity,2022.0,155.326,GasGiant
HD 115404 A c,HD 115404 A,15319.22517,11.364,0.211,10.319,,,,,,0.83,,,,,Radial Velocity,2022.0,25.791,GasGiant
HD 12235 c,HD 12235,36336.70679,22.21,0.174,9.866,,,,,,1.1,,,,,Radial Velocity,2022.0,47.738,GasGiant
HD 203387 c,HD 203387,2481.07227,5.067,0.202,7.485,,,,,,2.817,,,,,Radial Velocity,2022.0,158.462,GasGiant
HIP 35965 b,HIP 35965,26125.56497,15.898,0.138,8.149,,,,,,0.78,,,,,Radial Velocity,2022.0,43.698,GasGiant
HIP 55507 b,HIP 55507,5138.43727,5.062,0.362,8.135,,,,,,0.65,,,,,Radial Velocity,2022.0,135.022,GasGiant
HIP 948 b,HIP 948,24955.45756,15.037,0.23,20.6,,,,,,0.71,,,,,Radial Velocity,2022.0,110.998,GasGiant
HD 18143 c,HD 18143,28982.41764,17.53,0.194,9.998,,,,,,0.85,,,,,Radial Velocity,2022.0,35.98,GasGiant
HD 11505 b,HD 11505,32669.22247,20.247,0.144,7.899,,,,,,1.03,,,,,Radial Velocity,2022.0,87.505,GasGiant
HD 125271 b,HD 125271,14901.99295,10.817,0.165,10.904,,,,,,0.75,,,,,Radial Velocity,2022.0,93.088,GasGiant
HD 135872 b,HD 135872,2422.32597,4.172,0.164,5.489,,,,,,1.646,,,,,Radial Velocity,2022.0,93.872,GasGiant
HD 149806 b,HD 149806,16521.52778,12.404,0.357,12.597,,,,,,0.93,,,,,Radial Velocity,2022.0,13.574,GasGiant
HD 151450 c,HD 151450,18144.76236,14.131,0.138,5.148,,,,,,1.14,,,,,Radial Velocity,2022.0,42.369,GasGiant
HD 153557 d,HD 153557,40654.64809,21.449,0.152,27.454,,,,,,0.79,,,,,Radial Velocity,2022.0,14.324,GasGiant
HD 155918 c,HD 155918,17202.19446,13.183,0.071,5.909,,,,,,1.03,,,,,Radial Velocity,2022.0,31.771,GasGiant
HD 156098 c,HD 156098,7841.5839,8.415,0.391,5.228,,,,,,1.29,,,,,Radial Velocity,2022.0,23.462,GasGiant
HD 168863 b,HD 168863,14773.93272,10.961,0.187,6.78,,,,,,0.8,,,,,Radial Velocity,2022.0,129.839,GasGiant
HD 113337 c,HD 113337,5429.93477,6.805,0.164,19.821,,,,,,1.41,,,,,Radial Velocity,2020.0,57.478,GasGiant
HD 105618 c,HD 105618,77114.07158,35.731,0.126,26.491,,,,,,1.01,,,,,Radial Velocity,2022.0,31.968,GasGiant
HD 109988 b,HD 109988,17132.15854,12.518,0.056,21.821,,,,,,0.88,,,,,Radial Velocity,2022.0,33.992,GasGiant
HD 110537 b,HD 110537,24469.67342,16.714,0.401,27.099,,,,,,1.02,,,,,Radial Velocity,2022.0,51.891,GasGiant
HD 11112 b,HD 11112,17244.90764,13.38,0.285,8.176,,,,,,1.07,,,,,Radial Velocity,2022.0,144.876,GasGiant
TOI-5238 b,TOI-5238,4.872171,,,,0.46569801,,,,5631.0,1.0,1.02283,-0.02335,,,Transit,2022.0,,MiniNeptune
TOI-1230.01,TOI-1230,25.05713123288,,,,0.28902573,,688.61,53.1389,5696.0,,1.15281,,,,Transit,2021.0,,MiniNeptune
TOI-1054.01,TOI-1054,15.5077855,,,,0.21717586,,853.0,88.0718,6122.0,,1.17,,,,Transit,2021.0,,DesertWorld
HIP 81208 C b,HIP 81208 C,104100.0,23.04,,14.8,,,2050.0,,,0.135,,,,M,Imaging,2023.0,,HotJupiter
Kepler-158 d,Kepler-158,0.645088,,,,0.0383621,,,,4895.97,0.656,0.668,,,K,Transit,2024.0,,EarthLike
Kepler-963 c,Kepler-963,0.919783,,,,0.05352851,,,,5169.47,0.821,0.928,,,G,Transit,2024.0,,EarthLike
Kepler-879 c,Kepler-879,0.646716,,,,0.03568567,,,,5456.75,0.974,1.022,,,G,Transit,2024.0,,EarthLike
Kepler-1489 c,Kepler-1489,0.680741,,,,0.04549923,,,,5565.53,0.977,0.957,,,G,Transit,2024.0,,EarthLike
KOI-4978 b,KOI-4978,0.941967,,,,0.06244992,,,,5050.28,0.859,0.966,,,G,Transit,2024.0,,EarthLike
Kepler-139 e,Kepler-139,1904.0,,,1.189321,,,,,5630.0,1.078,1.045,,0.35,,Radial Velocity,2023.0,,GasGiant
HD 284149 AB b,HD 284149 A,,431.16,,26.28,,,2395.0,,6035.0,,1.36,0.34242,,,Imaging,2017.0,,HotJupiter
WISE J033605.05-014350.4 b,WISE J033605.05-014350.4,2560.0,0.97,,8.25,,,325.0,,415.0,0.0131,,,,,Imaging,2023.0,,GasGiant
HIP 78530 b,HIP 78530,,740.0,,23.0,,,2700.0,,10500.0,2.5,,,,B9 V,Imaging,2010.0,,HotJupiter
PSR B1257+12 c,PSR B1257+12,66.5419,0.36,0.0186,0.01352925,,,,,,1.4,,,,,Pulsar Timing,1992.0,53.0,
PSR B1257+12 b,PSR B1257+12,25.262,0.19,0.0,6.293e-05,,,,,,1.4,,,,,Pulsar Timing,1994.0,50.0,
SWEEPS-4 b,SWEEPS-4,4.2,0.055,,3.8,0.81,,,,,1.24,1.18,,,,Transit,2006.0,,GasGiant
SWEEPS-11 b,SWEEPS-11,1.796,0.03,,9.7,1.13,,,,,1.1,1.45,,,,Transit,2006.0,,GasGiant
OGLE-2006-BLG-109L c,OGLE-2006-BLG-109L,4927.5,4.5,0.15,0.27,,,,,,0.51,,,,,Microlensing,2008.0,64.0,GasGiant
HD 65216 c,HD 65216,5370.0,5.75,0.17,2.03,,,,,5612.0,0.874,,,,,Radial Velocity,2013.0,,GasGiant
NN Ser d,NN Ser,2830.0,3.39,,2.28,,,,,57000.0,0.535,,,,WD,Eclipse Timing Variations,2010.0,,GasGiant
NN Ser c,NN Ser,5660.0,5.38,,6.91,,,,,57000.0,0.535,,,,WD,Eclipse Timing Variations,2010.0,,GasGiant
HU Aqr AB c,HU Aqr,4368.0,5.4,0.51,4.5,,,,,,0.88,,,,,Eclipse Timing Variations,2011.0,90.0,GasGiant
HU Aqr AB b,HU Aqr,2390.0,3.6,0.0,5.9,,,,,,0.88,,,,,Eclipse Timing Variations,2011.0,90.0,GasGiant
USco CTIO 108 b,USco CTIO 108,,670.0,,14.0,,,,,2700.0,0.06,,-1.95,,M7,Imaging,2008.0,,GasGiant
K2-383 b,K2-383,1.865962,,,,0.13953097,,,,5129.0,1.061,0.804,,0.187,,Transit,2022.0,,EarthLike
K2-382 b,K2-382,21.697619,,,,0.25,,,,5570.0,,0.88176,,0.0,,Transit,2022.0,88.29769,MiniNeptune
K2-381 d,K2-381,26.803023,,,,0.15068275,,,,4473.0,0.754,0.675,,-0.244,,Transit,2022.0,,EarthLike
K2-381 b,K2-381,7.9389334,,,,0.09590524,,,,4473.0,0.754,0.675,,-0.244,,Transit,2022.0,,EarthLike
K2-368 d,K2-368,20.201085,,,,0.17378922,,,,4663.0,0.746,0.663,,-0.25,,Transit,2022.0,,SuperEarth
K2-373 b,K2-373,11.02066,,,,0.18387042,,,,6138.0,1.158,1.486,,0.049,,Transit,2022.0,,SuperEarth
K2-368 c,K2-368,9.660186,,,,0.1214205,,,,4663.0,0.746,0.663,,-0.25,,Transit,2022.0,,EarthLike
K2-381 c,K2-381,16.034656,,,,0.17842836,,,,4473.0,0.754,0.675,,-0.244,,Transit,2022.0,,SuperEarth
K2-387 b,K2-387,28.735327,,,,0.65322621,,,,3572.0,0.57,0.585,,0.126,,Transit,2022.0,,GasGiant
GQ Lup b,GQ Lup,,100.0,,20.0,3.0,,2650.0,,,0.7,,,,K7e V,Imaging,2004.0,,HotJupiter
K2-393 b,K2-393,10.413181,,,,0.20983175,,,,5678.0,0.881,1.071,,0.076,,Transit,2022.0,,SuperEarth
K2-394 b,K2-394,5.095717,,,,0.15095039,,,,4938.0,0.478,0.631,,-0.388,,Transit,2022.0,,EarthLike
K2-386 b,K2-386,7.473223,,,,0.20697689,,,,5749.0,0.911,0.97,,0.074,,Transit,2022.0,,SuperEarth
K2-379 b,K2-379,8.777247,,,,0.19457612,,,,4603.0,0.856,0.751,,-0.045,,Transit,2022.0,,SuperEarth
EPIC 212624936 c,EPIC 212624936,11.811437,,,,0.20519261,,,,5765.0,,0.93,,-0.39,,Transit,2021.0,90.0,SuperEarth
K2-385 b,K2-385,2.380867,,,,0.13730062,,,,4844.0,0.927,0.761,,-0.224,,Transit,2022.0,,EarthLike
K2-380 b,K2-380,9.401312,,,,0.24346549,,,,5911.0,0.993,1.32,,-0.049,,Transit,2022.0,,MiniNeptune
GJ 676 A c,GJ 676 A,13921.42302,9.726,0.295,13.492,,,,,,0.626,,,,,Radial Velocity,2016.0,33.69,GasGiant
WASP-8 c,WASP-8,4323.0,5.28,0.0,9.45,,,,,,1.04,,,0.17,,Radial Velocity,2013.0,,GasGiant
2MASS J19383260+4603591 b,2MASS J19383260+4603591,406.0,,0.33,1.86,,,,,29564.0,0.48,0.203,,,,Eclipse Timing Variations,2015.0,,GasGiant
NGC 2682 YBP 401 b,NGC 2682 YBP 401,4.087,,0.15,0.46,,,,,6165.0,1.14,,,,F9 V,Radial Velocity,2016.0,,GasGiant
HD 95086 b,HD 95086,,,,4.5,,,916.0,,7595.0,1.77,1.48667,0.82124,,,Imaging,2013.0,,GasGiant
CFBDSIR J145829+101343 b,CFBDSIR J145829+101343,10037.5,2.6,,10.5,,,370.0,,580.5,0.021,,,,,Imaging,2011.0,,GasGiant
2MASS J01225093-2439505 b,2MASS J01225093-2439505,,,,,1.0,,1600.0,,3309.0,0.353185,0.36645,-1.83849,,,Imaging,2013.0,,HotJupiter
Kepler-48 e,Kepler-48,982.0,,,2.067,,,,,5194.0,0.88,0.89,,0.17,,Radial Velocity,2014.0,,GasGiant
Kepler-94 c,Kepler-94,820.3,,,9.836,,,,,4781.0,0.81,0.76,,0.34,,Radial Velocity,2014.0,,GasGiant
Kepler-407 c,Kepler-407,3000.0,,,12.6,,,,,5476.0,1.0,1.01,,0.33,,Radial Velocity,2014.0,,GasGiant
ROXs 12 b,ROXs 12,,214.0,0.83,,,,,,3547.0,0.484,1.06627,-0.79013,,,Imaging,2013.0,,
Kepler-97 c,Kepler-97,789.0,,,1.08,,,,,5779.0,0.94,0.98,,-0.2,,Radial Velocity,2014.0,,GasGiant
CoRoT-20 c,CoRoT-20,1675.0,2.9,0.6,17.0,,,,,,1.14,,,,,Radial Velocity,2018.0,,GasGiant
DP Leo b,DP Leo,10220.0,8.19,0.39,6.05,,,,,,0.69,,,,,Eclipse Timing Variations,2009.0,,GasGiant
tau Cet e,tau Cet,162.87,0.538,0.18,0.0123651,,,,,,0.783,,,,,Radial Velocity,2017.0,,
tau Cet f,tau Cet,636.13,1.334,0.16,0.0123651,,,,,,0.783,,,,,Radial Velocity,2017.0,,
tau Cet h,tau Cet,49.41,0.243,0.23,0.0057578,,,,,,0.783,,,,,Radial Velocity,2017.0,,
HD 177565 b,HD 177565,44.505,0.246,0.0593,0.04750967,,,,,,1.0,,,,,Radial Velocity,2017.0,,MiniNeptune
tau Cet g,tau Cet,20.0,0.133,0.06,0.00550609,,,,,,0.783,,,,,Radial Velocity,2017.0,,
2MASS J22362452+4751425 b,2MASS J22362452+4751425,,230.0,,12.5,,,,,4045.0,0.6,,,,K7 V,Imaging,2016.0,,GasGiant
OGLE-2007-BLG-349L AB c,OGLE-2007-BLG-349L A,2557.0,2.59,,0.25170815,,,,,,0.41,,,,M,Microlensing,2016.0,,GasGiant
HD 158259 d,HD 158259,5.1980814,,,0.01702168,,,,,,1.08,1.21,,,G0,Radial Velocity,2020.0,,
HD 158259 c,HD 158259,3.432,,,0.01761948,,,,,,1.08,1.21,,,G0,Radial Velocity,2020.0,,
HD 158259 e,HD 158259,7.951,,,0.01912972,,,,,,1.08,1.21,,,G0,Radial Velocity,2020.0,,
HD 158259 f,HD 158259,12.028,,,0.0193185,,,,,,1.08,1.21,,,G0,Radial Velocity,2020.0,,
PSR B0329+54 b,PSR B0329+54,10140.0,10.26,0.236,0.00619828,,,,,,1.44,,,,,Pulsar Timing,2017.0,,
PSR B1257+12 d,PSR B1257+12,98.2114,0.46,,0.01227071,,,,,,1.4,,,,,Pulsar Timing,1992.0,47.0,
OGLE-2005-BLG-390L b,OGLE-2005-BLG-390L,3285.0,2.6,,0.017,,,50.0,,,0.22,,,,,Microlensing,2005.0,,IceWorld
CoRoT-7 d,CoRoT-7,8.966,,,0.05393476,,,,,5250.0,0.915,,,,G9 V,Radial Velocity,2022.0,,MiniNeptune
GJ 433 d,GJ 433,36.059,0.178,0.07,0.01643331,,,,,,0.48,,,,,Radial Velocity,2020.0,,
GJ 229 A c,GJ 229,121.995,0.339,0.19,0.02286757,,,,,,0.58,,,,,Radial Velocity,2020.0,,
GJ 180 d,GJ 180,106.3,0.309,0.14,0.0237863,,,,,,0.43,,,,,Radial Velocity,2020.0,,
GJ 3082 b,GJ 3082,11.949,0.079,0.22,0.02579996,,,,,,0.47,,,,,Radial Velocity,2020.0,,
UZ For c,UZ For,1916.25,2.8,0.05,7.7,,,,,,0.7,,,,,Eclipse Timing Variations,2011.0,,GasGiant
UZ For b,UZ For,5840.0,5.9,0.04,6.3,,,,,,0.7,,,,,Eclipse Timing Variations,2011.0,,GasGiant
GJ 687 c,GJ 687,727.562,1.165,0.4,0.05034138,,,,,,0.4,,,,,Radial Velocity,2020.0,,MiniNeptune
HIP 4845 b,HIP 4845,34.15,0.176,0.25,0.04530724,,,,,,0.62,,,,,Radial Velocity,2020.0,,MiniNeptune
TYC 8998-760-1 c,TYC 8998-760-1,,320.0,,6.0,1.1,,1240.0,,,1.0,,,,,Imaging,2020.0,,HotJupiter
GJ 2056 b,GJ 2056,69.971,0.283,0.72,0.05097064,,,,,,0.62,,,,,Radial Velocity,2020.0,,MiniNeptune
WD 0806-661 b,WD 0806-661,,2500.0,,8.0,,,340.0,,,0.62,,,,DQ,Imaging,2011.0,,GasGiant
ROXs 42 B b,ROXs 42 B,,150.0,,10.5,,,2200.0,,,1.0,,,,M0,Imaging,2013.0,,HotJupiter
MOA-2009-BLG-387L b,MOA-2009-BLG-387L,1980.0,1.8,,2.6,,,,,,0.19,,,,,Microlensing,2010.0,52.0,GasGiant
HD 73526 c,HD 73526,379.1,1.03,0.28,2.25,,,,,,1.014,,,,,Radial Velocity,2005.0,,GasGiant
HD 41004 B b,HD 41004 B,1.3283,,0.081,18.37,,,,,,0.4,,,,M2 V,Radial Velocity,2003.0,,GasGiant
KOINTREAU-3 b,ISO-Oph 96,,342.0,,3.4,,,,,3920.0,,,,-0.05,K6-M1,Imaging,2026.0,,GasGiant
GJ 900 b,GJ 900 A,,12000.0,,11.0,,,,,,1.08,,,-0.63,K7,Imaging,2024.0,,GasGiant
UCAC3 113-933 b,UCAC3 113-933,,6100.0,,21.0,,,,,,0.61,,,-0.95,M0,Imaging,2024.0,,GasGiant
2MASS J0249-0557 c,2MASS J0249-0557 A,,1950.0,,11.6,,,,,,0.046,,-2.59,,M6 V,Imaging,2018.0,,GasGiant
Kepler-48 f,Kepler-48,5219.681854,5.719187877,0.015283,0.93944088,,,,,,0.916,,,,,Radial Velocity,2023.0,,GasGiant
Kepler-100 e,Kepler-100,60.888588,0.312391586,0.026437,0.07596149,,,,,,1.097,,,,,Radial Velocity,2023.0,,MiniNeptune
LP 261-75 b,LP 261-75 A,,450.0,,21.0,,,1500.0,,,0.22,,,,M4.5 V,Imaging,2006.0,,HotJupiter
HD 28192 b,HD 28192,14.23283,0.118,0.104,0.314,,,,,,1.08,,,,,Radial Velocity,2022.0,,GasGiant
HD 217786 c,HD 217786,2.52221,0.038,0.399,0.023,,,,,,1.14,,,,,Radial Velocity,2022.0,,
HD 199509 b,HD 199509,99.62167,0.426,0.373,0.136,,,,,,1.04,,,,,Radial Velocity,2022.0,,MiniNeptune
HD 205158 b,HD 205158,25.33798,0.177,0.145,0.392,,,,,,1.16,,,,,Radial Velocity,2022.0,,GasGiant
HD 213519 b,HD 213519,11.12214,0.099,0.413,0.029,,,,,,1.05,,,,,Radial Velocity,2022.0,,
HD 25912 b,HD 25912,41.83156,0.242,0.05,0.12,,,,,,1.08,,,,,Radial Velocity,2022.0,,MiniNeptune
HD 115404 A b,HD 115404 A,10.49488,0.088,0.232,0.097,,,,,,0.83,,,,,Radial Velocity,2022.0,,MiniNeptune
HD 12235 b,HD 12235,4.36305,0.054,0.376,0.033,,,,,,1.1,,,,,Radial Velocity,2022.0,,MiniNeptune
HD 203387 b,HD 203387,512.5352,1.771,0.732,3.48,,,,,,2.817,,,,,Radial Velocity,2022.0,,GasGiant
HIP 19976 b,HIP 19976,50.65905,0.234,0.304,0.068,,,,,,0.67,,,,,Radial Velocity,2022.0,,MiniNeptune
GJ 3222 b,GJ 3222,10.66669,0.091,0.929,0.036,,,,,,0.89,,,,,Radial Velocity,2022.0,,MiniNeptune
GJ 2030 b,GJ 2030,2.38129,0.034,0.239,0.015,,,,,,0.96,,,,,Radial Velocity,2022.0,,
HD 93351 b,HD 93351,2.45946,0.035,0.549,0.011,,,,,,0.94,,,,,Radial Velocity,2022.0,,
HD 81817 c,HD 81817,622.97802,2.325,0.095,22.609,,,,,,4.3,,,,,Radial Velocity,2022.0,,GasGiant
HD 18143 b,HD 18143,10.2851,0.088,0.224,0.034,,,,,,0.85,,,,,Radial Velocity,2022.0,,MiniNeptune
HD 11343 c,HIP 8541,228.53731,0.923,0.169,0.804,,,,,,2.009,,,,,Radial Velocity,2022.0,,GasGiant
HD 122562 c,HD 122562,84.96276,0.406,0.228,0.23,,,,,,1.241,,,,,Radial Velocity,2022.0,,GasGiant
HD 105618 b,HD 105618,10.02245,0.091,0.455,0.08,,,,,,1.01,,,,,Radial Velocity,2022.0,,MiniNeptune
HD 127506 b,HD 127506,65.78395,0.287,0.24,0.086,,,,,,0.73,,,,,Radial Velocity,2022.0,,MiniNeptune
HD 153557 c,HD 153557,15.27018,0.111,0.511,0.055,,,,,,0.79,,,,,Radial Velocity,2022.0,,MiniNeptune
HD 155918 b,HD 155918,1.87567,0.03,0.194,0.024,,,,,,1.03,,,,,Radial Velocity,2022.0,,
HD 156098 b,HD 156098,21.85849,0.167,0.109,0.05,,,,,,1.29,,,,,Radial Velocity,2022.0,,MiniNeptune
HD 153557 b,HD 153557,7.29903,0.068,0.065,0.064,,,,,,0.79,,,,,Radial Velocity,2022.0,,MiniNeptune
HD 151450 b,HD 151450,21.89288,0.16,0.496,0.121,,,,,,1.14,,,,,Radial Velocity,2022.0,,MiniNeptune
HD 144899 b,HD 144899,40.43914,0.242,0.821,0.064,,,,,,1.16,,,,,Radial Velocity,2022.0,,MiniNeptune
HD 142 A d,HD 142,108.45299,0.474,0.13,0.26,,,,,,1.21,,,,,Radial Velocity,2022.0,,GasGiant
HD 140901 b,HD 140901,9.02378,0.085,0.472,0.049,,,,,,0.99,,,,,Radial Velocity,2022.0,,MiniNeptune
HD 13724 c,HD 13724,142.22895,0.534,0.651,0.16,,,,,,1.004,,,,,Radial Velocity,2022.0,,GasGiant
HAT-P-2 c,HAT-P-2,8500.0,,0.37,10.7,,,,,,1.33,,,,,Radial Velocity,2023.0,90.0,GasGiant
GJ 9404 b,GJ 9404,13.4586,0.0943,0.49,0.03744159,,,,,,0.62,,,,,Radial Velocity,2023.0,,MiniNeptune
OGLE-2005-BLG-071L b,OGLE-2005-BLG-071L,,3.6,,3.8,,,55.0,,,0.46,,,,,Microlensing,2005.0,,GasGiant
OGLE-2003-BLG-235L b,OGLE-2003-BLG-235L,,3.0,,1.5,,,,,,0.36,,,,M2-M7,Microlensing,2004.0,,GasGiant
OGLE-2005-BLG-169L b,OGLE-2005-BLG-169L,,3.4,,0.0415,,,,,,0.65,,,,K5,Microlensing,2006.0,,MiniNeptune
OGLE-2006-BLG-109L b,OGLE-2006-BLG-109L,1788.5,2.3,,0.727,,,,,,0.51,,,,,Microlensing,2008.0,,GasGiant
MOA-2011-BLG-293L b,MOA-2011-BLG-293L,550.0,1.0,,2.4,,,,,,0.43,,,,,Microlensing,2012.0,,GasGiant
HD 47186 c,HD 47186,1353.6,2.395,0.249,0.35061,,,,,,,,,,,Radial Velocity,2008.0,,GasGiant
MOA-2008-BLG-379L b,MOA-2008-BLG-379L,,2.7,,4.1,,,,,,0.56,,,,K,Microlensing,2013.0,,GasGiant
OGLE-2012-BLG-0026L b,OGLE-2012-BLG-0026L,,3.82,,0.11,,,,,,0.82,,,,G5 V,Microlensing,2012.0,,MiniNeptune
OGLE-2012-BLG-0026L c,OGLE-2012-BLG-0026L,,4.63,,0.68,,,,,,0.82,,,,G5 V,Microlensing,2012.0,,GasGiant
OGLE-2011-BLG-0251L b,OGLE-2011-BLG-0251L,,2.72,,0.53,,,,,,0.26,,,,M,Microlensing,2012.0,,GasGiant
GJ 163 d,GJ 163,603.95116,1.0304,0.373,0.09250228,,,,,,,,,,,Radial Velocity,2013.0,,MiniNeptune
GJ 163 b,GJ 163,8.63182,0.0607,0.073,0.03335116,,,,,,,,,,,Radial Velocity,2013.0,,MiniNeptune
GJ 163 c,GJ 163,25.63058,0.1254,0.099,0.02139509,,,,,,,,,,,Radial Velocity,2013.0,,
HD 203030 b,HD 203030,,487.1,,24.09,,,1206.0,,,,,,,G8 V,Imaging,2006.0,,HotJupiter
CHXR 73 b,CHXR 73,,210.0,,12.569,,,,,,0.35,,,,M3.5,Imaging,2006.0,,GasGiant
MOA-2007-BLG-400L b,MOA-2007-BLG-400L,,0.72,,0.83,,,34.0,,,0.3,,,,,Microlensing,2008.0,,GasGiant
MOA-2009-BLG-266L b,MOA-2009-BLG-266L,2800.0,3.2,,0.0327,,,,,,0.56,,,,,Microlensing,2011.0,,MiniNeptune
OGLE-2012-BLG-0950L b,OGLE-2012-BLG-0950L,,2.6,,0.11,,,,,,0.57,,,,M V,Microlensing,2016.0,,MiniNeptune
LkCa 15 b,LkCa 15,,14.7,,,,,,,4194.0,,1.60711,,,,Imaging,2015.0,50.0,
HN Peg b,HN Peg,,773.0,,21.9987,1.05066,,,,,,,,,G0 V,Imaging,2006.0,,GasGiant
LkCa 15 c,LkCa 15,,18.6,,,,,,,4194.0,,1.60711,,,,Imaging,2015.0,50.0,
MOA-2010-BLG-477L b,MOA-2010-BLG-477L,,2.0,,1.5,,,,,5950.0,0.67,,,,,Microlensing,2012.0,,GasGiant
OGLE-2012-BLG-0724L b,OGLE-2012-BLG-0724L,,1.6,,0.47,,,,,,0.29,,,,M V,Microlensing,2016.0,,GasGiant
HD 169142 b,HD 169142,,37.2,,3.0,,,,,,1.85,,,,,Imaging,2023.0,13.0,GasGiant
K2-2016-BLG-0005L b,K2-2016-BLG-0005L,4700.0,4.16,,1.1,,,,,,0.584,,,,,Microlensing,2023.0,,GasGiant
KMT-2021-BLG-1077L b,KMT-2021-BLG-1077L,,1.26,,0.22,,,,,,0.14,,,,M V,Microlensing,2022.0,,GasGiant
KMT-2021-BLG-1077L c,KMT-2021-BLG-1077L,,0.93,,0.25,,,,,,0.14,,,,M V,Microlensing,2022.0,,GasGiant
OGLE-2019-BLG-0468L b,OGLE-2019-BLG-0468L,,3.29,,3.21,,,,,,0.92,,,,G,Microlensing,2022.0,,GasGiant
OGLE-2019-BLG-0468L c,OGLE-2019-BLG-0468L,,2.77,,10.22,,,,,,0.92,,,,G,Microlensing,2022.0,,GasGiant
UCAC4 328-061594 b,UCAC4 328-061594,,19000.0,,21.0,,,,,,1.19,,,,DC,Imaging,2024.0,,GasGiant
MWC 758 c,MWC 758,,100.0,,,,,500.0,,,1.5,,,,A8Ve,Imaging,2023.0,,
CI Tau c,CI Tau,25.2,0.17,0.58,3.6,,,,,,,,,,,Radial Velocity,2024.0,,GasGiant
KMT-2021-BLG-0171L b,KMT-2021-BLG-0171L,,3.6,,0.01824884,,,,,5200.0,0.79,,,,,Microlensing,2022.0,,
KMT-2021-BLG-1689L b,KMT-2021-BLG-1689L,,3.5,,0.12270772,,,,,4570.0,0.74,,,,,Microlensing,2022.0,,MiniNeptune
KMT-2018-BLG-1990L b,KMT-2018-BLG-1990L,,0.763,,0.348,,,,,,0.094,,,,M,Microlensing,2019.0,,GasGiant
CT Cha b,CT Cha,,440.0,,17.0,2.2,,2600.0,,,,,,,,Imaging,2007.0,,HotJupiter
2MASS J01033563-5515561 AB b,2MASS J01033563-5515561 A,,84.0,,13.0,,,,,,0.19,,,,M5.5/M6,Imaging,2013.0,,GasGiant
HD 116029 c,HD 116029,907.0,,0.038,1.27,,,,,,1.33,,,,,Radial Velocity,2018.0,,GasGiant
HD 99706 c,HD 99706,1278.0,,0.411,5.69,,,,,,1.72,,,,,Radial Velocity,2018.0,,GasGiant
HD 102329 c,HD 102329,1123.0,,0.209,1.52,,,,,,1.3,,,,,Radial Velocity,2018.0,,GasGiant
HIP 79098 AB b,HIP 79098 AB,,345.0,,20.5,,,2450.0,,,3.75,,,,,Imaging,2019.0,,HotJupiter
2MASS J04414489+2301513 b,2MASS J04414489+2301513,,15.0,,7.5,,,,,,0.019,,,,M8.5,Imaging,2010.0,,GasGiant
2MASS J22501512+2325342 b,2MASS J22501512+2325342,,518.0,,30.0,,,1600.0,,,,,,,M3,Imaging,2018.0,,HotJupiter
KMT-2025-BLG-1616L b,KMT-2025-BLG-1616L,,1.6,,0.13315361,,,,,,0.26,,,,M V,Microlensing,2026.0,,MiniNeptune
MOA-2022-BLG-091L b,MOA-2022-BLG-091L,,2.67,,3.59,,,,,,0.75,,,,G8 V,Microlensing,2025.0,,GasGiant
KMT-2020-BLG-0414L c,KMT-2020-BLG-0414L,,0.2,,32.4,,,,,,0.51,,,,WD,Microlensing,2021.0,,GasGiant
KMT-2020-BLG-0414L b,KMT-2020-BLG-0414L,,2.07,,0.00588368,,,,,,0.49,,,,WD,Microlensing,2021.0,,
OGLE-2016-BLG-0007L b,OGLE-2016-BLG-0007L,14200.0,10.1,,0.00415318,,,,,,0.59,,,,,Microlensing,2025.0,,
KMT-2024-BLG-0404L b,KMT-2024-BLG-0404L,,0.85,,27.24,,,,,,0.09,,,,M,Microlensing,2025.0,,GasGiant
KMT-2024-BLG-1209L b,KMT-2024-BLG-1209L,,3.92,,2.64,,,,,,0.77,,,,K3 V,Microlensing,2025.0,,GasGiant
OGLE-2014-BLG-0319L b,OGLE-2014-BLG-0319L,,3.49,,0.57,,,,,,0.52,,,,M,Microlensing,2022.0,,GasGiant
KMT-2021-BLG-0912L b,KMT-2021-BLG-0912L,,3.03,,0.02177275,,,,,,0.75,,,,K,Microlensing,2022.0,,
MOA-2022-BLG-033L b,MOA-2022-BLG-033L,,2.15,,0.03822818,,,,,,0.51,,,,F7 V,Microlensing,2025.0,,MiniNeptune
KMT-2023-BLG-0119L b,KMT-2023-BLG-0119L,,3.14,,0.26334965,,,,,,0.71,,,,K2.5 V,Microlensing,2025.0,,GasGiant
KMT-2023-BLG-1896L b,KMT-2023-BLG-1896L,,2.86,,0.05144285,,,,,,0.72,,,,K6 V,Microlensing,2025.0,,MiniNeptune
WISPIT 1 b,WISPIT 1,,338.0,,10.4,,,,,4670.0,,,,,K4 V,Imaging,2025.0,,GasGiant
WISPIT 1 c,WISPIT 1,,840.0,,5.3,,,,,4670.0,,,,,K4 V,Imaging,2025.0,,GasGiant
OGLE-2007-BLG-368L b,OGLE-2007-BLG-368L,,2.8,,0.06,,,,,,0.64,,,,,Microlensing,2009.0,,MiniNeptune
PSR B1620-26 b,PSR B1620-26,,23.0,,2.5,,,,,,1.35,,,,,Pulsar Timing,2003.0,,GasGiant
MOA-2007-BLG-192L b,MOA-2007-BLG-192L,,0.62,,0.01,,,,,,0.06,,,,,Microlensing,2008.0,,
HD 41004 A b,HD 41004 A,963.0,,0.74,2.54,,,,,,,,,,,Radial Velocity,2004.0,,GasGiant
MOA-2008-BLG-310L b,MOA-2008-BLG-310L,,1.25,,0.23,,,,,,0.67,,,,,Microlensing,2009.0,,GasGiant
AB Pic b,AB Pic,,260.0,,13.5,,,,,,,,,,K2 V,Imaging,2005.0,,GasGiant
MOA-2009-BLG-319L b,MOA-2009-BLG-319L,,2.03,,0.212,,,,,,0.524,,,,,Microlensing,2010.0,,GasGiant
KMT-2018-BLG-1025L b,KMT-2018-BLG-1025L,,0.65,,0.01399183,,,,,,0.084,,,,,Microlensing,2021.0,,
KMT-2024-BLG-1870L b,KMT-2024-BLG-1870L,,2.57,,1.06,,,,,,0.67,,,,,Microlensing,2026.0,,GasGiant
OGLE-2018-BLG-0962L b,OGLE-2018-BLG-0962L,,3.59,,1.34,,,,,,0.54,,,,,Microlensing,2021.0,,GasGiant
KMT-2024-BLG-2087L b,KMT-2024-BLG-2087L,,3.03,,4.39,,,,,,0.48,,,,,Microlensing,2026.0,,GasGiant
OGLE-2018-BLG-0567L b,OGLE-2018-BLG-0567L,,2.72,,0.32,,,,,,0.25,,,,,Microlensing,2021.0,,GasGiant
KOINTREAU-4 b,2MASS J16262785-2625152,,182.0,,15.3,,,,,,,,,,M4.5,Imaging,2026.0,,GasGiant
KMT-2019-BLG-1715L b,KMT-2019-BLG-1715L,,2.8,,1.43,,,,,,0.59,,,,,Microlensing,2021.0,,GasGiant
KMT-2019-BLG-0371L b,KMT-2019-BLG-0371L,,0.79,,7.7,,,,,,0.09,,,,,Microlensing,2021.0,,GasGiant
OGLE-2019-BLG-0954L b,OGLE-2019-BLG-0954L,,2.65,,14.2,,,,,,0.8,,,,,Microlensing,2021.0,,GasGiant
KMT-2018-BLG-1996L b,KMT-2018-BLG-1996L,,4.27,,1.09,,,,,,0.69,,,,,Microlensing,2021.0,,GasGiant
KMT-2018-BLG-1976L b,KMT-2018-BLG-1976L,,2.04,,1.96,,,,,,0.65,,,,,Microlensing,2021.0,,GasGiant
KMT-2024-BLG-0349L b,KMT-2024-BLG-0349L,,1.85,,11.86,,,,,,0.68,,,,,Microlensing,2026.0,,GasGiant
OGLE-2019-BLG-0304L b,OGLE-2019-BLG-0304L,,1.23,,0.51,,,,,,0.27,,,,,Microlensing,2021.0,,GasGiant
KMT-2016-BLG-2605L b,KMT-2016-BLG-2605L,,0.681,,0.771,,,,,,0.064,,,,,Microlensing,2021.0,,GasGiant
KMT-2022-BLG-1818L b,KMT-2022-BLG-1818L,,2.6,,4.27,,,,,,0.85,,,,,Microlensing,2026.0,,GasGiant
OGLE-2018-BLG-1185L b,OGLE-2018-BLG-1185L,,1.14,,0.00660734,,,,,,0.091,,,,,Microlensing,2021.0,,
KMT-2022-BLG-1818L c,KMT-2022-BLG-1818L,,13.3,,0.46,,,,,,0.85,,,,,Microlensing,2026.0,,GasGiant
KMT-2018-BLG-1743L b,KMT-2018-BLG-1743L,,1.931,,1.612,,,,,,0.418,,,,,Microlensing,2021.0,,GasGiant
KMT-2024-BLG-0176L b,KMT-2024-BLG-0176L,,1.32,,0.76,,,,,,0.103,,,,,Microlensing,2026.0,,GasGiant
MOA-2013-BLG-220L b,MOA-2013-BLG-220L,,3.03,,2.74,,,,,,0.88,,,,,Microlensing,2014.0,,GasGiant
OGLE-2017-BLG-1375L b,OGLE-2017-BLG-1375L,,2.97,,10.33,,,,,,0.77,,,,,Microlensing,2020.0,,GasGiant
OGLE-2017-BLG-0604L b,OGLE-2017-BLG-0604L,,4.06,,0.51,,,,,,0.7,,,,,Microlensing,2020.0,,GasGiant
KMT-2016-BLG-2397L b,KMT-2016-BLG-2397L,,3.64,,2.63,,,,,,0.64,,,,,Microlensing,2020.0,,GasGiant
KMT-2016-BLG-2364L b,KMT-2016-BLG-2364L,,2.63,,3.93,,,,,,0.5,,,,,Microlensing,2020.0,,GasGiant
KMT-2019-BLG-0842L b,KMT-2019-BLG-0842L,,3.31,,0.03234,,,,,,0.76,,,,,Microlensing,2020.0,,MiniNeptune
KMT-2018-BLG-0748L b,KMT-2018-BLG-0748L,,0.62,,0.19,,,,,,0.087,,,,,Microlensing,2020.0,,GasGiant
OGLE-2018-BLG-1269L b,OGLE-2018-BLG-1269L,,4.51,,0.67,,,,,,1.11,,,,,Microlensing,2020.0,,GasGiant
KMT-2019-BLG-1339L b,KMT-2019-BLG-1339L,,2.8,,1.27,,,,,,0.49,,,,,Microlensing,2020.0,,GasGiant
OGLE-2017-BLG-1049L b,OGLE-2017-BLG-1049L,,3.92,,5.53,,,,,,0.55,,,,,Microlensing,2020.0,,GasGiant
OGLE-2018-BLG-1428L b,OGLE-2018-BLG-1428L,,3.3,,0.77,,,,,,0.43,,,,,Microlensing,2021.0,,GasGiant
KMT-2024-BLG-1005L b,KMT-2024-BLG-1005L,,0.78,,21.0,,,,,,0.055,,,,,Microlensing,2025.0,,GasGiant
OGLE-2017-BLG-0406L b,OGLE-2017-BLG-0406L,,3.5,,0.41,,,,,,0.56,,,,,Microlensing,2020.0,,GasGiant
OGLE-2017-BLG-0364L b,OGLE-2017-BLG-0364L,,1.96,,0.80546608,,,,,,0.55,,,,,Microlensing,2024.0,,GasGiant
KMT-2017-BLG-0849L b,KMT-2017-BLG-0849L,,2.73,,0.02010519,,,,,,0.19,,,,,Microlensing,2024.0,,
KMT-2017-BLG-1057L b,KMT-2017-BLG-1057L,,2.36,,0.07393927,,,,,,0.57,,,,,Microlensing,2024.0,,MiniNeptune
KMT-2017-BLG-2331L b,KMT-2017-BLG-2331L,,2.14,,0.53802617,,,,,,0.4,,,,,Microlensing,2024.0,,GasGiant
KMT-2017-BLG-2197L b,KMT-2017-BLG-2197L,,6.65,,6.93,,,,,,0.36,,,,,Microlensing,2025.0,,GasGiant
KMT-2022-BLG-1790L b,KMT-2022-BLG-1790L,,5.25,,1.73,,,,,,0.58,,,,,Microlensing,2025.0,,GasGiant
KMT-2022-BLG-2076L b,KMT-2022-BLG-2076L,,5.67,,0.88,,,,,,0.67,,,,,Microlensing,2025.0,,GasGiant
KMT-2023-BLG-2209L b,KMT-2023-BLG-2209L,,3.51,,0.8,,,,,,0.73,,,,,Microlensing,2025.0,,GasGiant
KMT-2018-BLG-1988L b,KMT-2018-BLG-1988L,,2.83,,0.02133227,,,,,,0.48,,,,,Microlensing,2022.0,,
KMT-2021-BLG-0736L b,KMT-2021-BLG-0736L,,4.0,,0.06607339,,,,,,0.6,,,,,Microlensing,2025.0,,MiniNeptune
KMT-2019-BLG-0578L b,KMT-2019-BLG-0578L,,1.2,,1.2,,,,,,0.28,,,,,Microlensing,2025.0,,GasGiant
KMT-2023-BLG-1866L b,KMT-2023-BLG-1866L,,2.5,,0.01161004,,,,,,0.48,,,,,Microlensing,2024.0,,
KMT-2021-BLG-2609L b,KMT-2021-BLG-2609L,,2.3,,0.112,,,,,,0.2,,,,,Microlensing,2024.0,,MiniNeptune
KMT-2022-BLG-0303L b,KMT-2022-BLG-0303L,,4.81,,0.513,,,,,,0.368,,,,,Microlensing,2024.0,,GasGiant
KMT-2022-BLG-2286L b,KMT-2022-BLG-2286L,,3.32,,43.0,,,,,,0.45,,,,,Microlensing,2024.0,,GasGiant
KMT-2023-BLG-1743L b,KMT-2023-BLG-1743L,,1.16,,20.0,,,,,,0.11,,,,,Microlensing,2024.0,,GasGiant
OGLE-2019-BLG-0299L b,OGLE-2019-BLG-0299L,,2.8,,6.22,,,,,,0.59,,,,,Microlensing,2021.0,,GasGiant
OGLE-2017-BLG-1099L b,OGLE-2017-BLG-1099L,,2.73,,3.02,,,,,,0.45,,,,,Microlensing,2021.0,,GasGiant
KMT-2023-BLG-0548L b,KMT-2023-BLG-0548L,,6.85,,3.42,,,,,,0.72,,,,,Microlensing,2025.0,,GasGiant
KMT-2023-BLG-0830L b,KMT-2023-BLG-0830L,,1.7,,0.056,,,,,,0.22,,,,,Microlensing,2025.0,,MiniNeptune
KMT-2023-BLG-0949L b,KMT-2023-BLG-0949L,,2.03,,5.98,,,,,,0.48,,,,,Microlensing,2025.0,,GasGiant
KMT-2024-BLG-1281L b,KMT-2024-BLG-1281L,,1.96,,0.06,,,,,,0.32,,,,,Microlensing,2025.0,,MiniNeptune
KMT-2024-BLG-2059L b,KMT-2024-BLG-2059L,,2.78,,0.022,,,,,,0.51,,,,,Microlensing,2025.0,,
KMT-2024-BLG-2242L b,KMT-2024-BLG-2242L,,1.05,,0.055,,,,,,0.069,,,,,Microlensing,2025.0,,MiniNeptune
OGLE-2016-BLG-1266L b,OGLE-2016-BLG-1266L,,0.42,,11.8,,,,,,0.015,,,,,Microlensing,2018.0,,GasGiant
KMT-2017-BLG-2509L b,KMT-2017-BLG-2509L,,2.14,,2.09,,,,,,0.46,,,,,Microlensing,2021.0,,GasGiant
KMT-2024-BLG-0404L c,KMT-2024-BLG-0404L,,,,0.05443189,,,,,,0.09,,,,M,Microlensing,2025.0,,MiniNeptune
OGLE-2018-BLG-0532L b,OGLE-2018-BLG-0532L,,1.103,,0.02062119,,,,,,0.203,,,,,Microlensing,2020.0,,
OGLE-2018-BLG-0383L b,OGLE-2018-BLG-0383L,,1.8,,0.02013665,,,,,,0.1,,,,,Microlensing,2022.0,,
OGLE-2019-BLG-0960L b,OGLE-2019-BLG-0960L,,1.9,,0.00786588,,,,,,0.5,,,,,Microlensing,2021.0,,
OGLE-2012-BLG-0838L b,OGLE-2012-BLG-0838L,,4.43,,0.167,,,,,,0.4,,,,,Microlensing,2020.0,,GasGiant
OGLE-2017-BLG-1434L b,OGLE-2017-BLG-1434L,,1.18,,0.01393834,,,,,,0.234,,,,,Microlensing,2018.0,,
EPIC 201833600 c,K2-50,3.96165,,,,0.132,,,,,,0.634,,,,Transit,2019.0,,EarthLike
EPIC 201754305 d,K2-16,2.71578,,,,0.09189045,,,,,0.67,,,,,Transit,2019.0,,EarthLike
EPIC 201615463 c,K2-166,3.80464,,,,0.10884111,,,,,1.073,,,,,Transit,2019.0,,EarthLike
EPIC 201497682 b,EPIC 201497682,2.13174,,,,0.0617361,,,,,0.78,,,,,Transit,2019.0,,EarthLike
EPIC 201238110 b,EPIC 201238110,28.1656,,,,0.16683023,,,,,0.41,,,,,Transit,2019.0,,SuperEarth
KMT-2017-BLG-1146L b,KMT-2017-BLG-1146L,,1.7,,0.85,,,,,,0.4,,,,,Microlensing,2019.0,,GasGiant
KMT-2017-BLG-1038L b,KMT-2017-BLG-1038L,,1.9,,2.4,,,,,,0.43,,,,,Microlensing,2019.0,,GasGiant
KMT-2016-BLG-1107L b,KMT-2016-BLG-1107L,,0.342,,3.283,,,,,,0.087,,,,,Microlensing,2019.0,,GasGiant
EPIC 212499991 b,EPIC 212499991,34.885,,,,0.14274244,,,,,0.912,,,,,Transit,2019.0,,EarthLike
EPIC 212424622 b,EPIC 212424622,18.0971,,,,0.197,,,,,,1.2247,,,,Transit,2019.0,,SuperEarth
EPIC 206317286 b,EPIC 206317286,1.58316,,,,0.109,,,,,,0.669,,,,Transit,2019.0,,EarthLike
EPIC 206032309 b,EPIC 206032309,2.87814,,,,0.09010616,,,,,0.221,,,,,Transit,2019.0,,EarthLike
EPIC 206024342 b,EPIC 206024342,4.50756,,,,0.15166384,,,,,0.928,,,,,Transit,2019.0,,EarthLike
OGLE-2013-BLG-1761L b,OGLE-2013-BLG-1761L,,1.8,,2.7,,,,,,0.33,,,,,Microlensing,2018.0,,GasGiant
OGLE-2011-BLG-0173L b,OGLE-2011-BLG-0173L,,8.0,,0.18,,,,,,0.42,,,,,Microlensing,2018.0,,GasGiant
OGLE-2014-BLG-1722L c,OGLE-2014-BLG-1722L,,1.7,,0.263,,,,,,0.4,,,,,Microlensing,2018.0,,GasGiant
OGLE-2014-BLG-1722L b,OGLE-2014-BLG-1722L,,1.5,,0.173,,,,,,0.39,,,,,Microlensing,2018.0,,GasGiant
OGLE-2017-BLG-0482L b,OGLE-2017-BLG-0482L,,1.8,,0.028,,,,,,0.2,,,,,Microlensing,2018.0,,
OGLE-2017-BLG-1140L b,OGLE-2017-BLG-1140L,,1.02,,1.62,,,,,,0.213,,,,,Microlensing,2018.0,,GasGiant
KMT-2016-BLG-1820L b,KMT-2016-BLG-1820L,,1.08,,4.57,,,,,,0.039,,,,,Microlensing,2018.0,,GasGiant
MOA-2011-BLG-291L b,MOA-2011-BLG-291L,,0.69,,0.057,,,,,,0.15,,,,,Microlensing,2018.0,,MiniNeptune
MOA-2016-BLG-319L b,MOA-2016-BLG-319L,,1.09,,0.65,,,,,,0.15,,,,,Microlensing,2018.0,,GasGiant
KMT-2016-BLG-1397L b,KMT-2016-BLG-1397L,,5.1,,7.0,,,,,,0.45,,,,,Microlensing,2018.0,,GasGiant
MOA-2015-BLG-337L b,MOA-2015-BLG-337L,,0.24,,0.106,,,,,,0.0094,,,,,Microlensing,2018.0,,MiniNeptune
KMT-2016-BLG-2142L b,KMT-2016-BLG-2142L,,0.83,,15.49,,,,,,0.073,,,,,Microlensing,2018.0,,GasGiant
KMT-2018-BLG-1292L b,KMT-2018-BLG-1292L,,6.03,,4.42,,,,,,1.09,,,,,Microlensing,2020.0,,GasGiant
MOA-bin-29 b,MOA-bin-29,,0.27,,0.58,,,,,,0.05,,,,,Microlensing,2019.0,,GasGiant
KMT-2016-BLG-1836L b,KMT-2016-BLG-1836L,,2.7,,2.3,,,,,,0.53,,,,,Microlensing,2019.0,,GasGiant
OGLE-2013-BLG-0911L b,OGLE-2013-BLG-0911L,,17.98,,9.92,,,,,,0.28,,,,,Microlensing,2019.0,,GasGiant
KMT-2018-BLG-0029L b,KMT-2018-BLG-0029L,,4.54,,0.0273,,,,,,1.25,,,,,Microlensing,2020.0,,
OGLE-2018-BLG-1700L b,OGLE-2018-BLG-1700L,,2.8,,4.4,,,,,,0.42,,,,,Microlensing,2020.0,,GasGiant
OGLE-2015-BLG-1771L b,OGLE-2015-BLG-1771L,,0.55,,2.331,,,,,,0.049,,,,,Microlensing,2020.0,,GasGiant
OGLE-2018-BLG-0677L b,OGLE-2018-BLG-0677L,,0.72,,0.0125,,,,,,0.12,,,,,Microlensing,2020.0,,
OGLE-2016-BLG-1227L b,OGLE-2016-BLG-1227L,,11.5,,4.98,,,,,,0.68,,,,,Microlensing,2020.0,,GasGiant
KMT-2017-BLG-0165L b,KMT-2017-BLG-0165L,,3.45,,0.11,,,,,,0.76,,,,,Microlensing,2018.0,,MiniNeptune
OGLE-2015-BLG-1670L b,OGLE-2015-BLG-1670L,,2.62,,0.0563,,,,,,0.55,,,,,Microlensing,2019.0,,MiniNeptune
OGLE-2018-BLG-0596L b,OGLE-2018-BLG-0596L,,0.92,,0.04622,,,,,,0.229,,,,,Microlensing,2019.0,,MiniNeptune
OGLE-2018-BLG-1011L b,OGLE-2018-BLG-1011L,,0.8,,1.8,,,,,,0.18,,,,,Microlensing,2019.0,,GasGiant
OGLE-2015-BLG-1649L b,OGLE-2015-BLG-1649L,,2.07,,2.54,,,,,,0.34,,,,,Microlensing,2019.0,,GasGiant
OGLE-2016-BLG-1067L b,OGLE-2016-BLG-1067L,,1.68,,0.43,,,,,,0.28,,,,,Microlensing,2019.0,,GasGiant
KMT-2016-BLG-0212L b,KMT-2016-BLG-0212L,,5.5,,0.02,,,,,,0.39,,,,,Microlensing,2018.0,,
OGLE-2018-BLG-1011L c,OGLE-2018-BLG-1011L,,0.8,,2.8,,,,,,0.18,,,,,Microlensing,2019.0,,GasGiant
KMT-2016-BLG-2321L b,KMT-2016-BLG-2321L,,3.58,,0.95,,,,,,0.73,,,,,Microlensing,2024.0,,GasGiant
KMT-2019-BLG-0253L b,KMT-2019-BLG-0253L,,3.1,,0.02894644,,,,,,0.7,,,,,Microlensing,2022.0,,
KMT-2016-BLG-1105L b,KMT-2016-BLG-1105L,,2.56,,0.02992181,,,,,,0.44,,,,,Microlensing,2023.0,,
OGLE-2019-BLG-1053L b,OGLE-2019-BLG-1053L,,3.4,,0.00774003,,,,,,0.6,,,,,Microlensing,2021.0,,
KMT-2017-BLG-0428L b,KMT-2017-BLG-0428L,,1.78,,0.01771396,,,,,,0.34,,,,,Microlensing,2023.0,,
OGLE-2018-BLG-0506L b,OGLE-2018-BLG-0506L,,3.0,,0.05128554,,,,,,0.63,,,,,Microlensing,2022.0,,MiniNeptune
KMT-2019-BLG-1806L b,KMT-2019-BLG-1806L,,3.02,,0.01469346,,,,,,0.74,,,,,Microlensing,2023.0,,
KMT-2017-BLG-1003L b,KMT-2017-BLG-1003L,,1.25,,0.01170443,,,,,,0.27,,,,,Microlensing,2023.0,,
KMT-2019-BLG-1367L b,KMT-2019-BLG-1367L,,1.7,,0.01283712,,,,,,0.25,,,,,Microlensing,2023.0,,
OGLE-2017-BLG-1806L b,OGLE-2017-BLG-1806L,,1.91,,0.00843222,,,,,,0.48,,,,,Microlensing,2023.0,,
OGLE-2018-BLG-0516L b,OGLE-2018-BLG-0516L,,2.2,,0.06324167,,,,,,0.47,,,,,Microlensing,2022.0,,MiniNeptune
KMT-2021-BLG-1391L b,KMT-2021-BLG-1391L,,2.29,,0.0143159,,,,,,0.37,,,,,Microlensing,2022.0,,
KMT-2021-BLG-1253L b,KMT-2021-BLG-1253L,,1.72,,0.06937706,,,,,,0.29,,,,,Microlensing,2022.0,,MiniNeptune
KMT-2021-BLG-1372L b,KMT-2021-BLG-1372L,,2.37,,0.19277698,,,,,,0.42,,,,,Microlensing,2022.0,,GasGiant
KMT-2021-BLG-0748L b,KMT-2021-BLG-0748L,,2.43,,0.45,,,,,,0.36,,,,,Microlensing,2022.0,,GasGiant
KMT-2019-BLG-1042L b,KMT-2019-BLG-1042L,,1.7,,0.19,,,,,,0.3,,,,,Microlensing,2022.0,,GasGiant
KMT-2019-BLG-1552L b,KMT-2019-BLG-1552L,,2.6,,4.05,,,,,,0.79,,,,,Microlensing,2022.0,,GasGiant
KMT-2019-BLG-2974L b,KMT-2019-BLG-2974L,,2.0,,0.28,,,,,,0.47,,,,,Microlensing,2022.0,,GasGiant
OGLE-2018-BLG-0799L b,OGLE-2018-BLG-0799L,,1.19,,0.38,,,,,,0.14,,,,,Microlensing,2022.0,,GasGiant
OGLE-2019-BLG-1492L b,OGLE-2019-BLG-1492L,,2.7,,0.11672965,,,,,,0.68,,,,,Microlensing,2022.0,,MiniNeptune
OGLE-2018-BLG-0977L b,OGLE-2018-BLG-0977L,,2.0,,0.02013665,,,,,,0.47,,,,,Microlensing,2022.0,,
KMT-2019-BLG-0953L b,KMT-2019-BLG-0953L,,1.1,,0.04876845,,,,,,0.28,,,,,Microlensing,2022.0,,MiniNeptune
OGLE-2016-BLG-1093L b,OGLE-2016-BLG-1093L,,2.0,,0.63,,,,,,0.41,,,,,Microlensing,2022.0,,GasGiant
OGLE-2019-BLG-0362L b,OGLE-2019-BLG-0362L,,3.13,,3.34,,,,,,0.45,,,,,Microlensing,2022.0,,GasGiant
OGLE-2019-BLG-1470L AB c,OGLE-2019-BLG-1470L A,,2.9,,3.1,,,,,,0.58,,,,,Microlensing,2022.0,,GasGiant
KMT-2021-BLG-2294L b,KMT-2021-BLG-2294L,,1.15,,0.07,,,,,,0.14,,,,,Microlensing,2022.0,,MiniNeptune
KMT-2017-BLG-0673L b,KMT-2017-BLG-0673L,,2.34,,3.67,,,,,,0.63,,,,,Microlensing,2022.0,,GasGiant
KMT-2019-BLG-0414L b,KMT-2019-BLG-0414L,,9.42,,4.26,,,,,,0.74,,,,,Microlensing,2022.0,,GasGiant
KMT-2021-BLG-0240L b,KMT-2021-BLG-0240L,,2.7,,0.4,,,,,,0.47,,,,,Microlensing,2022.0,,GasGiant
OGLE-2006-BLG-284L A b,OGLE-2006-BLG-284L A,,2.17,,0.45307467,,,,,,0.35,,,,,Microlensing,2020.0,,GasGiant
MOA-2020-BLG-135L b,MOA-2020-BLG-135L,,1.17,,0.0786588,,,,,,0.53,,,,,Microlensing,2022.0,,MiniNeptune
KMT-2017-BLG-1194L b,KMT-2017-BLG-1194L,,1.78,,0.01113809,,,,,,0.41,,,,,Microlensing,2023.0,,
KMT-2021-BLG-0192L b,KMT-2021-BLG-0192L,,2.79,,0.1,,,,,,0.27,,,,,Microlensing,2022.0,,MiniNeptune
KMT-2021-BLG-1898L b,KMT-2021-BLG-1898L,,3.0,,0.79,,,,,,0.48,,,,,Microlensing,2022.0,,GasGiant
OGLE-2017-BLG-1691L b,OGLE-2017-BLG-1691L,,2.54,,0.046,,,,,,0.45,,,,,Microlensing,2022.0,,MiniNeptune
KMT-2021-BLG-0320L b,KMT-2021-BLG-0320L,,1.54,,0.1,,,,,,0.32,,,,,Microlensing,2022.0,,MiniNeptune
KMT-2021-BLG-1303L b,KMT-2021-BLG-1303L,,2.89,,0.38,,,,,,0.57,,,,,Microlensing,2022.0,,GasGiant
KMT-2021-BLG-1554L b,KMT-2021-BLG-1554L,,0.72,,0.12,,,,,,0.08,,,,,Microlensing,2022.0,,MiniNeptune
KMT-2021-BLG-0119L b,KMT-2021-BLG-0119L,,3.24,,5.67,,,,,,0.69,,,,,Microlensing,2022.0,,GasGiant
KMT-2023-BLG-1642L b,KMT-2023-BLG-1642L,,1.32,,1.28,,,,,,0.13,,,,,Microlensing,2024.0,,GasGiant
OGLE-2017-BLG-1275L b,OGLE-2017-BLG-1275L,,1.21,,5.67,,,,,,0.65,,,,,Microlensing,2024.0,,GasGiant
OGLE-2017-BLG-1237L b,OGLE-2017-BLG-1237L,,2.53,,3.8,,,,,,0.46,,,,,Microlensing,2024.0,,GasGiant
KMT-2023-BLG-0416L b,KMT-2023-BLG-0416L,,2.96,,0.041,,,,,,0.63,,,,,Microlensing,2024.0,,MiniNeptune
KMT-2023-BLG-1454L b,KMT-2023-BLG-1454L,,1.18,,0.63,,,,,,0.17,,,,,Microlensing,2024.0,,GasGiant
2MASS J11550485-7919108 b,2MASS J11550485-7919108,,587.0,,20.0,,,2506.0,,,,,,,,Imaging,2024.0,,HotJupiter
2MASS J21252752-8138278 b,2MASS J21252752-8138278,,7493.0,,12.0,,,1616.0,,,,,,,,Imaging,2024.0,,HotJupiter
2MASS J03590986+2009361 b,2MASS J03590986+2009361,,572.0,,18.0,,,2369.0,,,,,,,,Imaging,2024.0,,HotJupiter
ITG 15 b,ITG 15 A,,435.0,,21.0,,,2601.0,,,,,,,,Imaging,2024.0,,HotJupiter
G 196-3 b,G 196-3,,350.0,,26.0,,,1670.0,,,,,,,,Imaging,2024.0,,HotJupiter
2MASS J11011926-7732383 b,2MASS J11011926-7732383,,266.0,,28.0,,,2677.0,,,,,,,,Imaging,2024.0,,HotJupiter
HIP 77900 b,HIP 77900,,3319.0,,21.0,,,2507.0,,,,,,,,Imaging,2024.0,,HotJupiter
MOA-2022-BLG-563L b,MOA-2022-BLG-563L,,2.15,,0.4,,,,,,0.48,,,,,Microlensing,2024.0,,GasGiant
OGLE-2017-BLG-0640L b,OGLE-2017-BLG-0640L,,1.14,,1.62,,,,,,0.32,,,,,Microlensing,2024.0,,GasGiant
KMT-2022-BLG-0371L b,KMT-2022-BLG-0371L,,3.42,,0.26,,,,,,0.63,,,,,Microlensing,2023.0,,GasGiant
KMT-2022-BLG-1013L b,KMT-2022-BLG-1013L,,1.38,,0.31,,,,,,0.18,,,,,Microlensing,2023.0,,GasGiant
KMT-2021-BLG-1547L b,KMT-2021-BLG-1547L,,4.5,,1.47,,,,,,0.72,,,,,Microlensing,2023.0,,GasGiant
KMT-2021-BLG-1770L b,KMT-2021-BLG-1770L,,0.9,,21.0,,,,,,0.13,,,,,Microlensing,2023.0,,GasGiant
OGLE-2019-BLG-1180L b,OGLE-2019-BLG-1180L,,5.19,,1.747,,,,,,0.545,,,,,Microlensing,2023.0,,GasGiant
KMT-2018-BLG-0885L b,KMT-2018-BLG-0885L,,1.07,,29.0,,,,,,0.29,,,,,Microlensing,2023.0,,GasGiant
KMT-2019-BLG-0297L b,KMT-2019-BLG-0297L,,0.96,,19.0,,,,,,0.21,,,,,Microlensing,2023.0,,GasGiant
KMT-2019-BLG-0335L b,KMT-2019-BLG-0335L,,1.64,,21.0,,,,,,0.32,,,,,Microlensing,2023.0,,GasGiant
KMT-2021-BLG-1150L b,KMT-2021-BLG-1150L,,4.5,,0.88,,,,,,0.73,,,,,Microlensing,2023.0,,GasGiant
M62H b,M62H,0.132935028,,,2.47,,,,,,1.4,,,,,Pulsar Timing,2024.0,,GasGiant
KMT-2023-BLG-0469L b,KMT-2023-BLG-0469L,,2.31,,0.124,,,,,,0.47,,,,,Microlensing,2024.0,,MiniNeptune
OGLE-2017-BLG-0448L b,OGLE-2017-BLG-0448L,,4.65,,0.01636103,,,,,,0.32,,,,,Microlensing,2024.0,,
OGLE-2016-BLG-1598L b,OGLE-2016-BLG-1598L,,1.92,,0.7,,,,,,0.55,,,,,Microlensing,2024.0,,GasGiant
OGLE-2016-BLG-1800L b,OGLE-2016-BLG-1800L,,2.6,,2.77,,,,,,0.4,,,,,Microlensing,2024.0,,GasGiant
MOA-2016-BLG-526L b,MOA-2016-BLG-526L,,2.27,,0.024,,,,,,0.38,,,,,Microlensing,2024.0,,
KMT-2023-BLG-0735L b,KMT-2023-BLG-0735L,,2.66,,0.122,,,,,,0.61,,,,,Microlensing,2024.0,,MiniNeptune
OGLE-2023-BLG-0836L b,OGLE-2023-BLG-0836L,,3.7,,4.36,,,,,,0.71,,,,,Microlensing,2024.0,,GasGiant
KMT-2023-BLG-1431L b,KMT-2023-BLG-1431L,,3.2,,0.04279039,,,,,,0.57,,,,,Microlensing,2024.0,,MiniNeptune
OGLE-2014-BLG-0221L b,OGLE-2014-BLG-0221L,,3.76,,4.35,,,,,,0.69,,,,,Microlensing,2024.0,,GasGiant
Gaia22dkvL b,Gaia22dkvL,,1.68,,0.822,,,,,,1.046,,,,,Microlensing,2024.0,,GasGiant
KMT-2021-BLG-2010L b,KMT-2021-BLG-2010L,,2.42,,1.07,,,,,,0.37,,,,,Microlensing,2023.0,,GasGiant
KMT-2018-BLG-0247L b,KMT-2018-BLG-0247L,,2.11,,2.33,,,,,,0.35,,,,,Microlensing,2022.0,,GasGiant
OGLE-2018-BLG-0298L b,OGLE-2018-BLG-0298L,,2.98,,0.091,,,,,,0.63,,,,,Microlensing,2022.0,,MiniNeptune
KMT-2018-BLG-2602L b,KMT-2018-BLG-2602L,,3.81,,1.15,,,,,,0.66,,,,,Microlensing,2022.0,,GasGiant
OGLE-2018-BLG-1119L b,OGLE-2018-BLG-1119L,,3.13,,0.86,,,,,,0.48,,,,,Microlensing,2022.0,,GasGiant
OGLE-2018-BLG-1126L b,OGLE-2018-BLG-1126L,,3.23,,0.056,,,,,,0.69,,,,,Microlensing,2022.0,,MiniNeptune
OGLE-2018-BLG-1647L b,OGLE-2018-BLG-1647L,,1.36,,0.97,,,,,,0.092,,,,,Microlensing,2022.0,,GasGiant
OGLE-2018-BLG-1367L b,OGLE-2018-BLG-1367L,,3.63,,0.95,,,,,,0.28,,,,,Microlensing,2022.0,,GasGiant
KMT-2018-BLG-0087L b,KMT-2018-BLG-0087L,,0.66,,0.32,,,,,,0.11,,,,,Microlensing,2022.0,,GasGiant
KMT-2021-BLG-0712L b,KMT-2021-BLG-0712L,,2.29,,0.12553944,,,,,,0.23,,,,,Microlensing,2023.0,,MiniNeptune
KMT-2021-BLG-0909L b,KMT-2021-BLG-0909L,,1.75,,1.26,,,,,,0.38,,,,,Microlensing,2023.0,,GasGiant
KMT-2021-BLG-2478L b,KMT-2021-BLG-2478L,,1.83,,0.91,,,,,,0.2,,,,,Microlensing,2023.0,,GasGiant
KMT-2021-BLG-1105L b,KMT-2021-BLG-1105L,,2.82,,1.28,,,,,,0.63,,,,,Microlensing,2023.0,,GasGiant
KMT-2018-BLG-0030L b,KMT-2018-BLG-0030L,,4.39,,1.45,,,,,,0.51,,,,,Microlensing,2022.0,,GasGiant
MOA-2022-BLG-249L b,MOA-2022-BLG-249L,,1.63,,0.01519688,,,,,,0.18,,,,,Microlensing,2023.0,,
KMT-2019-BLG-1216L b,KMT-2019-BLG-1216L,,2.323,,0.088,,,,,,0.361,,,,,Microlensing,2023.0,,MiniNeptune
KMT-2019-BLG-2783L b,KMT-2019-BLG-2783L,,1.85,,1.16,,,,,,0.34,,,,,Microlensing,2023.0,,GasGiant
OGLE-2019-BLG-0249L b,OGLE-2019-BLG-0249L,,1.837,,7.129,,,,,,0.912,,,,,Microlensing,2023.0,,GasGiant
OGLE-2019-BLG-0679L b,OGLE-2019-BLG-0679L,,6.99,,3.34,,,,,,0.66,,,,,Microlensing,2023.0,,GasGiant
MOA-2020-BLG-208L b,MOA-2020-BLG-208L,,2.74,,0.14473219,,,,,,0.43,,,,,Microlensing,2023.0,,MiniNeptune
KMT-2019-BLG-0298L b,KMT-2019-BLG-0298L,,5.763,,1.787,,,,,,0.686,,,,,Microlensing,2023.0,,GasGiant
OGLE-2018-BLG-0932L b,OGLE-2018-BLG-0932L,,1.75,,0.89,,,,,,0.72,,,,,Microlensing,2022.0,,GasGiant
OGLE-2018-BLG-1212L b,OGLE-2018-BLG-1212L,,0.9,,0.19,,,,,,0.14,,,,,Microlensing,2022.0,,GasGiant
KMT-2022-BLG-0440L b,KMT-2022-BLG-0440L,,4.6,,0.04813918,,,,,,0.53,,,,,Microlensing,2023.0,,MiniNeptune
OGLE-2017-BLG-0373L b,OGLE-2017-BLG-0373L,,2.424,,0.401,,,,,,0.248,,,,,Microlensing,2018.0,,GasGiant
OGLE-2015-BLG-0966L b,OGLE-2015-BLG-0966L,,2.1,,0.066,,,,,,0.38,,,,,Microlensing,2016.0,,MiniNeptune
OGLE-2012-BLG-0563L b,OGLE-2012-BLG-0563L,,4.3,,0.39,,,,,,0.34,,,,,Microlensing,2015.0,,GasGiant
MOA-2010-BLG-328L b,MOA-2010-BLG-328L,,0.92,,0.029,,,,,,0.11,,,,,Microlensing,2013.0,,
MOA-2011-BLG-262L b,MOA-2011-BLG-262L,,0.13,,0.0015,,,,,,0.0031,,,,,Microlensing,2014.0,,
MOA-2011-BLG-028L b,MOA-2011-BLG-028L,,4.14,,0.09,,,,,,0.75,,,,,Microlensing,2016.0,,MiniNeptune
OGLE-2015-BLG-0051L b,OGLE-2015-BLG-0051L,,0.73,,0.72,,,,,,0.1,,,,,Microlensing,2016.0,,GasGiant
OGLE-2014-BLG-1760L b,OGLE-2014-BLG-1760L,,1.75,,0.56,,,,,,0.51,,,,,Microlensing,2016.0,,GasGiant
OGLE-2014-BLG-0676L b,OGLE-2014-BLG-0676L,,2.56,,3.73,,,,,,0.73,,,,,Microlensing,2016.0,,GasGiant
MOA-2013-BLG-605L b,MOA-2013-BLG-605L,,0.93,,0.0102,,,,,,0.024,,,,,Microlensing,2016.0,,
MOA-2010-BLG-353L b,MOA-2010-BLG-353L,,1.72,,0.27,,,,,,0.18,,,,,Microlensing,2015.0,,GasGiant
OGLE-2015-BLG-0954L b,OGLE-2015-BLG-0954L,,1.2,,3.9,,,,,,0.33,,,,,Microlensing,2016.0,,GasGiant
OGLE-2011-BLG-0265L b,OGLE-2011-BLG-0265L,,1.89,,0.88,,,,,,0.211,,,,,Microlensing,2015.0,,GasGiant
OGLE-2012-BLG-0358L b,OGLE-2012-BLG-0358L,,0.89,,1.89,,,,,,0.023,,,,,Microlensing,2013.0,,GasGiant
OGLE-2012-BLG-0406L b,OGLE-2012-BLG-0406L,,3.8,,3.8,,,,,,0.59,,,,,Microlensing,2013.0,,GasGiant
MOA-2011-BLG-322L b,MOA-2011-BLG-322L,,4.3,,11.6,,,,,,0.39,,,,,Microlensing,2013.0,,GasGiant
MOA-bin-1L b,MOA-bin-1L,,8.3,,3.7,,,,,,0.75,,,,,Microlensing,2012.0,,GasGiant
OGLE-2008-BLG-355L b,OGLE-2008-BLG-355L,,1.7,,4.6,,,,,,0.37,,,,,Microlensing,2014.0,,GasGiant
OGLE-2013-BLG-0341L B b,OGLE-2013-BLG-0341L B,,0.883,,0.0073,,,,,,0.1452,,,,,Microlensing,2014.0,,
OGLE-2008-BLG-092L b,OGLE-2008-BLG-092L,,15.0,,0.18,,,,,,0.71,,,,,Microlensing,2014.0,,GasGiant
OGLE-2013-BLG-0102L b,OGLE-2013-BLG-0102L,,0.79,,14.0,,,,,,0.091,,,,,Microlensing,2014.0,,GasGiant
OGLE-2014-BLG-0124L b,OGLE-2014-BLG-0124L,,3.48,,0.65,,,,,,0.9,,,,,Microlensing,2015.0,,GasGiant
Ross 458 c,Ross 458,,1100.0,,6.0,1.25,,,,,,,,,,Imaging,2010.0,,GasGiant
MOA-2010-BLG-073L b,MOA-2010-BLG-073L,,1.21,,11.0,,,,,,0.16,,,,,Microlensing,2012.0,,GasGiant
MOA-2010-BLG-117L b,MOA-2010-BLG-117L,,2.42,,0.54,,,,,,0.58,,,,,Microlensing,2018.0,,GasGiant
TCP J05074264+2447555 b,TCP J05074264+2447555,,0.5,,0.029,,,,,,0.25,,,,,Microlensing,2018.0,,
OGLE-2016-BLG-0613L AB b,OGLE-2016-BLG-0613L AB,,3.04,,1.17,,,,,,0.63,,,,,Microlensing,2017.0,,GasGiant
OGLE-2016-BLG-0263L b,OGLE-2016-BLG-0263L,,5.4,,4.1,,,,,,0.13,,,,,Microlensing,2017.0,,GasGiant
MOA-2012-BLG-006L b,MOA-2012-BLG-006L,,10.2,,8.4,,,,,,0.49,,,,,Microlensing,2017.0,,GasGiant
OGLE-2016-BLG-1195L b,OGLE-2016-BLG-1195L,,2.15,,0.016,,,,,,0.37,,,,,Microlensing,2017.0,,
MXB 1658-298 b,MXB 1658-298,760.0,1.613,,23.7,,,,,,,,,,,Eclipse Timing Variations,2017.0,,GasGiant
MOA-2012-BLG-505L b,MOA-2012-BLG-505L,,0.9,,0.0211,,,,,,0.1,,,,,Microlensing,2017.0,,
MOA-2016-BLG-227L b,MOA-2016-BLG-227L,,1.39,,2.8,,,,,,0.29,,,,,Microlensing,2017.0,,GasGiant
OGLE-2017-BLG-0173L b,OGLE-2017-BLG-0173L,,3.688,,0.02385,,,,,,0.357,,,,,Microlensing,2018.0,,
OGLE-2017-BLG-1522L b,OGLE-2017-BLG-1522L,,0.59,,0.75,,,,,,0.045,,,,,Microlensing,2018.0,,GasGiant
OGLE-2013-BLG-0132L b,OGLE-2013-BLG-0132L,,3.6,,0.29,,,,,,0.54,,,,,Microlensing,2017.0,,GasGiant
OGLE-2013-BLG-1721L b,OGLE-2013-BLG-1721L,,2.6,,0.64,,,,,,0.46,,,,,Microlensing,2017.0,,GasGiant
UKIRT-2017-BLG-001L b,UKIRT-2017-BLG-001L,,4.18,,1.28,,,,,,0.81,,,,,Microlensing,2018.0,,GasGiant
MOA-2019-BLG-008L b,MOA-2019-BLG-008L,,,,36.0,,,,,,1.1,,,,,Microlensing,2022.0,,GasGiant
OGLE-2015-BLG-1609L b,OGLE-2015-BLG-1609L,,,,0.14,,,,,,0.118,,,,,Microlensing,2025.0,,MiniNeptune
KIC 10001893 b,KIC 10001893,0.2197,,,,,,,,27500.0,,,,,,Orbital Brightness Modulation,2014.0,,
KIC 10001893 c,KIC 10001893,0.32528,,,,,,,,27500.0,,,,,,Orbital Brightness Modulation,2014.0,,
KIC 10001893 d,KIC 10001893,0.81161,,,,,,,,27500.0,,,,,,Orbital Brightness Modulation,2014.0,,
KMT-2021-BLG-0322L b,KMT-2021-BLG-0322L,,,,6.4,,,,,,0.62,,,,,Microlensing,2021.0,,GasGiant
KMT-2024-BLG-1044L b,KMT-2024-BLG-1044L,,,,0.02438423,,,,,,0.069,,,,,Microlensing,2024.0,,
KMT-2019-BLG-1953L b,KMT-2019-BLG-1953L,,,,0.64,,,,,,0.31,,,,,Microlensing,2020.0,,GasGiant
SR 12 AB c,SR 12 AB,,,,13.0,,,,,,,,,,,Imaging,2010.0,,GasGiant
